
  f-act,_/sec |   f-sim,_/sec |   frame,_time |   __cpu,_time |   _gpu_,time_ |   _grnd,ratio |   _flit,ratio |   __lat,__deg |   __lon,__deg |   ___CG,ftMSL |   _gear,ftagl |   terrn,ftMSL |   p-alt,ftMSL |   __lat,orign |   __lon,orign | 
      0.39342 |      19.90000 |       2.54184 |       1.95890 |       0.08835 |       1.00000 |       1.00000 |      36.94466 |      37.49437 |    2318.31445 |      -0.00158 |    2312.01465 |    2318.27588 |      36.50000 |      37.00000 | 
      0.38581 |      19.90000 |       2.59197 |       2.58921 |       0.01257 |       1.00000 |       1.00000 |      36.94466 |      37.49437 |    2318.32104 |       0.00503 |    2312.01465 |    2318.28247 |      36.50000 |      37.00000 | 
      0.43974 |      20.53683 |       2.27406 |       2.27388 |       0.00051 |       1.00000 |       1.00000 |      36.94466 |      37.49437 |    2318.32764 |       0.01164 |    2312.01465 |    2318.28906 |      36.50000 |      37.00000 | 
      0.49831 |      19.90000 |       2.00678 |       2.27388 |       0.00051 |       1.00000 |       1.00000 |      36.94466 |      37.49437 |    2318.33472 |       0.01845 |    2312.01465 |    2318.29614 |      36.50000 |      37.00000 | 
      0.73882 |      40.05287 |       1.35352 |       2.27388 |       0.00051 |       1.00000 |       1.00000 |      36.94466 |      37.49437 |    2318.34619 |       0.03006 |    2312.01465 |    2318.30762 |      36.50000 |      37.00000 | 
      1.09624 |      60.45584 |       0.91221 |       2.27388 |       0.00051 |       1.00000 |       1.00000 |      36.94466 |      37.49437 |    2318.35327 |       0.03747 |    2312.01440 |    2318.31470 |      36.50000 |      37.00000 | 
      1.61962 |      60.03122 |       0.61743 |       2.27388 |       0.00051 |       1.00000 |       1.00000 |      36.94466 |      37.49437 |    2318.36328 |       0.04748 |    2312.01440 |    2318.32471 |      36.50000 |      37.00000 | 
      2.09350 |      39.89309 |       0.47767 |       2.27388 |       0.00051 |       1.00000 |       1.00000 |      36.94466 |      37.49437 |    2318.37085 |       0.05489 |    2312.01440 |    2318.33228 |      36.50000 |      37.00000 | 
      3.07241 |      60.02761 |       0.32548 |       2.27388 |       0.00051 |       1.00000 |       1.00000 |      36.94466 |      37.49437 |    2318.37939 |       0.06350 |    2312.01440 |    2318.34082 |      36.50000 |      37.00000 | 
      4.45763 |      60.33546 |       0.22433 |       2.27388 |       0.00051 |       1.00000 |       1.00000 |      36.94466 |      37.49437 |    2318.38818 |       0.07231 |    2312.01440 |    2318.34961 |      36.50000 |      37.00000 | 
      5.69260 |      60.13952 |       0.17567 |       2.27388 |       0.00051 |       1.00000 |       1.00000 |      36.94466 |      37.49437 |    2318.39258 |       0.07672 |    2312.01440 |    2318.35400 |      36.50000 |      37.00000 | 
      8.06418 |      59.96642 |       0.12401 |       2.27388 |       0.00051 |       1.00000 |       1.00000 |      36.94466 |      37.49437 |    2318.39917 |       0.08333 |    2312.01440 |    2318.36060 |      36.50000 |      37.00000 | 
     11.18685 |      60.37553 |       0.08939 |       2.27388 |       0.00051 |       1.00000 |       1.00000 |      36.94466 |      37.49437 |    2318.40454 |       0.08873 |    2312.01440 |    2318.36597 |      36.50000 |      37.00000 | 
     15.29684 |      59.60541 |       0.06537 |       2.27388 |       0.00051 |       1.00000 |       1.00000 |      36.94466 |      37.49437 |    2318.40820 |       0.09234 |    2312.01440 |    2318.36963 |      36.50000 |      37.00000 | 
     19.95832 |      58.94141 |       0.05010 |       2.27388 |       0.00051 |       1.00000 |       1.00000 |      36.94466 |      37.49437 |    2318.41162 |       0.09574 |    2312.01440 |    2318.37305 |      36.50000 |      37.00000 | 
     25.61481 |      60.04203 |       0.03904 |       2.27388 |       0.00051 |       1.00000 |       1.00000 |      36.94466 |      37.49437 |    2318.41382 |       0.09794 |    2312.01440 |    2318.37524 |      36.50000 |      37.00000 | 
     31.59060 |      60.05285 |       0.03165 |       2.27388 |       0.00051 |       1.00000 |       1.00000 |      36.94466 |      37.49437 |    2318.41553 |       0.09955 |    2312.01440 |    2318.37695 |      36.50000 |      37.00000 | 
     37.40905 |      59.19962 |       0.02673 |       2.27388 |       0.00051 |       1.00000 |       1.00000 |      36.94466 |      37.49437 |    2318.41650 |       0.10075 |    2312.01440 |    2318.37793 |      36.50000 |      37.00000 | 
     42.75513 |      59.83366 |       0.02339 |       2.27388 |       0.00051 |       1.00000 |       1.00000 |      36.94466 |      37.49437 |    2318.41724 |       0.10135 |    2312.01440 |    2318.37866 |      36.50000 |      37.00000 | 
     47.30938 |      60.71645 |       0.02114 |       0.01064 |       0.01937 |       1.00000 |       1.00000 |      36.94466 |      37.49437 |    2318.41772 |       0.10175 |    2312.01440 |    2318.37915 |      36.50000 |      37.00000 | 
     51.51992 |     121.05072 |       0.01941 |       0.01064 |       0.01937 |       1.00000 |       1.00000 |      36.94466 |      37.49437 |    2318.41772 |       0.10195 |    2312.01440 |    2318.37915 |      36.50000 |      37.00000 | 
     51.32577 |      39.46953 |       0.01948 |       0.01064 |       0.01937 |       1.00000 |       1.00000 |      36.94466 |      37.49437 |    2318.41748 |       0.10175 |    2312.01440 |    2318.37891 |      36.50000 |      37.00000 | 
     56.84208 |     125.53352 |       0.01759 |       0.01064 |       0.01937 |       1.00000 |       1.00000 |      36.94466 |      37.49437 |    2318.41724 |       0.10135 |    2312.01440 |    2318.37866 |      36.50000 |      37.00000 | 
     58.31133 |     120.12012 |       0.01715 |       0.01064 |       0.01937 |       1.00000 |       1.00000 |      36.94466 |      37.49437 |    2318.41699 |       0.10115 |    2312.01440 |    2318.37842 |      36.50000 |      37.00000 | 
     55.79305 |      40.01120 |       0.01792 |       0.01064 |       0.01937 |       1.00000 |       1.00000 |      36.94466 |      37.49437 |    2318.41650 |       0.10055 |    2312.01440 |    2318.37793 |      36.50000 |      37.00000 | 
     56.62427 |      39.61494 |       0.01766 |       0.01064 |       0.01937 |       1.00000 |       1.00000 |      36.94466 |      37.49437 |    2318.41602 |       0.10015 |    2312.01440 |    2318.37744 |      36.50000 |      37.00000 | 
     61.75996 |     120.07685 |       0.01619 |       0.01064 |       0.01937 |       1.00000 |       1.00000 |      36.94466 |      37.49437 |    2318.41553 |       0.09955 |    2312.01440 |    2318.37695 |      36.50000 |      37.00000 | 
     61.10131 |      59.65519 |       0.01637 |       0.01064 |       0.01937 |       1.00000 |       1.00000 |      36.94466 |      37.49437 |    2318.41504 |       0.09935 |    2312.01416 |    2318.37646 |      36.50000 |      37.00000 | 
     57.91194 |      59.36127 |       0.01727 |       0.01064 |       0.01937 |       1.00000 |       1.00000 |      36.94466 |      37.49437 |    2318.41455 |       0.09895 |    2312.01416 |    2318.37598 |      36.50000 |      37.00000 | 
     58.02104 |      40.29658 |       0.01724 |       0.01064 |       0.01937 |       1.00000 |       1.00000 |      36.94466 |      37.49437 |    2318.41431 |       0.09875 |    2312.01416 |    2318.37573 |      36.50000 |      37.00000 | 
     62.65550 |     119.77483 |       0.01596 |       0.01064 |       0.01937 |       1.00000 |       1.00000 |      36.94466 |      37.49437 |    2318.41406 |       0.09835 |    2312.01416 |    2318.37549 |      36.50000 |      37.00000 | 
     58.84698 |      59.98080 |       0.01699 |       0.01064 |       0.01937 |       1.00000 |       1.00000 |      36.94466 |      37.49437 |    2318.41382 |       0.09815 |    2312.01416 |    2318.37524 |      36.50000 |      37.00000 | 
     58.70501 |      39.59455 |       0.01703 |       0.01064 |       0.01937 |       1.00000 |       1.00000 |      36.94466 |      37.49437 |    2318.41357 |       0.09794 |    2312.01416 |    2318.37500 |      36.50000 |      37.00000 | 
     60.35728 |      58.06864 |       0.01657 |       0.00459 |       0.01522 |       1.00000 |       1.00000 |      37.02087 |      36.62896 |   17157.10547 |   13241.42285 |    3909.38232 |   17157.45703 |      36.50000 |      37.00000 | 
     60.57775 |      60.95702 |       0.01651 |       0.00459 |       0.01522 |       1.00000 |       1.00000 |      37.02087 |      36.62896 |   17157.06641 |   13241.38281 |    3909.38232 |   17157.41797 |      36.50000 |      37.00000 | 
     51.23256 |      38.67275 |       0.01952 |       0.00459 |       0.01522 |       1.00000 |       1.00000 |      37.02087 |      36.62896 |   17156.90039 |   13241.21777 |    3909.38232 |   17157.25391 |      36.50000 |      37.00000 | 
     54.30347 |      89.46944 |       0.01842 |       0.00459 |       0.01522 |       1.00000 |       1.00000 |      37.02087 |      36.62896 |   17156.68359 |   13241.00098 |    3909.38232 |   17157.03516 |      36.50000 |      37.00000 | 
     56.03212 |      59.69437 |       0.01785 |       0.00459 |       0.01522 |       1.00000 |       1.00000 |      37.02087 |      36.62896 |   17156.38281 |   13240.70020 |    3909.38232 |   17156.73633 |      36.50000 |      37.00000 | 
     53.85340 |      40.35838 |       0.01857 |       0.00459 |       0.01522 |       1.00000 |       1.00000 |      37.02087 |      36.62896 |   17156.07422 |   13240.39062 |    3909.38232 |   17156.42578 |      36.50000 |      37.00000 | 
     55.68863 |      59.74786 |       0.01796 |       0.00459 |       0.01522 |       1.00000 |       1.00000 |      37.02087 |      36.62896 |   17155.62891 |   13239.94434 |    3909.38232 |   17155.98047 |      36.50000 |      37.00000 | 
     53.87098 |      40.24145 |       0.01856 |       0.00459 |       0.01522 |       1.00000 |       1.00000 |      37.02087 |      36.62896 |   17155.00781 |   13239.31738 |    3909.38818 |   17155.35938 |      36.50000 |      37.00000 | 
     55.75734 |      59.66943 |       0.01793 |       0.00587 |       0.01697 |       1.00000 |       1.00000 |      37.02087 |      36.62896 |   17154.39258 |   13238.70215 |    3909.38818 |   17154.74414 |      36.50000 |      37.00000 | 
     54.62666 |      61.23699 |       0.01831 |       0.00587 |       0.01697 |       1.00000 |       1.00000 |      37.02087 |      36.62896 |   17153.57422 |   13237.88379 |    3909.38818 |   17153.92578 |      36.50000 |      37.00000 | 
     53.77570 |      59.69793 |       0.01860 |       0.00587 |       0.01697 |       1.00000 |       1.00000 |      37.02087 |      36.62896 |   17152.64453 |   13236.95117 |    3909.39062 |   17152.99609 |      36.50000 |      37.00000 | 
     51.92621 |      38.75969 |       0.01926 |       0.00587 |       0.01697 |       1.00000 |       1.00000 |      37.02087 |      36.62896 |   17151.90820 |   13236.21582 |    3909.39062 |   17152.25977 |      36.50000 |      37.00000 | 
     53.90115 |      60.84205 |       0.01855 |       0.00587 |       0.01697 |       1.00000 |       1.00000 |      37.02087 |      36.62896 |   17151.30664 |   13235.61426 |    3909.39062 |   17151.65820 |      36.50000 |      37.00000 | 
     53.39391 |      60.22282 |       0.01873 |       0.00587 |       0.01697 |       1.00000 |       1.00000 |      37.02087 |      36.62896 |   17150.14258 |   13234.44629 |    3909.39624 |   17150.49414 |      36.50000 |      37.00000 | 
     53.02237 |      60.37189 |       0.01886 |       0.00587 |       0.01697 |       1.00000 |       1.00000 |      37.02087 |      36.62896 |   17148.87500 |   13233.17383 |    3909.39917 |   17149.22656 |      36.50000 |      37.00000 | 
     55.15575 |      60.10699 |       0.01813 |       0.00587 |       0.01697 |       1.00000 |       1.00000 |      37.02087 |      36.62896 |   17147.71289 |   13232.01074 |    3909.39917 |   17148.06445 |      36.50000 |      37.00000 | 
     56.76380 |      60.89022 |       0.01762 |       0.00587 |       0.01697 |       1.00000 |       1.00000 |      37.02087 |      36.62896 |   17146.48242 |   13230.77734 |    3909.40479 |   17146.83398 |      36.50000 |      37.00000 | 
     54.18879 |      41.28478 |       0.01845 |       0.00587 |       0.01697 |       1.00000 |       1.00000 |      37.02087 |      36.62896 |   17145.38867 |   13229.68066 |    3909.40723 |   17145.74023 |      36.50000 |      37.00000 | 
     55.94882 |      60.24822 |       0.01787 |       0.00587 |       0.01697 |       1.00000 |       1.00000 |      37.02087 |      36.62896 |   17144.01758 |   13228.30371 |    3909.41309 |   17144.36914 |      36.50000 |      37.00000 | 
     57.25161 |      59.71219 |       0.01747 |       0.00587 |       0.01697 |       1.00000 |       1.00000 |      37.02087 |      36.62896 |   17142.58203 |   13226.86523 |    3909.41553 |   17142.93359 |      36.50000 |      37.00000 | 
     58.16571 |      59.88024 |       0.01719 |       0.00587 |       0.01697 |       1.00000 |       1.00000 |      37.02087 |      36.62896 |   17141.07812 |   13225.35449 |    3909.42163 |   17141.42969 |      36.50000 |      37.00000 | 
     59.29240 |     127.66501 |       0.01687 |       0.00587 |       0.01697 |       1.00000 |       1.00000 |      37.02087 |      36.62896 |   17139.50781 |   13223.78027 |    3909.42725 |   17139.85938 |      36.50000 |      37.00000 | 
     56.66965 |      58.63727 |       0.01765 |       0.00587 |       0.01697 |       1.00000 |       1.00000 |      37.02087 |      36.62896 |   17137.57227 |   13221.83789 |    3909.43237 |   17137.92383 |      36.50000 |      37.00000 | 
     57.81117 |      60.54735 |       0.01730 |       0.00587 |       0.01697 |       1.00000 |       1.00000 |      37.02087 |      36.62896 |   17135.85938 |   13220.11914 |    3909.43799 |   17136.21094 |      36.50000 |      37.00000 | 
     58.54217 |      60.62076 |       0.01708 |       0.00587 |       0.01697 |       1.00000 |       1.00000 |      37.02087 |      36.62896 |   17134.07617 |   13218.32910 |    3909.44629 |   17134.42773 |      36.50000 |      37.00000 | 
     58.56278 |      56.12617 |       0.01708 |       0.00587 |       0.01697 |       1.00000 |       1.00000 |      37.02087 |      36.62896 |   17132.18750 |   13216.43555 |    3909.45190 |   17132.54102 |      36.50000 |      37.00000 | 
     55.32996 |      49.71661 |       0.01807 |       0.00587 |       0.01697 |       1.00000 |       1.00000 |      37.02087 |      36.62896 |   17129.85352 |   13214.08887 |    3909.46289 |   17130.20508 |      36.50000 |      37.00000 | 
     57.87467 |      60.00600 |       0.01728 |       0.00600 |       0.01651 |       1.00000 |       1.00000 |      37.02087 |      36.62896 |   17128.00195 |   13212.23340 |    3909.46875 |   17128.35352 |      36.50000 |      37.00000 | 
     58.59040 |      60.24822 |       0.01707 |       0.00600 |       0.01651 |       1.00000 |       1.00000 |      37.02087 |      36.62896 |   17125.95898 |   13210.17676 |    3909.48047 |   17126.31055 |      36.50000 |      37.00000 | 
     59.19664 |      60.90134 |       0.01689 |       0.00600 |       0.01651 |       1.00000 |       1.00000 |      37.02087 |      36.62896 |   17123.87109 |   13208.08105 |    3909.48877 |   17124.22266 |      36.50000 |      37.00000 | 
     56.62143 |      59.95204 |       0.01766 |       0.00600 |       0.01651 |       1.00000 |       1.00000 |      37.02087 |      36.62896 |   17121.32227 |   13205.52441 |    3909.49731 |   17121.67383 |      36.50000 |      37.00000 | 
     57.72479 |      61.59153 |       0.01732 |       0.00600 |       0.01651 |       1.00000 |       1.00000 |      37.02087 |      36.62896 |   17119.09375 |   13203.28613 |    3909.50513 |   17119.44531 |      36.50000 |      37.00000 | 
     58.62473 |      61.13591 |       0.01706 |       0.00600 |       0.01651 |       1.00000 |       1.00000 |      37.02087 |      36.62896 |   17116.83008 |   13201.01562 |    3909.51367 |   17117.18359 |      36.50000 |      37.00000 | 
     58.92081 |      60.24096 |       0.01697 |       0.00600 |       0.01651 |       1.00000 |       1.00000 |      37.02087 |      36.62896 |   17115.27734 |   13199.45605 |    3909.51978 |   17115.62891 |      36.50000 |      37.00000 | 
     56.13673 |      39.55696 |       0.01781 |       0.00600 |       0.01651 |       1.00000 |       1.00000 |      37.02087 |      36.62896 |   17112.49805 |   13196.66797 |    3909.52759 |   17112.84961 |      36.50000 |      37.00000 | 
     51.69304 |      31.23048 |       0.01934 |       0.00600 |       0.01651 |       1.00000 |       1.00000 |      37.02087 |      36.62896 |   17109.31055 |   13193.47266 |    3909.53613 |   17109.66211 |      36.50000 |      37.00000 | 
     59.44138 |      60.99421 |       0.01682 |       0.00600 |       0.01651 |       1.00000 |       1.00000 |      37.02087 |      36.62896 |   17106.75391 |   13190.90820 |    3909.54443 |   17107.10742 |      36.50000 |      37.00000 | 
     59.61575 |      60.52536 |       0.01677 |       0.00600 |       0.01651 |       1.00000 |       1.00000 |      37.02087 |      36.62896 |   17104.19922 |   13188.34961 |    3909.54688 |   17104.55078 |      36.50000 |      37.00000 | 
     59.72736 |      59.67655 |       0.01674 |       0.00600 |       0.01651 |       1.00000 |       1.00000 |      37.02087 |      36.62896 |   17101.59375 |   13185.74414 |    3909.54932 |   17101.94727 |      36.50000 |      37.00000 | 
     59.82441 |      59.99880 |       0.01672 |       0.00600 |       0.01651 |       1.00000 |       1.00000 |      37.02087 |      36.62896 |   17099.83789 |   13183.98633 |    3909.54932 |   17100.18945 |      36.50000 |      37.00000 | 
     57.06290 |      59.52735 |       0.01752 |       0.00600 |       0.01651 |       1.00000 |       1.00000 |      37.02088 |      36.62896 |   17096.68945 |   13180.84180 |    3909.54614 |   17097.04102 |      36.50000 |      37.00000 | 
     57.94788 |      59.68368 |       0.01726 |       0.00600 |       0.01651 |       1.00000 |       1.00000 |      37.02088 |      36.62896 |   17093.94531 |   13178.10352 |    3909.54004 |   17094.29688 |      36.50000 |      37.00000 | 
     58.57858 |      61.27451 |       0.01707 |       0.00600 |       0.01651 |       1.00000 |       1.00000 |      37.02088 |      36.62896 |   17091.15430 |   13175.32227 |    3909.53076 |   17091.50586 |      36.50000 |      37.00000 | 
     59.16020 |      62.08095 |       0.01690 |       0.00600 |       0.01651 |       1.00000 |       1.00000 |      37.02088 |      36.62896 |   17088.33789 |   13172.51562 |    3909.52173 |   17088.68945 |      36.50000 |      37.00000 | 
     56.61997 |      58.49321 |       0.01766 |       0.00600 |       0.01651 |       1.00000 |       1.00000 |      37.02088 |      36.62896 |   17084.95508 |   13169.14941 |    3909.50415 |   17085.30664 |      36.50000 |      37.00000 | 
     54.41872 |      39.37163 |       0.01838 |       0.00600 |       0.01651 |       1.00000 |       1.00000 |      37.02088 |      36.62896 |   17081.52344 |   13165.74023 |    3909.48071 |   17081.87500 |      36.50000 |      37.00000 | 
     56.25417 |      60.28454 |       0.01778 |       0.00600 |       0.01651 |       1.00000 |       1.00000 |      37.02088 |      36.62896 |   17078.54688 |   13162.79004 |    3909.45752 |   17078.90039 |      36.50000 |      37.00000 | 
     54.18382 |      39.97601 |       0.01846 |       0.00633 |       0.01652 |       1.00000 |       1.00000 |      37.02088 |      36.62896 |   17074.98438 |   13159.25879 |    3909.42480 |   17075.33789 |      36.50000 |      37.00000 | 
     56.01309 |      60.65385 |       0.01785 |       0.00633 |       0.01652 |       1.00000 |       1.00000 |      37.02088 |      36.62896 |   17071.88672 |   13156.19141 |    3909.39307 |   17072.23828 |      36.50000 |      37.00000 | 
     53.66784 |      39.72353 |       0.01863 |       0.00633 |       0.01652 |       1.00000 |       1.00000 |      37.02088 |      36.62896 |   17069.25195 |   13153.59082 |    3909.35791 |   17069.60352 |      36.50000 |      37.00000 | 
     55.67839 |      60.55835 |       0.01796 |       0.00633 |       0.01652 |       1.00000 |       1.00000 |      37.02088 |      36.62896 |   17066.06445 |   13150.44629 |    3909.31689 |   17066.41602 |      36.50000 |      37.00000 | 
     60.22581 |      60.62811 |       0.01660 |       0.00633 |       0.01652 |       1.00000 |       1.00000 |      37.02088 |      36.62896 |   17062.27344 |   13146.71484 |    3909.25610 |   17062.62500 |      36.50000 |      37.00000 | 
     60.00874 |      59.63741 |       0.01666 |       0.00633 |       0.01652 |       1.00000 |       1.00000 |      37.02088 |      36.62896 |   17058.92383 |   13143.42188 |    3909.20117 |   17059.27539 |      36.50000 |      37.00000 | 
     60.06664 |      61.03888 |       0.01665 |       0.00633 |       0.01652 |       1.00000 |       1.00000 |      37.02088 |      36.62896 |   17055.54102 |   13140.09961 |    3909.14038 |   17055.89258 |      36.50000 |      37.00000 | 
     63.04996 |      60.08171 |       0.01586 |       0.00633 |       0.01652 |       1.00000 |       1.00000 |      37.02088 |      36.62896 |   17051.50000 |   13136.13574 |    3909.06201 |   17051.85156 |      36.50000 |      37.00000 | 
     61.90723 |      59.72645 |       0.01615 |       0.00633 |       0.01652 |       1.00000 |       1.00000 |      37.02088 |      36.62896 |   17047.93945 |   13132.64844 |    3908.98950 |   17048.29102 |      36.50000 |      37.00000 | 
     65.45138 |     122.68433 |       0.01528 |       0.00633 |       0.01652 |       1.00000 |       1.00000 |      37.02088 |      36.62896 |   17043.74414 |   13128.54883 |    3908.89331 |   17044.09570 |      36.50000 |      37.00000 | 
     63.49293 |      59.30143 |       0.01575 |       0.00633 |       0.01652 |       1.00000 |       1.00000 |      37.02088 |      36.62896 |   17040.03516 |   13124.93066 |    3908.80322 |   17040.38672 |      36.50000 |      37.00000 | 
     62.39794 |      61.46281 |       0.01603 |       0.00633 |       0.01652 |       1.00000 |       1.00000 |      37.02088 |      36.62896 |   17036.27539 |   13121.27344 |    3908.69897 |   17036.62695 |      36.50000 |      37.00000 | 
     65.64669 |     123.48728 |       0.01523 |       0.00633 |       0.01652 |       1.00000 |       1.00000 |      37.02089 |      36.62895 |   17031.77734 |   13116.89844 |    3908.57690 |   17032.12891 |      36.50000 |      37.00000 | 
     63.61325 |      59.53799 |       0.01572 |       0.00633 |       0.01652 |       1.00000 |       1.00000 |      37.02089 |      36.62895 |   17027.81836 |   13113.04883 |    3908.46680 |   17028.16992 |      36.50000 |      37.00000 | 
     65.74685 |      59.57346 |       0.01521 |       0.00633 |       0.01652 |       1.00000 |       1.00000 |      37.02089 |      36.62895 |   17023.10938 |   13108.47461 |    3908.33350 |   17023.46094 |      36.50000 |      37.00000 | 
     63.75632 |      61.27451 |       0.01568 |       0.00633 |       0.01652 |       1.00000 |       1.00000 |      37.02089 |      36.62895 |   17018.99414 |   13104.46875 |    3908.22314 |   17019.34570 |      36.50000 |      37.00000 | 
     66.14194 |      58.96574 |       0.01512 |       0.00633 |       0.01652 |       1.00000 |       1.00000 |      37.02089 |      36.62895 |   17015.49219 |   13101.05859 |    3908.13306 |   17015.84375 |      36.50000 |      37.00000 | 
     68.09284 |     118.80717 |       0.01469 |       0.00633 |       0.01652 |       1.00000 |       1.00000 |      37.02089 |      36.62895 |   17010.54102 |   13096.22266 |    3908.01709 |   17010.89258 |      36.50000 |      37.00000 | 
     65.11314 |      59.65519 |       0.01536 |       0.00633 |       0.01652 |       1.00000 |       1.00000 |      37.02089 |      36.62895 |   17006.17188 |   13091.94922 |    3907.92139 |   17006.52344 |      36.50000 |      37.00000 | 
     67.04000 |      58.50348 |       0.01492 |       0.00633 |       0.01652 |       1.00000 |       1.00000 |      37.02089 |      36.62895 |   17002.45703 |   13088.30762 |    3907.84839 |   17002.81055 |      36.50000 |      37.00000 | 
     68.69785 |     120.58363 |       0.01456 |       0.00503 |       0.01415 |       1.00000 |       1.00000 |      37.02089 |      36.62895 |   16997.24023 |   13083.17676 |    3907.76440 |   16997.59375 |      36.50000 |      37.00000 | 
     69.47442 |     119.17531 |       0.01439 |       0.00503 |       0.01415 |       1.00000 |       1.00000 |      37.02089 |      36.62895 |   16991.86914 |   13077.87207 |    3907.69653 |   16992.22266 |      36.50000 |      37.00000 | 
     70.03616 |     119.99040 |       0.01428 |       0.00503 |       0.01415 |       1.00000 |       1.00000 |      37.02089 |      36.62894 |   16986.41211 |   13072.46094 |    3907.64966 |   16986.76562 |      36.50000 |      37.00000 | 
     66.37949 |      60.59137 |       0.01506 |       0.00503 |       0.01415 |       1.00000 |       1.00000 |      37.02089 |      36.62894 |   16981.64453 |   13067.71484 |    3907.62891 |   16981.99805 |      36.50000 |      37.00000 | 
     68.09677 |      59.77286 |       0.01468 |       0.00503 |       0.01415 |       1.00000 |       1.00000 |      37.02089 |      36.62894 |   16977.61719 |   13063.69434 |    3907.62207 |   16977.97070 |      36.50000 |      37.00000 | 
     61.97829 |      59.55926 |       0.01613 |       0.00503 |       0.01415 |       1.00000 |       1.00000 |      37.02089 |      36.62894 |   16971.89648 |   13057.95801 |    3907.63623 |   16972.25000 |      36.50000 |      37.00000 | 
     61.27350 |      60.44122 |       0.01632 |       0.00503 |       0.01415 |       1.00000 |       1.00000 |      37.02089 |      36.62894 |   16966.90039 |   13052.93555 |    3907.66382 |   16967.25391 |      36.50000 |      37.00000 | 
     64.43051 |      59.46010 |       0.01552 |       0.00503 |       0.01415 |       1.00000 |       1.00000 |      37.02089 |      36.62894 |   16962.69922 |   13048.69336 |    3907.70386 |   16963.05273 |      36.50000 |      37.00000 | 
     66.35332 |      59.96282 |       0.01507 |       0.00503 |       0.01415 |       1.00000 |       1.00000 |      37.02089 |      36.62894 |   16956.74023 |   13042.66113 |    3907.77783 |   16957.09375 |      36.50000 |      37.00000 | 
     67.49780 |      59.74786 |       0.01482 |       0.00503 |       0.01415 |       1.00000 |       1.00000 |      37.02089 |      36.62895 |   16950.67383 |   13036.50098 |    3907.87207 |   16951.02539 |      36.50000 |      37.00000 | 
     68.72892 |     119.28904 |       0.01455 |       0.00503 |       0.01415 |       1.00000 |       1.00000 |      37.02089 |      36.62895 |   16944.49805 |   13030.20215 |    3907.99536 |   16944.84961 |      36.50000 |      37.00000 | 
     69.62741 |     122.66928 |       0.01436 |       0.00503 |       0.01415 |       1.00000 |       1.00000 |      37.02089 |      36.62895 |   16938.25195 |   13023.80957 |    3908.14111 |   16938.60352 |      36.50000 |      37.00000 | 
     66.06831 |      60.39012 |       0.01514 |       0.00503 |       0.01415 |       1.00000 |       1.00000 |      37.02089 |      36.62895 |   16932.80273 |   13018.20996 |    3908.29053 |   16933.15430 |      36.50000 |      37.00000 | 
     67.85555 |      60.39377 |       0.01474 |       0.00503 |       0.01415 |       1.00000 |       1.00000 |      37.02089 |      36.62895 |   16928.21680 |   13013.48828 |    3908.42798 |   16928.56836 |      36.50000 |      37.00000 | 
     65.21035 |      60.41201 |       0.01533 |       0.00503 |       0.01415 |       1.00000 |       1.00000 |      37.02089 |      36.62895 |   16922.70312 |   13007.79199 |    3908.60889 |   16923.05469 |      36.50000 |      37.00000 | 
     66.68950 |      59.58055 |       0.01499 |       0.00503 |       0.01415 |       1.00000 |       1.00000 |      37.02089 |      36.62895 |   16916.12109 |   13000.97461 |    3908.84473 |   16916.47266 |      36.50000 |      37.00000 | 
     64.45699 |      60.58403 |       0.01551 |       0.00503 |       0.01415 |       1.00000 |       1.00000 |      37.02088 |      36.62896 |   16910.45312 |   12995.08691 |    3909.06299 |   16910.80469 |      36.50000 |      37.00000 | 
     63.40526 |     123.53304 |       0.01577 |       0.00503 |       0.01415 |       1.00000 |       1.00000 |      37.02088 |      36.62896 |   16904.67188 |   12989.07715 |    3909.29590 |   16905.02344 |      36.50000 |      37.00000 | 
     62.09466 |      59.50964 |       0.01610 |       0.00503 |       0.01415 |       1.00000 |       1.00000 |      37.02088 |      36.62896 |   16898.79492 |   12982.94922 |    3909.54321 |   16899.14648 |      36.50000 |      37.00000 | 
     61.37343 |      59.93048 |       0.01629 |       0.00560 |       0.01502 |       1.00000 |       1.00000 |      37.02088 |      36.62896 |   16892.88672 |   12976.78027 |    3909.80518 |   16893.23828 |      36.50000 |      37.00000 | 
     60.93878 |      59.93048 |       0.01641 |       0.00560 |       0.01502 |       1.00000 |       1.00000 |      37.02088 |      36.62896 |   16886.91797 |   12970.54492 |    3910.07275 |   16887.26953 |      36.50000 |      37.00000 | 
     60.77203 |      60.49607 |       0.01645 |       0.00560 |       0.01502 |       1.00000 |       1.00000 |      37.02087 |      36.62896 |   16880.91406 |   12964.26270 |    3910.34863 |   16881.26562 |      36.50000 |      37.00000 | 
     64.00188 |      60.16123 |       0.01562 |       0.00560 |       0.01502 |       1.00000 |       1.00000 |      37.02087 |      36.62896 |   16875.80469 |   12958.91797 |    3910.58447 |   16876.15625 |      36.50000 |      37.00000 | 
     65.98125 |      60.90505 |       0.01516 |       0.00560 |       0.01502 |       1.00000 |       1.00000 |      37.02087 |      36.62897 |   16868.56445 |   12951.34082 |    3910.92139 |   16868.91602 |      36.50000 |      37.00000 | 
     67.23517 |      58.86855 |       0.01487 |       0.00560 |       0.01502 |       1.00000 |       1.00000 |      37.02087 |      36.62897 |   16861.24805 |   12943.68848 |    3911.25854 |   16861.59961 |      36.50000 |      37.00000 | 
     68.02174 |      59.48840 |       0.01470 |       0.00560 |       0.01502 |       1.00000 |       1.00000 |      37.02087 |      36.62897 |   16853.83398 |   12935.93652 |    3911.59546 |   16854.18555 |      36.50000 |      37.00000 | 
     68.51935 |      59.46717 |       0.01459 |       0.00560 |       0.01502 |       1.00000 |       1.00000 |      37.02087 |      36.62897 |   16846.31836 |   12928.09082 |    3911.92627 |   16846.66992 |      36.50000 |      37.00000 | 
     69.47125 |     121.96609 |       0.01439 |       0.00560 |       0.01502 |       1.00000 |       1.00000 |      37.02086 |      36.62897 |   16838.69922 |   12920.14746 |    3912.25146 |   16839.05078 |      36.50000 |      37.00000 | 
     70.01783 |     121.71373 |       0.01428 |       0.00560 |       0.01502 |       1.00000 |       1.00000 |      37.02086 |      36.62897 |   16830.96094 |   12912.09570 |    3912.56494 |   16831.31250 |      36.50000 |      37.00000 | 
     66.17897 |      59.96282 |       0.01511 |       0.00560 |       0.01502 |       1.00000 |       1.00000 |      37.02086 |      36.62898 |   16824.19531 |   12905.06934 |    3912.82422 |   16824.54688 |      36.50000 |      37.00000 | 
     67.34900 |      59.03188 |       0.01485 |       0.00560 |       0.01502 |       1.00000 |       1.00000 |      37.02086 |      36.62898 |   16816.26758 |   12896.85449 |    3913.11157 |   16816.61719 |      36.50000 |      37.00000 | 
     68.09268 |      59.32957 |       0.01469 |       0.00560 |       0.01502 |       1.00000 |       1.00000 |      37.02085 |      36.62898 |   16808.23828 |   12888.55566 |    3913.38208 |   16808.58984 |      36.50000 |      37.00000 | 
     68.63804 |      60.09254 |       0.01457 |       0.00560 |       0.01502 |       1.00000 |       1.00000 |      37.02085 |      36.62898 |   16800.12109 |   12880.18945 |    3913.62964 |   16800.47266 |      36.50000 |      37.00000 | 
     69.48396 |     119.81788 |       0.01439 |       0.00560 |       0.01502 |       1.00000 |       1.00000 |      37.02085 |      36.62899 |   16791.86328 |   12871.70312 |    3913.85889 |   16792.21484 |      36.50000 |      37.00000 | 
     65.92612 |      59.91612 |       0.01517 |       0.00560 |       0.01502 |       1.00000 |       1.00000 |      37.02085 |      36.62899 |   16784.67578 |   12864.33789 |    3914.03760 |   16785.02734 |      36.50000 |      37.00000 | 
     66.77192 |      59.99880 |       0.01498 |       0.00560 |       0.01502 |       1.00000 |       1.00000 |      37.02085 |      36.62899 |   16776.25586 |   12855.72363 |    3914.22974 |   16776.60742 |      36.50000 |      37.00000 | 
     67.72741 |      60.12144 |       0.01477 |       0.00560 |       0.01502 |       1.00000 |       1.00000 |      37.02085 |      36.62899 |   16767.70508 |   12847.01074 |    3914.39331 |   16768.05664 |      36.50000 |      37.00000 | 
     69.00479 |     120.97750 |       0.01449 |       0.00529 |       0.01441 |       1.00000 |       1.00000 |      37.02085 |      36.62899 |   16759.07422 |   12838.23828 |    3914.53418 |   16759.42578 |      36.50000 |      37.00000 | 
     65.68403 |      59.90894 |       0.01522 |       0.00529 |       0.01441 |       1.00000 |       1.00000 |      37.02085 |      36.62899 |   16751.55664 |   12830.61719 |    3914.63745 |   16751.90820 |      36.50000 |      37.00000 | 
     67.66095 |      60.06006 |       0.01478 |       0.00529 |       0.01441 |       1.00000 |       1.00000 |      37.02085 |      36.62899 |   16745.27148 |   12824.25781 |    3914.71167 |   16745.62109 |      36.50000 |      37.00000 | 
     68.86436 |     120.38040 |       0.01452 |       0.00529 |       0.01441 |       1.00000 |       1.00000 |      37.02085 |      36.62899 |   16736.34961 |   12815.25586 |    3914.79175 |   16736.70117 |      36.50000 |      37.00000 | 
     65.52295 |      60.20107 |       0.01526 |       0.00529 |       0.01441 |       1.00000 |       1.00000 |      37.02085 |      36.62899 |   16728.59375 |   12807.44629 |    3914.84570 |   16728.94531 |      36.50000 |      37.00000 | 
     66.54204 |      59.47071 |       0.01503 |       0.00529 |       0.01441 |       1.00000 |       1.00000 |      37.02085 |      36.62899 |   16719.54297 |   12798.35352 |    3914.88818 |   16719.89453 |      36.50000 |      37.00000 | 
     67.76875 |      60.47778 |       0.01476 |       0.00529 |       0.01441 |       1.00000 |       1.00000 |      37.02085 |      36.62899 |   16710.40625 |   12789.19824 |    3914.90747 |   16710.75781 |      36.50000 |      37.00000 | 
     64.89670 |      60.89763 |       0.01541 |       0.00529 |       0.01441 |       1.00000 |       1.00000 |      37.02085 |      36.62899 |   16702.41016 |   12781.19824 |    3914.90991 |   16702.76172 |      36.50000 |      37.00000 | 
     66.13142 |      60.28091 |       0.01512 |       0.00529 |       0.01441 |       1.00000 |       1.00000 |      37.02085 |      36.62899 |   16693.06055 |   12771.86719 |    3914.89233 |   16693.41211 |      36.50000 |      37.00000 | 
     67.90046 |      59.71575 |       0.01473 |       0.00529 |       0.01441 |       1.00000 |       1.00000 |      37.02085 |      36.62899 |   16686.30078 |   12765.12695 |    3914.87134 |   16686.65234 |      36.50000 |      37.00000 | 
     64.97233 |      58.85469 |       0.01539 |       0.00529 |       0.01441 |       1.00000 |       1.00000 |      37.02085 |      36.62899 |   16678.10742 |   12756.97656 |    3914.83057 |   16678.45898 |      36.50000 |      37.00000 | 
     67.19058 |      60.28091 |       0.01488 |       0.00529 |       0.01441 |       1.00000 |       1.00000 |      37.02085 |      36.62899 |   16671.28125 |   12750.19727 |    3914.78369 |   16671.63281 |      36.50000 |      37.00000 | 
     68.67294 |     119.80352 |       0.01456 |       0.00529 |       0.01441 |       1.00000 |       1.00000 |      37.02085 |      36.62899 |   16661.62500 |   12740.61523 |    3914.70850 |   16661.97656 |      36.50000 |      37.00000 | 
     65.44237 |      59.61963 |       0.01528 |       0.00529 |       0.01441 |       1.00000 |       1.00000 |      37.02085 |      36.62899 |   16653.21484 |   12732.28711 |    3914.62671 |   16653.56641 |      36.50000 |      37.00000 | 
     67.04206 |      60.11060 |       0.01492 |       0.00529 |       0.01441 |       1.00000 |       1.00000 |      37.02085 |      36.62899 |   16643.40430 |   12722.58105 |    3914.52271 |   16643.75586 |      36.50000 |      37.00000 | 
     64.48545 |      61.22949 |       0.01551 |       0.00529 |       0.01441 |       1.00000 |       1.00000 |      37.02085 |      36.62899 |   16634.84570 |   12714.12988 |    3914.41577 |   16635.19727 |      36.50000 |      37.00000 | 
     66.98386 |     120.87514 |       0.01493 |       0.00529 |       0.01441 |       1.00000 |       1.00000 |      37.02085 |      36.62899 |   16624.84961 |   12704.27148 |    3914.27637 |   16625.20117 |      36.50000 |      37.00000 | 
     60.98662 |      39.87082 |       0.01640 |       0.00529 |       0.01441 |       1.00000 |       1.00000 |      37.02085 |      36.62898 |   16617.59961 |   12697.13281 |    3914.16626 |   16617.95117 |      36.50000 |      37.00000 | 
     60.59328 |      59.08768 |       0.01650 |       0.00529 |       0.01441 |       1.00000 |       1.00000 |      37.02085 |      36.62898 |   16608.85547 |   12688.52539 |    3914.02808 |   16609.20508 |      36.50000 |      37.00000 | 
     60.42115 |      59.49902 |       0.01655 |       0.00529 |       0.01441 |       1.00000 |       1.00000 |      37.02086 |      36.62898 |   16600.08398 |   12679.90918 |    3913.87427 |   16600.43555 |      36.50000 |      37.00000 | 
     63.36640 |      59.86590 |       0.01578 |       0.00529 |       0.01452 |       1.00000 |       1.00000 |      37.02086 |      36.62898 |   16592.72461 |   12672.68457 |    3913.73853 |   16593.07617 |      36.50000 |      37.00000 | 
     58.63332 |      40.02562 |       0.01706 |       0.00529 |       0.01452 |       1.00000 |       1.00000 |      37.02086 |      36.62898 |   16585.25781 |   12665.36621 |    3913.59058 |   16585.60938 |      36.50000 |      37.00000 | 
     63.21992 |     121.66930 |       0.01582 |       0.00529 |       0.01452 |       1.00000 |       1.00000 |      37.02086 |      36.62898 |   16574.84180 |   12655.16895 |    3913.37158 |   16575.19336 |      36.50000 |      37.00000 | 
     62.00694 |      59.76215 |       0.01613 |       0.00529 |       0.01452 |       1.00000 |       1.00000 |      37.02086 |      36.62897 |   16565.74023 |   12646.26855 |    3913.16846 |   16566.09180 |      36.50000 |      37.00000 | 
     64.74342 |      59.47425 |       0.01545 |       0.00529 |       0.01452 |       1.00000 |       1.00000 |      37.02087 |      36.62897 |   16555.10156 |   12635.88672 |    3912.91431 |   16555.45312 |      36.50000 |      37.00000 | 
     67.22334 |     121.38869 |       0.01488 |       0.00529 |       0.01452 |       1.00000 |       1.00000 |      37.02087 |      36.62897 |   16544.42383 |   12625.47754 |    3912.64600 |   16544.77539 |      36.50000 |      37.00000 | 
     64.52457 |      59.31198 |       0.01550 |       0.00529 |       0.01452 |       1.00000 |       1.00000 |      37.02087 |      36.62897 |   16535.10742 |   12616.40820 |    3912.39722 |   16535.45703 |      36.50000 |      37.00000 | 
     66.75858 |      59.23469 |       0.01498 |       0.00529 |       0.01452 |       1.00000 |       1.00000 |      37.02087 |      36.62897 |   16527.33203 |   12608.85645 |    3912.17456 |   16527.68359 |      36.50000 |      37.00000 | 
     64.43713 |      61.05006 |       0.01552 |       0.00529 |       0.01452 |       1.00000 |       1.00000 |      37.02087 |      36.62897 |   16517.97266 |   12599.77148 |    3911.90015 |   16518.32422 |      36.50000 |      37.00000 | 
     66.63828 |      58.59604 |       0.01501 |       0.00529 |       0.01452 |       1.00000 |       1.00000 |      37.02087 |      36.62896 |   16510.08203 |   12592.12500 |    3911.65747 |   16510.43359 |      36.50000 |      37.00000 | 
     68.34819 |     119.60292 |       0.01463 |       0.00529 |       0.01452 |       1.00000 |       1.00000 |      37.02088 |      36.62896 |   16499.03320 |   12581.42871 |    3911.30225 |   16499.38477 |      36.50000 |      37.00000 | 
     65.17015 |      59.70862 |       0.01534 |       0.00529 |       0.01452 |       1.00000 |       1.00000 |      37.02088 |      36.62896 |   16489.39648 |   12572.12305 |    3910.97266 |   16489.74805 |      36.50000 |      37.00000 | 
     67.44758 |      59.99880 |       0.01483 |       0.00529 |       0.01452 |       1.00000 |       1.00000 |      37.02088 |      36.62896 |   16481.46094 |   12564.46582 |    3910.69238 |   16481.81055 |      36.50000 |      37.00000 | 
     64.69241 |      59.75143 |       0.01546 |       0.00529 |       0.01452 |       1.00000 |       1.00000 |      37.02089 |      36.62895 |   16471.73438 |   12555.10059 |    3910.33154 |   16472.08594 |      36.50000 |      37.00000 | 
     66.87931 |      58.93099 |       0.01495 |       0.00529 |       0.01452 |       1.00000 |       1.00000 |      37.02089 |      36.62895 |   16463.62109 |   12547.29785 |    3910.02271 |   16463.97266 |      36.50000 |      37.00000 | 
     64.54332 |      61.45148 |       0.01549 |       0.00529 |       0.01452 |       1.00000 |       1.00000 |      37.02089 |      36.62895 |   16453.86523 |   12537.93262 |    3909.63208 |   16454.21680 |      36.50000 |      37.00000 | 
     66.59793 |      58.40098 |       0.01502 |       0.00529 |       0.01452 |       1.00000 |       1.00000 |      37.02089 |      36.62894 |   16445.59180 |   12529.99512 |    3909.29468 |   16445.94141 |      36.50000 |      37.00000 | 
     68.29999 |     116.71335 |       0.01464 |       0.00529 |       0.01452 |       1.00000 |       1.00000 |      37.02089 |      36.62894 |   16434.08008 |   12518.98145 |    3908.79712 |   16434.43359 |      36.50000 |      37.00000 | 
     65.25586 |      60.03843 |       0.01532 |       0.00529 |       0.01452 |       1.00000 |       1.00000 |      37.02090 |      36.62894 |   16424.08984 |   12509.43359 |    3908.35547 |   16424.44141 |      36.50000 |      37.00000 | 
     66.85502 |      59.26628 |       0.01496 |       0.00529 |       0.01452 |       1.00000 |       1.00000 |      37.02090 |      36.62894 |   16412.42578 |   12498.31250 |    3907.81226 |   16412.77734 |      36.50000 |      37.00000 | 
     64.44492 |      60.87539 |       0.01552 |       0.00520 |       0.01407 |       1.00000 |       1.00000 |      37.02090 |      36.62893 |   16402.33789 |   12488.70605 |    3907.33057 |   16402.68945 |      36.50000 |      37.00000 | 
     66.76133 |      59.69793 |       0.01498 |       0.00520 |       0.01407 |       1.00000 |       1.00000 |      37.02091 |      36.62893 |   16393.89844 |   12480.69238 |    3906.90552 |   16394.25000 |      36.50000 |      37.00000 | 
     68.44368 |     123.25896 |       0.01461 |       0.00520 |       0.01407 |       1.00000 |       1.00000 |      37.02091 |      36.62893 |   16382.02734 |   12469.42578 |    3906.29980 |   16382.37793 |      36.50000 |      37.00000 | 
     65.19260 |      59.17510 |       0.01534 |       0.00520 |       0.01407 |       1.00000 |       1.00000 |      37.02092 |      36.62892 |   16371.68262 |   12459.63086 |    3905.75073 |   16372.03320 |      36.50000 |      37.00000 | 
     66.80119 |      58.78549 |       0.01497 |       0.00520 |       0.01407 |       1.00000 |       1.00000 |      37.02092 |      36.62891 |   16359.69531 |   12448.30078 |    3905.09253 |   16360.04590 |      36.50000 |      37.00000 | 
     64.54897 |      62.77858 |       0.01549 |       0.00520 |       0.01407 |       1.00000 |       1.00000 |      37.02092 |      36.62891 |   16349.37695 |   12438.56543 |    3904.50977 |   16349.72949 |      36.50000 |      37.00000 | 
     66.66888 |      59.53090 |       0.01500 |       0.00520 |       0.01407 |       1.00000 |       1.00000 |      37.02093 |      36.62891 |   16340.63867 |   12430.33789 |    3903.99854 |   16340.98926 |      36.50000 |      37.00000 | 
     64.40011 |      60.86427 |       0.01553 |       0.00520 |       0.01407 |       1.00000 |       1.00000 |      37.02093 |      36.62890 |   16330.21191 |   12420.53320 |    3903.37573 |   16330.56445 |      36.50000 |      37.00000 | 
     66.70811 |      59.49902 |       0.01499 |       0.00520 |       0.01407 |       1.00000 |       1.00000 |      37.02094 |      36.62890 |   16321.45703 |   12412.31738 |    3902.83862 |   16321.80957 |      36.50000 |      37.00000 | 
     64.41817 |      61.86970 |       0.01552 |       0.00520 |       0.01407 |       1.00000 |       1.00000 |      37.02094 |      36.62889 |   16310.91309 |   12402.43457 |    3902.17773 |   16311.26562 |      36.50000 |      37.00000 | 
     66.59895 |      59.16460 |       0.01502 |       0.00520 |       0.01407 |       1.00000 |       1.00000 |      37.02095 |      36.62889 |   16302.02539 |   12394.11816 |    3901.60669 |   16302.37695 |      36.50000 |      37.00000 | 
     68.31830 |     120.78754 |       0.01464 |       0.00520 |       0.01407 |       1.00000 |       1.00000 |      37.02095 |      36.62888 |   16289.63184 |   12379.87891 |    3903.45190 |   16289.98438 |      36.50000 |      37.00000 | 
     65.35775 |      60.29545 |       0.01530 |       0.00520 |       0.01407 |       1.00000 |       1.00000 |      37.02095 |      36.62888 |   16278.93555 |   12369.97852 |    3902.65552 |   16279.28809 |      36.50000 |      37.00000 | 
     63.55190 |      61.00909 |       0.01574 |       0.00520 |       0.01407 |       1.00000 |       1.00000 |      37.02096 |      36.62887 |   16268.19336 |   12360.05566 |    3901.83667 |   16268.54590 |      36.50000 |      37.00000 | 
     65.90212 |      58.74750 |       0.01517 |       0.00520 |       0.01407 |       1.00000 |       1.00000 |      37.02097 |      36.62887 |   16259.11914 |   12351.68848 |    3901.12891 |   16259.47168 |      36.50000 |      37.00000 | 
     63.92841 |      61.15460 |       0.01564 |       0.00520 |       0.01407 |       1.00000 |       1.00000 |      37.02097 |      36.62886 |   16248.32031 |   12341.74805 |    3900.27222 |   16248.67285 |      36.50000 |      37.00000 | 
     65.80309 |      58.31924 |       0.01520 |       0.00520 |       0.01407 |       1.00000 |       1.00000 |      37.02098 |      36.62886 |   16235.55176 |   12330.02539 |    3899.22583 |   16235.90430 |      36.50000 |      37.00000 | 
     63.98233 |      60.58770 |       0.01563 |       0.00520 |       0.01407 |       1.00000 |       1.00000 |      37.02098 |      36.62885 |   16224.72461 |   12320.10059 |    3898.32178 |   16225.07715 |      36.50000 |      37.00000 | 
     62.64164 |      61.17705 |       0.01596 |       0.00520 |       0.01407 |       1.00000 |       1.00000 |      37.02099 |      36.62884 |   16213.74609 |   12310.06445 |    3897.37939 |   16214.09863 |      36.50000 |      37.00000 | 
     58.70137 |      59.10515 |       0.01704 |       0.00520 |       0.01407 |       1.00000 |       1.00000 |      37.02100 |      36.62883 |   16199.85840 |   12297.40137 |    3896.15649 |   16200.21094 |      36.50000 |      37.00000 | 
     59.15565 |      59.54862 |       0.01690 |       0.00560 |       0.01577 |       1.00000 |       1.00000 |      37.02100 |      36.62883 |   16188.80957 |   12287.34863 |    3895.15991 |   16189.16211 |      36.50000 |      37.00000 | 
     59.45979 |      59.73002 |       0.01682 |       0.00560 |       0.01577 |       1.00000 |       1.00000 |      37.02101 |      36.62882 |   16177.71387 |   12277.27734 |    3894.13599 |   16178.06641 |      36.50000 |      37.00000 | 
     59.52503 |      59.65875 |       0.01680 |       0.00560 |       0.01577 |       1.00000 |       1.00000 |      37.02102 |      36.62881 |   16166.49414 |   12267.11230 |    3893.07983 |   16166.84668 |      36.50000 |      37.00000 | 
     59.67538 |      59.45303 |       0.01676 |       0.00560 |       0.01577 |       1.00000 |       1.00000 |      37.02102 |      36.62881 |   16155.30273 |   12256.99414 |    3892.00781 |   16155.65527 |      36.50000 |      37.00000 | 
     63.25770 |      59.00749 |       0.01581 |       0.00560 |       0.01577 |       1.00000 |       1.00000 |      37.02103 |      36.62880 |   16142.21582 |   12245.19434 |    3890.72046 |   16142.56836 |      36.50000 |      37.00000 | 
     62.14805 |      59.95204 |       0.01609 |       0.00560 |       0.01577 |       1.00000 |       1.00000 |      37.02104 |      36.62879 |   16130.93945 |   12235.05371 |    3889.58521 |   16131.29199 |      36.50000 |      37.00000 | 
     64.79282 |      58.87548 |       0.01543 |       0.00560 |       0.01577 |       1.00000 |       1.00000 |      37.02105 |      36.62878 |   16117.72363 |   12223.19336 |    3888.22876 |   16118.07617 |      36.50000 |      37.00000 | 
     63.06697 |      59.43890 |       0.01586 |       0.00560 |       0.01577 |       1.00000 |       1.00000 |      37.02105 |      36.62878 |   16106.33789 |   12213.00293 |    3887.03271 |   16106.69043 |      36.50000 |      37.00000 | 
     65.46933 |      58.99705 |       0.01527 |       0.00560 |       0.01577 |       1.00000 |       1.00000 |      37.02106 |      36.62877 |   16093.08105 |   12201.16602 |    3885.61304 |   16093.43359 |      36.50000 |      37.00000 | 
     63.67886 |      61.05752 |       0.01570 |       0.00560 |       0.01577 |       1.00000 |       1.00000 |      37.02107 |      36.62876 |   16081.70801 |   12191.04004 |    3884.36670 |   16082.06055 |      36.50000 |      37.00000 | 
     65.23011 |      59.21364 |       0.01533 |       0.00560 |       0.01577 |       1.00000 |       1.00000 |      37.02108 |      36.62875 |   16068.27246 |   12179.10938 |    3882.86133 |   16068.62500 |      36.50000 |      37.00000 | 
     67.48367 |     121.50668 |       0.01482 |       0.00560 |       0.01577 |       1.00000 |       1.00000 |      37.02109 |      36.62874 |   16054.89648 |   12167.25879 |    3881.33667 |   16055.24902 |      36.50000 |      37.00000 | 
     64.71968 |      59.00749 |       0.01545 |       0.00560 |       0.01577 |       1.00000 |       1.00000 |      37.02110 |      36.62873 |   16043.32227 |   12157.03613 |    3879.98560 |   16043.67480 |      36.50000 |      37.00000 | 
     63.13160 |      61.40620 |       0.01584 |       0.00560 |       0.01577 |       1.00000 |       1.00000 |      37.02111 |      36.62872 |   16031.77246 |   12146.85547 |    3878.61597 |   16032.12500 |      36.50000 |      37.00000 | 
     65.80782 |      59.72645 |       0.01520 |       0.00560 |       0.01577 |       1.00000 |       1.00000 |      37.02111 |      36.62872 |   16022.12402 |   12138.37402 |    3877.44897 |   16022.47656 |      36.50000 |      37.00000 | 
     63.51830 |      58.23773 |       0.01574 |       0.00560 |       0.01577 |       1.00000 |       1.00000 |      37.02112 |      36.62870 |   16010.38281 |   12143.71191 |    3860.37036 |   16010.73535 |      36.50000 |      37.00000 | 
     65.90334 |      59.73002 |       0.01517 |       0.00560 |       0.01577 |       1.00000 |       1.00000 |      37.02113 |      36.62869 |   15996.90527 |   12130.32129 |    3860.28296 |   15997.25781 |      36.50000 |      37.00000 | 
     63.73567 |      59.78001 |       0.01569 |       0.00560 |       0.01577 |       1.00000 |       1.00000 |      37.02114 |      36.62868 |   15985.17383 |   12118.66895 |    3860.20483 |   15985.52637 |      36.50000 |      37.00000 | 
     66.56783 |     120.54002 |       0.01502 |       0.00560 |       0.01577 |       1.00000 |       1.00000 |      37.02116 |      36.62867 |   15971.59082 |   12105.17676 |    3860.11279 |   15971.94336 |      36.50000 |      37.00000 | 
     64.12877 |      59.32606 |       0.01559 |       0.00550 |       0.01439 |       1.00000 |       1.00000 |      37.02116 |      36.62866 |   15959.79688 |   12093.46484 |    3860.03149 |   15960.14941 |      36.50000 |      37.00000 | 
     66.87235 |     122.41400 |       0.01495 |       0.00550 |       0.01439 |       1.00000 |       1.00000 |      37.02118 |      36.62865 |   15946.16797 |   12079.93164 |    3859.93530 |   15946.51953 |      36.50000 |      37.00000 | 
     64.40125 |      59.74073 |       0.01553 |       0.00550 |       0.01439 |       1.00000 |       1.00000 |      37.02119 |      36.62864 |   15934.37109 |   12068.21973 |    3859.85083 |   15934.72363 |      36.50000 |      37.00000 | 
     62.87929 |      61.58394 |       0.01590 |       0.00550 |       0.01439 |       1.00000 |       1.00000 |      37.02120 |      36.62863 |   15922.55371 |   12056.48730 |    3859.76489 |   15922.90527 |      36.50000 |      37.00000 | 
     65.63950 |      59.93407 |       0.01523 |       0.00550 |       0.01439 |       1.00000 |       1.00000 |      37.02121 |      36.62862 |   15912.72754 |   12046.73438 |    3859.69189 |   15913.08008 |      36.50000 |      37.00000 | 
     63.40924 |      58.40439 |       0.01577 |       0.00550 |       0.01439 |       1.00000 |       1.00000 |      37.02122 |      36.62861 |   15900.76758 |   12034.86328 |    3859.60229 |   15901.12012 |      36.50000 |      37.00000 | 
     66.48283 |     123.36541 |       0.01504 |       0.00550 |       0.01439 |       1.00000 |       1.00000 |      37.02123 |      36.62860 |   15887.07520 |   12021.98145 |    3858.79199 |   15887.42676 |      36.50000 |      37.00000 | 
     63.99577 |      59.26979 |       0.01563 |       0.00550 |       0.01439 |       1.00000 |       1.00000 |      37.02124 |      36.62859 |   15875.10547 |   12009.94434 |    3858.85962 |   15875.45801 |      36.50000 |      37.00000 | 
     66.76192 |     121.89176 |       0.01498 |       0.00550 |       0.01439 |       1.00000 |       1.00000 |      37.02125 |      36.62857 |   15861.32129 |   11996.08105 |    3858.93896 |   15861.67383 |      36.50000 |      37.00000 | 
     64.35826 |      59.75143 |       0.01554 |       0.00550 |       0.01439 |       1.00000 |       1.00000 |      37.02126 |      36.62856 |   15849.41699 |   11984.10742 |    3859.00854 |   15849.76855 |      36.50000 |      37.00000 | 
     62.83969 |      61.93484 |       0.01591 |       0.00550 |       0.01439 |       1.00000 |       1.00000 |      37.02127 |      36.62855 |   15837.47266 |   11972.09277 |    3859.07910 |   15837.82520 |      36.50000 |      37.00000 | 
     65.59520 |      59.52027 |       0.01525 |       0.00550 |       0.01439 |       1.00000 |       1.00000 |      37.02129 |      36.62854 |   15827.55176 |   11962.11133 |    3859.13892 |   15827.90430 |      36.50000 |      37.00000 | 
     63.63411 |      59.95923 |       0.01571 |       0.00550 |       0.01439 |       1.00000 |       1.00000 |      37.02130 |      36.62852 |   15815.61230 |   11950.09961 |    3859.21143 |   15815.96484 |      36.50000 |      37.00000 | 
     62.46314 |      61.09855 |       0.01601 |       0.00550 |       0.01439 |       1.00000 |       1.00000 |      37.02131 |      36.62851 |   15803.68848 |   11938.10254 |    3859.28491 |   15804.04004 |      36.50000 |      37.00000 | 
     65.21602 |      59.33310 |       0.01533 |       0.00550 |       0.01439 |       1.00000 |       1.00000 |      37.02132 |      36.62850 |   15793.68848 |   11928.04102 |    3859.34717 |   15794.04102 |      36.50000 |      37.00000 | 
     63.38100 |      59.68368 |       0.01578 |       0.00550 |       0.01439 |       1.00000 |       1.00000 |      37.02133 |      36.62849 |   15781.71875 |   11915.99512 |    3859.42236 |   15782.07129 |      36.50000 |      37.00000 | 
     62.32341 |      61.09109 |       0.01605 |       0.00550 |       0.01439 |       1.00000 |       1.00000 |      37.02135 |      36.62848 |   15769.78906 |   11903.99023 |    3859.49805 |   15770.14160 |      36.50000 |      37.00000 | 
     61.48118 |      59.61607 |       0.01627 |       0.00550 |       0.01439 |       1.00000 |       1.00000 |      37.02136 |      36.62846 |   15757.79004 |   11891.91211 |    3859.57568 |   15758.14160 |      36.50000 |      37.00000 | 
     60.63874 |      34.21025 |       0.01649 |       0.00550 |       0.01439 |       1.00000 |       1.00000 |      37.02137 |      36.62846 |   15748.78906 |   11882.85352 |    3859.63379 |   15749.14062 |      36.50000 |      37.00000 | 
     60.34434 |      59.29791 |       0.01657 |       0.00550 |       0.01439 |       1.00000 |       1.00000 |      37.02138 |      36.62844 |   15736.76953 |   11870.75391 |    3859.71387 |   15737.12207 |      36.50000 |      37.00000 | 
     60.27390 |      59.56281 |       0.01659 |       0.00550 |       0.01439 |       1.00000 |       1.00000 |      37.02140 |      36.62843 |   15724.82227 |   11858.72754 |    3859.79370 |   15725.17480 |      36.50000 |      37.00000 | 
     60.25692 |      60.29181 |       0.01660 |       0.00554 |       0.01520 |       1.00000 |       1.00000 |      37.02141 |      36.62841 |   15712.87891 |   11846.70215 |    3859.87402 |   15713.23047 |      36.50000 |      37.00000 | 
     60.18603 |      60.15761 |       0.01662 |       0.00554 |       0.01520 |       1.00000 |       1.00000 |      37.02142 |      36.62840 |   15704.88184 |   11838.65234 |    3859.92871 |   15705.23438 |      36.50000 |      37.00000 | 
     57.19396 |      58.77167 |       0.01748 |       0.00554 |       0.01520 |       1.00000 |       1.00000 |      37.02144 |      36.62839 |   15689.75293 |   11823.41699 |    3860.03271 |   15690.10449 |      36.50000 |      37.00000 | 
     58.18412 |      59.47071 |       0.01719 |       0.00554 |       0.01520 |       1.00000 |       1.00000 |      37.02145 |      36.62837 |   15677.84863 |   11811.42969 |    3860.11597 |   15678.20020 |      36.50000 |      37.00000 | 
     58.83439 |      60.37918 |       0.01700 |       0.00554 |       0.01520 |       1.00000 |       1.00000 |      37.02147 |      36.62836 |   15665.90137 |   11799.39941 |    3860.20142 |   15666.25293 |      36.50000 |      37.00000 | 
     62.20582 |      59.15060 |       0.01608 |       0.00554 |       0.01520 |       1.00000 |       1.00000 |      37.02148 |      36.62834 |   15651.88672 |   11785.28418 |    3860.30103 |   15652.24023 |      36.50000 |      37.00000 | 
     61.46392 |      60.14314 |       0.01627 |       0.00554 |       0.01520 |       1.00000 |       1.00000 |      37.02150 |      36.62833 |   15639.92676 |   11773.23730 |    3860.38843 |   15640.28125 |      36.50000 |      37.00000 | 
     64.57710 |      60.23008 |       0.01549 |       0.00554 |       0.01520 |       1.00000 |       1.00000 |      37.02151 |      36.62831 |   15626.06348 |   11759.27246 |    3860.49048 |   15626.41797 |      36.50000 |      37.00000 | 
     62.91025 |      60.35003 |       0.01590 |       0.00554 |       0.01520 |       1.00000 |       1.00000 |      37.02153 |      36.62829 |   15614.06348 |   11747.18262 |    3860.57935 |   15614.41699 |      36.50000 |      37.00000 | 
     61.95689 |      61.02026 |       0.01614 |       0.00554 |       0.01520 |       1.00000 |       1.00000 |      37.02155 |      36.62828 |   15602.13574 |   11735.16602 |    3860.66943 |   15602.49023 |      36.50000 |      37.00000 | 
     64.96714 |      59.81219 |       0.01539 |       0.00554 |       0.01520 |       1.00000 |       1.00000 |      37.02156 |      36.62826 |   15592.22363 |   11725.17773 |    3860.74438 |   15592.57812 |      36.50000 |      37.00000 | 
     63.15315 |      59.67655 |       0.01583 |       0.00554 |       0.01520 |       1.00000 |       1.00000 |      37.02158 |      36.62825 |   15580.26562 |   11713.12695 |    3860.83643 |   15580.61914 |      36.50000 |      37.00000 | 
     62.02198 |      60.15761 |       0.01612 |       0.00554 |       0.01520 |       1.00000 |       1.00000 |      37.02160 |      36.62823 |   15568.33105 |   11701.09961 |    3860.92944 |   15568.68457 |      36.50000 |      37.00000 | 
     65.43693 |     121.03607 |       0.01528 |       0.00554 |       0.01520 |       1.00000 |       1.00000 |      37.02161 |      36.62821 |   15554.52441 |   11687.18359 |    3861.03882 |   15554.87793 |      36.50000 |      37.00000 | 
     63.51135 |      59.88741 |       0.01575 |       0.00554 |       0.01520 |       1.00000 |       1.00000 |      37.02163 |      36.62820 |   15542.63574 |   11675.19922 |    3861.13330 |   15542.98926 |      36.50000 |      37.00000 | 
     62.29121 |      60.61708 |       0.01605 |       0.00554 |       0.01520 |       1.00000 |       1.00000 |      37.02165 |      36.62818 |   15530.77148 |   11663.24219 |    3861.22900 |   15531.12500 |      36.50000 |      37.00000 | 
     61.34359 |      59.78716 |       0.01630 |       0.00554 |       0.01520 |       1.00000 |       1.00000 |      37.02166 |      36.62816 |   15518.83984 |   11651.21191 |    3861.32593 |   15519.19336 |      36.50000 |      37.00000 | 
     64.64709 |      60.59872 |       0.01547 |       0.00554 |       0.01520 |       1.00000 |       1.00000 |      37.02169 |      36.62814 |   15505.22852 |   11629.90918 |    3869.01782 |   15505.58203 |      36.50000 |      37.00000 | 
     62.98824 |      59.99520 |       0.01588 |       0.00554 |       0.01520 |       1.00000 |       1.00000 |      37.02170 |      36.62812 |   15493.39941 |   11619.61230 |    3867.48633 |   15493.75293 |      36.50000 |      37.00000 | 
     61.77673 |      58.68889 |       0.01619 |       0.00554 |       0.01520 |       1.00000 |       1.00000 |      37.02172 |      36.62811 |   15481.53027 |   11609.30078 |    3865.92847 |   15481.88379 |      36.50000 |      37.00000 | 
     61.11375 |      58.39075 |       0.01636 |       0.00535 |       0.01509 |       1.00000 |       1.00000 |      37.02174 |      36.62809 |   15469.76074 |   11599.09668 |    3864.36328 |   15470.11426 |      36.50000 |      37.00000 | 
     60.89234 |      60.85316 |       0.01642 |       0.00535 |       0.01509 |       1.00000 |       1.00000 |      37.02176 |      36.62807 |   15458.11523 |   11589.02441 |    3862.79102 |   15458.46973 |      36.50000 |      37.00000 | 
     63.61411 |      59.29440 |       0.01572 |       0.00535 |       0.01509 |       1.00000 |       1.00000 |      37.02178 |      36.62805 |   15444.49316 |   11577.26465 |    3860.92749 |   15444.84668 |      36.50000 |      37.00000 | 
     62.37328 |      59.93048 |       0.01603 |       0.00535 |       0.01509 |       1.00000 |       1.00000 |      37.02180 |      36.62803 |   15432.82910 |   11567.22070 |    3859.30713 |   15433.18262 |      36.50000 |      37.00000 | 
     61.53564 |      59.44243 |       0.01625 |       0.00535 |       0.01509 |       1.00000 |       1.00000 |      37.02182 |      36.62801 |   15421.16992 |   11557.20312 |    3857.66504 |   15421.52344 |      36.50000 |      37.00000 | 
     60.90684 |      59.85515 |       0.01642 |       0.00535 |       0.01509 |       1.00000 |       1.00000 |      37.02184 |      36.62799 |   15409.49707 |   11547.19531 |    3855.99902 |   15409.85059 |      36.50000 |      37.00000 | 
     60.74739 |      59.94844 |       0.01646 |       0.00535 |       0.01509 |       1.00000 |       1.00000 |      37.02185 |      36.62798 |   15398.00488 |   11537.37012 |    3854.33398 |   15398.35840 |      36.50000 |      37.00000 | 
     64.02938 |      59.78001 |       0.01562 |       0.00535 |       0.01509 |       1.00000 |       1.00000 |      37.02187 |      36.62796 |   15388.37793 |   11529.15137 |    3852.92432 |   15388.73145 |      36.50000 |      37.00000 | 
     62.63620 |      60.16847 |       0.01597 |       0.00535 |       0.01509 |       1.00000 |       1.00000 |      37.02189 |      36.62794 |   15376.85059 |   11519.33594 |    3851.21436 |   15377.20410 |      36.50000 |      37.00000 | 
     61.65614 |      59.60541 |       0.01622 |       0.00535 |       0.01509 |       1.00000 |       1.00000 |      37.02191 |      36.62792 |   15365.31445 |   11509.53320 |    3849.47974 |   15365.66797 |      36.50000 |      37.00000 | 
     61.05904 |      60.36096 |       0.01638 |       0.00535 |       0.01509 |       1.00000 |       1.00000 |      37.02193 |      36.62790 |   15353.84180 |   11499.80957 |    3847.73193 |   15354.19531 |      36.50000 |      37.00000 | 
     60.83433 |      60.15761 |       0.01644 |       0.00535 |       0.01509 |       1.00000 |       1.00000 |      37.02195 |      36.62788 |   15342.49902 |   11490.21777 |    3845.97974 |   15342.85254 |      36.50000 |      37.00000 | 
     63.99036 |      59.05279 |       0.01563 |       0.00535 |       0.01509 |       1.00000 |       1.00000 |      37.02197 |      36.62786 |   15332.96582 |   11486.66699 |    3839.99854 |   15333.31934 |      36.50000 |      37.00000 | 
     62.65498 |      59.78358 |       0.01596 |       0.00535 |       0.01509 |       1.00000 |       1.00000 |      37.02199 |      36.62784 |   15321.64355 |   11475.29980 |    3840.04297 |   15321.99707 |      36.50000 |      37.00000 | 
     61.84372 |      60.81615 |       0.01617 |       0.00535 |       0.01509 |       1.00000 |       1.00000 |      37.02201 |      36.62782 |   15310.37207 |   11463.98633 |    3840.08569 |   15310.72559 |      36.50000 |      37.00000 | 
     61.09749 |      59.47071 |       0.01637 |       0.00535 |       0.01509 |       1.00000 |       1.00000 |      37.02203 |      36.62780 |   15299.03223 |   11452.60547 |    3840.12500 |   15299.38574 |      36.50000 |      37.00000 | 
     60.78735 |      60.05285 |       0.01645 |       0.00535 |       0.01509 |       1.00000 |       1.00000 |      37.02205 |      36.62778 |   15287.83789 |   11441.37207 |    3840.16455 |   15288.19336 |      36.50000 |      37.00000 | 
     60.58812 |      59.54153 |       0.01650 |       0.00535 |       0.01509 |       1.00000 |       1.00000 |      37.02207 |      36.62777 |   15280.37500 |   11433.88184 |    3840.19067 |   15280.72949 |      36.50000 |      37.00000 | 
     57.05173 |      39.37473 |       0.01753 |       0.00535 |       0.01509 |       1.00000 |       1.00000 |      37.02209 |      36.62774 |   15266.37402 |   11419.83398 |    3840.23926 |   15266.72949 |      36.50000 |      37.00000 | 
     58.07380 |      59.07024 |       0.01722 |       0.00535 |       0.01509 |       1.00000 |       1.00000 |      37.02212 |      36.62772 |   15255.34668 |   11408.76953 |    3840.27563 |   15255.70215 |      36.50000 |      37.00000 | 
     56.03270 |      60.14676 |       0.01785 |       0.00605 |       0.01657 |       1.00000 |       1.00000 |      37.02214 |      36.62769 |   15241.52832 |   11394.91211 |    3840.31445 |   15241.88281 |      36.50000 |      37.00000 | 
     57.39458 |      61.10975 |       0.01742 |       0.00605 |       0.01657 |       1.00000 |       1.00000 |      37.02217 |      36.62767 |   15230.58887 |   11383.94141 |    3840.34644 |   15230.94434 |      36.50000 |      37.00000 | 
     54.57221 |      33.50196 |       0.01832 |       0.00605 |       0.01657 |       1.00000 |       1.00000 |      37.02219 |      36.62765 |   15220.40332 |   11373.72559 |    3840.37573 |   15220.75879 |      36.50000 |      37.00000 | 
     56.35986 |      60.58770 |       0.01774 |       0.00605 |       0.01657 |       1.00000 |       1.00000 |      37.02221 |      36.62763 |   15209.56836 |   11362.86328 |    3840.40405 |   15209.92285 |      36.50000 |      37.00000 | 
     57.50477 |      60.40106 |       0.01739 |       0.00605 |       0.01657 |       1.00000 |       1.00000 |      37.02224 |      36.62761 |   15198.71289 |   11346.02539 |    3846.38672 |   15199.06836 |      36.50000 |      37.00000 | 
     58.20477 |      58.62352 |       0.01718 |       0.00605 |       0.01657 |       1.00000 |       1.00000 |      37.02226 |      36.62758 |   15187.87109 |   11336.68457 |    3844.88574 |   15188.22656 |      36.50000 |      37.00000 | 
     58.78276 |      60.43757 |       0.01701 |       0.00605 |       0.01657 |       1.00000 |       1.00000 |      37.02228 |      36.62756 |   15177.12891 |   11327.45117 |    3843.37622 |   15177.48340 |      36.50000 |      37.00000 | 
     59.21429 |      59.76572 |       0.01689 |       0.00605 |       0.01657 |       1.00000 |       1.00000 |      37.02231 |      36.62754 |   15166.47363 |   11318.31250 |    3841.86084 |   15166.82812 |      36.50000 |      37.00000 | 
     63.52319 |     122.45898 |       0.01574 |       0.00605 |       0.01657 |       1.00000 |       1.00000 |      37.02233 |      36.62752 |   15157.67188 |   11310.78125 |    3840.59033 |   15158.02734 |      36.50000 |      37.00000 | 
     62.34804 |      59.52735 |       0.01604 |       0.00605 |       0.01657 |       1.00000 |       1.00000 |      37.02236 |      36.62749 |   15142.59082 |   11297.91309 |    3838.37573 |   15142.94531 |      36.50000 |      37.00000 | 
     61.54567 |      59.84082 |       0.01625 |       0.00605 |       0.01657 |       1.00000 |       1.00000 |      37.02238 |      36.62746 |   15132.09277 |   11288.98242 |    3836.80859 |   15132.44727 |      36.50000 |      37.00000 | 
     61.10667 |      60.36825 |       0.01636 |       0.00605 |       0.01657 |       1.00000 |       1.00000 |      37.02241 |      36.62744 |   15121.69336 |   11280.15820 |    3835.23413 |   15122.04883 |      36.50000 |      37.00000 | 
     60.63012 |      59.85157 |       0.01649 |       0.00605 |       0.01657 |       1.00000 |       1.00000 |      37.02243 |      36.62742 |   15111.25391 |   11271.32520 |    3833.62769 |   15111.60840 |      36.50000 |      37.00000 | 
     60.43370 |      60.40106 |       0.01655 |       0.00605 |       0.01657 |       1.00000 |       1.00000 |      37.02246 |      36.62740 |   15100.94141 |   11262.61914 |    3832.01953 |   15101.29590 |      36.50000 |      37.00000 | 
     60.35904 |      60.51804 |       0.01657 |       0.00605 |       0.01657 |       1.00000 |       1.00000 |      37.02248 |      36.62737 |   15090.71777 |   11254.01270 |    3830.40259 |   15091.07227 |      36.50000 |      37.00000 | 
     60.23527 |      59.91612 |       0.01660 |       0.00605 |       0.01657 |       1.00000 |       1.00000 |      37.02251 |      36.62735 |   15080.52148 |   11245.45605 |    3828.76416 |   15080.87695 |      36.50000 |      37.00000 | 
     60.10543 |      59.91612 |       0.01664 |       0.00605 |       0.01657 |       1.00000 |       1.00000 |      37.02254 |      36.62732 |   15070.36621 |   11236.95410 |    3827.10986 |   15070.72070 |      36.50000 |      37.00000 | 
     60.06126 |      60.07449 |       0.01665 |       0.00605 |       0.01657 |       1.00000 |       1.00000 |      37.02256 |      36.62730 |   15060.29688 |   11228.55176 |    3825.44287 |   15060.65234 |      36.50000 |      37.00000 | 
     60.05659 |      60.01680 |       0.01665 |       0.00605 |       0.01657 |       1.00000 |       1.00000 |      37.02259 |      36.62727 |   15050.31152 |   11220.24121 |    3823.76880 |   15050.66699 |      36.50000 |      37.00000 | 
     60.06879 |      60.83095 |       0.01665 |       0.00605 |       0.01657 |       1.00000 |       1.00000 |      37.02261 |      36.62725 |   15040.39844 |   11212.01660 |    3822.08081 |   15040.75488 |      36.50000 |      37.00000 | 
     59.96091 |      59.78001 |       0.01668 |       0.00544 |       0.01546 |       1.00000 |       1.00000 |      37.02264 |      36.62722 |   15030.49414 |   11207.99609 |    3816.19604 |   15030.85156 |      36.50000 |      37.00000 | 
     59.99860 |      60.89022 |       0.01667 |       0.00544 |       0.01546 |       1.00000 |       1.00000 |      37.02267 |      36.62720 |   15020.70605 |   11198.95898 |    3815.44751 |   15021.06348 |      36.50000 |      37.00000 | 
     60.07749 |      60.54735 |       0.01665 |       0.00544 |       0.01546 |       1.00000 |       1.00000 |      37.02269 |      36.62717 |   15011.02246 |   11190.02637 |    3814.69360 |   15011.37891 |      36.50000 |      37.00000 | 
     60.01585 |      59.85873 |       0.01666 |       0.00544 |       0.01546 |       1.00000 |       1.00000 |      37.02272 |      36.62715 |   15001.35449 |   11181.12207 |    3813.93115 |   15001.71191 |      36.50000 |      37.00000 | 
     60.00737 |      59.03188 |       0.01666 |       0.00544 |       0.01546 |       1.00000 |       1.00000 |      37.02275 |      36.62712 |   14991.78027 |   11172.31445 |    3813.16431 |   14992.13770 |      36.50000 |      37.00000 | 
     59.96419 |      60.12144 |       0.01668 |       0.00544 |       0.01546 |       1.00000 |       1.00000 |      37.02278 |      36.62710 |   14982.26367 |   11163.57324 |    3812.38794 |   14982.62012 |      36.50000 |      37.00000 | 
     60.05349 |      59.88383 |       0.01665 |       0.00544 |       0.01546 |       1.00000 |       1.00000 |      37.02280 |      36.62708 |   14972.87500 |   11154.96191 |    3811.61279 |   14973.23145 |      36.50000 |      37.00000 | 
     60.03158 |      60.27728 |       0.01666 |       0.00544 |       0.01546 |       1.00000 |       1.00000 |      37.02283 |      36.62705 |   14963.51465 |   11146.38770 |    3810.82446 |   14963.87109 |      36.50000 |      37.00000 | 
     60.04047 |      60.38647 |       0.01666 |       0.00544 |       0.01546 |       1.00000 |       1.00000 |      37.02286 |      36.62702 |   14954.24023 |   11137.90723 |    3810.03247 |   14954.59766 |      36.50000 |      37.00000 | 
     60.04029 |      59.94126 |       0.01666 |       0.00544 |       0.01546 |       1.00000 |       1.00000 |      37.02289 |      36.62700 |   14945.04590 |   11129.50977 |    3809.23462 |   14945.40234 |      36.50000 |      37.00000 | 
     59.97854 |      59.42124 |       0.01667 |       0.00544 |       0.01546 |       1.00000 |       1.00000 |      37.02291 |      36.62697 |   14935.90234 |   11121.17285 |    3808.42798 |   14936.25879 |      36.50000 |      37.00000 | 
     61.36999 |     121.92149 |       0.01629 |       0.00544 |       0.01546 |       1.00000 |       1.00000 |      37.02296 |      36.62693 |   14923.15527 |   11109.57031 |    3807.28369 |   14923.51172 |      36.50000 |      37.00000 | 
     57.38012 |      40.29658 |       0.01743 |       0.00544 |       0.01546 |       1.00000 |       1.00000 |      37.02298 |      36.62691 |   14915.69434 |   11102.79297 |    3806.60010 |   14916.05176 |      36.50000 |      37.00000 | 
     58.06800 |      59.16109 |       0.01722 |       0.00544 |       0.01546 |       1.00000 |       1.00000 |      37.02301 |      36.62688 |   14906.75488 |   11093.81055 |    3806.64209 |   14907.11133 |      36.50000 |      37.00000 | 
     58.76191 |      59.81577 |       0.01702 |       0.00544 |       0.01546 |       1.00000 |       1.00000 |      37.02304 |      36.62686 |   14898.00586 |   11086.26855 |    3805.43555 |   14898.36230 |      36.50000 |      37.00000 | 
     59.15372 |      60.06367 |       0.01691 |       0.00544 |       0.01546 |       1.00000 |       1.00000 |      37.02307 |      36.62683 |   14889.29199 |   11078.77539 |    3804.21509 |   14889.64844 |      36.50000 |      37.00000 | 
     59.50490 |      59.86948 |       0.01681 |       0.00544 |       0.01546 |       1.00000 |       1.00000 |      37.02309 |      36.62680 |   14880.70215 |   11071.40527 |    3802.99438 |   14881.05859 |      36.50000 |      37.00000 | 
     56.96510 |      61.34969 |       0.01755 |       0.00544 |       0.01546 |       1.00000 |       1.00000 |      37.02313 |      36.62677 |   14869.98242 |   11062.24023 |    3801.44141 |   14870.33887 |      36.50000 |      37.00000 | 
     54.63465 |      33.95240 |       0.01830 |       0.00544 |       0.01546 |       1.00000 |       1.00000 |      37.02317 |      36.62674 |   14859.42383 |   11053.24121 |    3799.88135 |   14859.78027 |      36.50000 |      37.00000 | 
     56.34842 |      60.46680 |       0.01775 |       0.00544 |       0.01546 |       1.00000 |       1.00000 |      37.02320 |      36.62671 |   14851.11328 |   11046.18066 |    3798.63037 |   14851.46973 |      36.50000 |      37.00000 | 
     53.65050 |      50.22350 |       0.01864 |       0.00594 |       0.01759 |       1.00000 |       1.00000 |      37.02324 |      36.62667 |   14840.09766 |   11036.85547 |    3796.94092 |   14840.45410 |      36.50000 |      37.00000 | 
     53.51609 |      33.80206 |       0.01869 |       0.00594 |       0.01759 |       1.00000 |       1.00000 |      37.02327 |      36.62664 |   14830.46289 |   11028.72949 |    3795.43286 |   14830.82324 |      36.50000 |      37.00000 | 
     55.54423 |      60.57302 |       0.01800 |       0.00594 |       0.01759 |       1.00000 |       1.00000 |      37.02330 |      36.62662 |   14822.44824 |   11021.98926 |    3794.15771 |   14822.80762 |      36.50000 |      37.00000 | 
     54.42955 |      59.79788 |       0.01837 |       0.00594 |       0.01759 |       1.00000 |       1.00000 |      37.02334 |      36.62658 |   14812.45801 |   11013.62109 |    3792.53638 |   14812.81836 |      36.50000 |      37.00000 | 
     55.65177 |      33.44705 |       0.01797 |       0.00594 |       0.01759 |       1.00000 |       1.00000 |      37.02338 |      36.62655 |   14803.87109 |   11006.45605 |    3791.11426 |   14804.23145 |      36.50000 |      37.00000 | 
     60.33472 |     123.10722 |       0.01657 |       0.00594 |       0.01759 |       1.00000 |       1.00000 |      37.02340 |      36.62653 |   14797.47559 |   11001.13477 |    3790.03882 |   14797.83496 |      36.50000 |      37.00000 | 
     57.42135 |      60.02401 |       0.01742 |       0.00594 |       0.01759 |       1.00000 |       1.00000 |      37.02344 |      36.62650 |   14788.52539 |   10993.71387 |    3788.50952 |   14788.88477 |      36.50000 |      37.00000 | 
     58.24791 |      59.89817 |       0.01717 |       0.00594 |       0.01759 |       1.00000 |       1.00000 |      37.02347 |      36.62647 |   14780.96875 |   10987.47461 |    3787.19336 |   14781.32910 |      36.50000 |      37.00000 | 
     58.83583 |      60.08171 |       0.01700 |       0.00594 |       0.01759 |       1.00000 |       1.00000 |      37.02350 |      36.62644 |   14773.51074 |   10982.03711 |    3785.17090 |   14773.87012 |      36.50000 |      37.00000 | 
     59.19548 |      60.38283 |       0.01689 |       0.00594 |       0.01759 |       1.00000 |       1.00000 |      37.02353 |      36.62641 |   14766.12500 |   10975.10840 |    3784.71509 |   14766.48535 |      36.50000 |      37.00000 | 
     59.45595 |      59.88383 |       0.01682 |       0.00594 |       0.01759 |       1.00000 |       1.00000 |      37.02356 |      36.62638 |   14758.83887 |   10968.28418 |    3784.25391 |   14759.19922 |      36.50000 |      37.00000 | 
     63.61385 |     120.77295 |       0.01572 |       0.00594 |       0.01759 |       1.00000 |       1.00000 |      37.02359 |      36.62636 |   14752.84570 |   10962.67871 |    3783.86621 |   14753.20605 |      36.50000 |      37.00000 | 
     58.95031 |      39.97122 |       0.01696 |       0.00594 |       0.01759 |       1.00000 |       1.00000 |      37.02363 |      36.62632 |   14743.92578 |   10954.35352 |    3783.27100 |   14744.28613 |      36.50000 |      37.00000 | 
     59.20642 |      59.35775 |       0.01689 |       0.00594 |       0.01759 |       1.00000 |       1.00000 |      37.02366 |      36.62630 |   14736.89844 |   10947.80273 |    3782.79370 |   14737.25879 |      36.50000 |      37.00000 | 
     59.44673 |      59.43890 |       0.01682 |       0.00594 |       0.01759 |       1.00000 |       1.00000 |      37.02369 |      36.62627 |   14729.99219 |   10935.61719 |    3788.07373 |   14730.35254 |      36.50000 |      37.00000 | 
     59.68574 |      60.15400 |       0.01675 |       0.00594 |       0.01759 |       1.00000 |       1.00000 |      37.02372 |      36.62624 |   14723.20312 |   10932.51758 |    3784.38525 |   14723.56250 |      36.50000 |      37.00000 | 
     59.81670 |      60.23734 |       0.01672 |       0.00594 |       0.01759 |       1.00000 |       1.00000 |      37.02376 |      36.62621 |   14716.49023 |   10929.51660 |    3780.67188 |   14716.85059 |      36.50000 |      37.00000 | 
     59.86929 |      60.23008 |       0.01670 |       0.00594 |       0.01759 |       1.00000 |       1.00000 |      37.02379 |      36.62618 |   14709.85938 |   10933.86816 |    3769.68896 |   14710.21973 |      36.50000 |      37.00000 | 
     59.86426 |      59.49548 |       0.01670 |       0.00594 |       0.01759 |       1.00000 |       1.00000 |      37.02382 |      36.62616 |   14703.31445 |   10928.88379 |    3768.12988 |   14703.67480 |      36.50000 |      37.00000 | 
     59.90955 |      59.55217 |       0.01669 |       0.00519 |       0.01545 |       1.00000 |       1.00000 |      37.02385 |      36.62613 |   14696.88184 |   10924.01074 |    3766.56958 |   14697.24219 |      36.50000 |      37.00000 | 
     59.94766 |      59.74073 |       0.01668 |       0.00519 |       0.01545 |       1.00000 |       1.00000 |      37.02389 |      36.62610 |   14690.54492 |   10919.24023 |    3765.00439 |   14690.90527 |      36.50000 |      37.00000 | 
     60.00238 |      60.21557 |       0.01667 |       0.00519 |       0.01545 |       1.00000 |       1.00000 |      37.02392 |      36.62607 |   14684.30957 |   10914.57031 |    3763.43726 |   14684.66895 |      36.50000 |      37.00000 | 
     59.96223 |      60.12144 |       0.01668 |       0.00519 |       0.01545 |       1.00000 |       1.00000 |      37.02395 |      36.62604 |   14678.13867 |   10909.98047 |    3761.85571 |   14678.49805 |      36.50000 |      37.00000 | 
     59.87303 |      59.77644 |       0.01670 |       0.00519 |       0.01545 |       1.00000 |       1.00000 |      37.02399 |      36.62601 |   14672.05371 |   10905.48438 |    3760.26782 |   14672.41504 |      36.50000 |      37.00000 | 
     59.83371 |      59.62318 |       0.01671 |       0.00519 |       0.01545 |       1.00000 |       1.00000 |      37.02402 |      36.62598 |   14666.06738 |   10901.08984 |    3758.67676 |   14666.42871 |      36.50000 |      37.00000 | 
     60.00736 |      60.23371 |       0.01666 |       0.00519 |       0.01545 |       1.00000 |       1.00000 |      37.02405 |      36.62595 |   14660.24121 |   10896.84082 |    3757.09790 |   14660.60254 |      36.50000 |      37.00000 | 
     60.04886 |      59.59121 |       0.01665 |       0.00519 |       0.01545 |       1.00000 |       1.00000 |      37.02409 |      36.62593 |   14654.48438 |   10892.67480 |    3755.50757 |   14654.84570 |      36.50000 |      37.00000 | 
     60.01535 |      59.70862 |       0.01666 |       0.00519 |       0.01545 |       1.00000 |       1.00000 |      37.02412 |      36.62590 |   14648.80566 |   10888.59570 |    3753.90894 |   14649.16797 |      36.50000 |      37.00000 | 
     60.08687 |      60.85686 |       0.01664 |       0.00519 |       0.01545 |       1.00000 |       1.00000 |      37.02415 |      36.62587 |   14643.24609 |   10884.63184 |    3752.31250 |   14643.60742 |      36.50000 |      37.00000 | 
     60.01341 |      59.14710 |       0.01666 |       0.00519 |       0.01545 |       1.00000 |       1.00000 |      37.02419 |      36.62584 |   14637.75195 |   10880.09473 |    3751.35620 |   14638.11328 |      36.50000 |      37.00000 | 
     60.08372 |      60.20832 |       0.01664 |       0.00519 |       0.01545 |       1.00000 |       1.00000 |      37.02422 |      36.62581 |   14632.38574 |   10876.59570 |    3749.48853 |   14632.74707 |      36.50000 |      37.00000 | 
     60.06911 |      60.52536 |       0.01665 |       0.00519 |       0.01545 |       1.00000 |       1.00000 |      37.02425 |      36.62578 |   14627.09668 |   10873.18652 |    3747.60840 |   14627.45801 |      36.50000 |      37.00000 | 
     56.52158 |      34.44357 |       0.01769 |       0.00519 |       0.01545 |       1.00000 |       1.00000 |      37.02428 |      36.62576 |   14622.33984 |   10870.15527 |    3745.88306 |   14622.70117 |      36.50000 |      37.00000 | 
     57.58947 |      59.98080 |       0.01736 |       0.00519 |       0.01545 |       1.00000 |       1.00000 |      37.02432 |      36.62573 |   14617.22461 |   10866.93262 |    3743.99146 |   14617.58594 |      36.50000 |      37.00000 | 
     58.31320 |      59.68368 |       0.01715 |       0.00519 |       0.01545 |       1.00000 |       1.00000 |      37.02435 |      36.62570 |   14612.20410 |   10863.80762 |    3742.09521 |   14612.56543 |      36.50000 |      37.00000 | 
     58.81498 |      59.81577 |       0.01700 |       0.00519 |       0.01545 |       1.00000 |       1.00000 |      37.02438 |      36.62567 |   14607.28223 |   10860.78516 |    3740.19629 |   14607.64453 |      36.50000 |      37.00000 | 
     59.26289 |      60.02401 |       0.01687 |       0.00519 |       0.01545 |       1.00000 |       1.00000 |      37.02442 |      36.62564 |   14602.48438 |   10857.87988 |    3738.30444 |   14602.84668 |      36.50000 |      37.00000 | 
     56.84039 |      60.92360 |       0.01759 |       0.00519 |       0.01545 |       1.00000 |       1.00000 |      37.02446 |      36.62561 |   14596.61816 |   10854.38379 |    3735.93237 |   14596.97949 |      36.50000 |      37.00000 | 
     55.25488 |      61.58773 |       0.01810 |       0.00519 |       0.01545 |       1.00000 |       1.00000 |      37.02451 |      36.62557 |   14590.88770 |   10851.03809 |    3733.54736 |   14591.24902 |      36.50000 |      37.00000 | 
     53.63509 |      33.92245 |       0.01864 |       0.00585 |       0.01754 |       1.00000 |       1.00000 |      37.02455 |      36.62553 |   14585.30469 |   10847.84473 |    3731.15771 |   14585.66602 |      36.50000 |      37.00000 | 
     55.63594 |      61.65608 |       0.01797 |       0.00585 |       0.01754 |       1.00000 |       1.00000 |      37.02458 |      36.62550 |   14580.95703 |   10845.40723 |    3729.24878 |   14581.31934 |      36.50000 |      37.00000 | 
     53.33233 |      33.70294 |       0.01875 |       0.00585 |       0.01754 |       1.00000 |       1.00000 |      37.02461 |      36.62548 |   14577.00098 |   10842.24805 |    3728.45142 |   14577.36230 |      36.50000 |      37.00000 | 
     55.47176 |      60.48143 |       0.01803 |       0.00585 |       0.01754 |       1.00000 |       1.00000 |      37.02465 |      36.62545 |   14572.85645 |   10840.78320 |    3725.77222 |   14573.21973 |      36.50000 |      37.00000 | 
     53.66537 |      33.51993 |       0.01863 |       0.00585 |       0.01754 |       1.00000 |       1.00000 |      37.02469 |      36.62541 |   14567.74219 |   10839.06445 |    3722.37573 |   14568.10547 |      36.50000 |      37.00000 | 
     55.65809 |      60.54368 |       0.01797 |       0.00585 |       0.01754 |       1.00000 |       1.00000 |      37.02473 |      36.62539 |   14563.79980 |   10837.81445 |    3719.68481 |   14564.16406 |      36.50000 |      37.00000 | 
     56.94809 |      59.88741 |       0.01756 |       0.00585 |       0.01754 |       1.00000 |       1.00000 |      37.02476 |      36.62535 |   14559.92676 |   10840.99609 |    3712.62964 |   14560.29004 |      36.50000 |      37.00000 | 
     57.78225 |      59.19261 |       0.01731 |       0.00585 |       0.01754 |       1.00000 |       1.00000 |      37.02480 |      36.62532 |   14556.13770 |   10838.60156 |    3711.23511 |   14556.50195 |      36.50000 |      37.00000 | 
     58.57141 |      60.95702 |       0.01707 |       0.00585 |       0.01754 |       1.00000 |       1.00000 |      37.02483 |      36.62530 |   14552.48340 |   10836.32812 |    3709.85449 |   14552.84668 |      36.50000 |      37.00000 | 
     58.99164 |      58.58574 |       0.01695 |       0.00585 |       0.01754 |       1.00000 |       1.00000 |      37.02486 |      36.62527 |   14548.90820 |   10834.13672 |    3708.46997 |   14549.27148 |      36.50000 |      37.00000 | 
     59.46451 |      60.34639 |       0.01682 |       0.00585 |       0.01754 |       1.00000 |       1.00000 |      37.02490 |      36.62524 |   14545.45801 |   10832.05859 |    3707.09790 |   14545.82129 |      36.50000 |      37.00000 | 
     56.12477 |      33.83866 |       0.01782 |       0.00585 |       0.01754 |       1.00000 |       1.00000 |      37.02494 |      36.62521 |   14541.22852 |   10829.56641 |    3705.36157 |   14541.59277 |      36.50000 |      37.00000 | 
     60.04846 |      58.93794 |       0.01665 |       0.00585 |       0.01754 |       1.00000 |       1.00000 |      37.02496 |      36.62519 |   14539.57617 |   10828.60840 |    3704.66748 |   14539.93945 |      36.50000 |      37.00000 | 
     57.32281 |      59.47425 |       0.01745 |       0.00585 |       0.01754 |       1.00000 |       1.00000 |      37.02500 |      36.62516 |   14535.84082 |   10826.47949 |    3703.05933 |   14536.20410 |      36.50000 |      37.00000 | 
     58.04918 |      59.36832 |       0.01723 |       0.00585 |       0.01754 |       1.00000 |       1.00000 |      37.02504 |      36.62513 |   14532.70996 |   10824.73828 |    3701.67041 |   14533.07324 |      36.50000 |      37.00000 | 
     58.58259 |      59.38595 |       0.01707 |       0.00585 |       0.01754 |       1.00000 |       1.00000 |      37.02507 |      36.62510 |   14529.68066 |   10823.09473 |    3700.28491 |   14530.04395 |      36.50000 |      37.00000 | 
     59.28992 |      61.03888 |       0.01687 |       0.00585 |       0.01754 |       1.00000 |       1.00000 |      37.02510 |      36.62507 |   14526.79395 |   10821.56738 |    3698.92383 |   14527.15723 |      36.50000 |      37.00000 | 
     59.42773 |      59.46717 |       0.01683 |       0.00585 |       0.01754 |       1.00000 |       1.00000 |      37.02514 |      36.62504 |   14523.94629 |   10820.10547 |    3697.54028 |   14524.30957 |      36.50000 |      37.00000 | 
     59.70215 |      60.03843 |       0.01675 |       0.00585 |       0.01754 |       1.00000 |       1.00000 |      37.02518 |      36.62502 |   14521.21875 |   10818.74609 |    3696.17139 |   14521.58203 |      36.50000 |      37.00000 | 
     59.75381 |      59.79073 |       0.01674 |       0.00585 |       0.01754 |       1.00000 |       1.00000 |      37.02521 |      36.62499 |   14518.56348 |   10817.46680 |    3694.79395 |   14518.92676 |      36.50000 |      37.00000 | 
     57.14786 |      59.73359 |       0.01750 |       0.00570 |       0.01635 |       1.00000 |       1.00000 |      37.02525 |      36.62495 |   14515.39160 |   10816.00781 |    3693.08276 |   14515.75488 |      36.50000 |      37.00000 | 
     57.98962 |      59.88741 |       0.01724 |       0.00570 |       0.01635 |       1.00000 |       1.00000 |      37.02529 |      36.62492 |   14512.93652 |   10814.92773 |    3691.70752 |   14513.29980 |      36.50000 |      37.00000 | 
     58.68220 |      61.69412 |       0.01704 |       0.00570 |       0.01635 |       1.00000 |       1.00000 |      37.02533 |      36.62490 |   14510.58203 |   10813.94336 |    3690.33862 |   14510.94531 |      36.50000 |      37.00000 | 
     59.05881 |      59.18561 |       0.01693 |       0.00570 |       0.01635 |       1.00000 |       1.00000 |      37.02536 |      36.62487 |   14508.31152 |   10813.04199 |    3688.96777 |   14508.67480 |      36.50000 |      37.00000 | 
     59.51329 |      60.69434 |       0.01680 |       0.00570 |       0.01635 |       1.00000 |       1.00000 |      37.02539 |      36.62484 |   14506.15137 |   10812.23926 |    3687.61157 |   14506.51660 |      36.50000 |      37.00000 | 
     59.56001 |      59.80146 |       0.01679 |       0.00570 |       0.01635 |       1.00000 |       1.00000 |      37.02542 |      36.62482 |   14504.74316 |   10811.74316 |    3686.69897 |   14505.10840 |      36.50000 |      37.00000 | 
     60.64884 |     120.12012 |       0.01649 |       0.00570 |       0.01635 |       1.00000 |       1.00000 |      37.02546 |      36.62479 |   14502.55176 |   10811.02637 |    3685.22388 |   14502.91699 |      36.50000 |      37.00000 | 
     57.50840 |      59.67299 |       0.01739 |       0.00570 |       0.01635 |       1.00000 |       1.00000 |      37.02550 |      36.62476 |   14500.11035 |   10810.31543 |    3683.49463 |   14500.47559 |      36.50000 |      37.00000 | 
     58.42839 |      61.46659 |       0.01711 |       0.00570 |       0.01635 |       1.00000 |       1.00000 |      37.02554 |      36.62473 |   14498.29785 |   10809.85156 |    3682.14453 |   14498.66211 |      36.50000 |      37.00000 | 
     57.12939 |      47.86750 |       0.01750 |       0.00570 |       0.01635 |       1.00000 |       1.00000 |      37.02557 |      36.62470 |   14496.41504 |   10809.43945 |    3680.67432 |   14496.78027 |      36.50000 |      37.00000 | 
     59.00547 |      42.23508 |       0.01695 |       0.00570 |       0.01635 |       1.00000 |       1.00000 |      37.02559 |      36.62468 |   14495.45117 |   10809.26172 |    3679.88843 |   14495.81641 |      36.50000 |      37.00000 | 
     59.40184 |      60.44853 |       0.01683 |       0.00570 |       0.01635 |       1.00000 |       1.00000 |      37.02563 |      36.62465 |   14493.86328 |   10810.88281 |    3676.67896 |   14494.22852 |      36.50000 |      37.00000 | 
     56.07910 |      40.29171 |       0.01783 |       0.00570 |       0.01635 |       1.00000 |       1.00000 |      37.02566 |      36.62463 |   14492.60156 |   10809.20996 |    3677.09058 |   14492.96680 |      36.50000 |      37.00000 | 
     57.22321 |      59.82650 |       0.01748 |       0.00570 |       0.01635 |       1.00000 |       1.00000 |      37.02569 |      36.62460 |   14491.15527 |   10801.52930 |    3683.32349 |   14491.51953 |      36.50000 |      37.00000 | 
     57.93395 |      58.99357 |       0.01726 |       0.00570 |       0.01635 |       1.00000 |       1.00000 |      37.02573 |      36.62458 |   14489.78809 |   10801.96875 |    3681.51733 |   14490.15234 |      36.50000 |      37.00000 | 
     58.78944 |      59.55571 |       0.01701 |       0.00570 |       0.01635 |       1.00000 |       1.00000 |      37.02576 |      36.62455 |   14488.53125 |   10802.47949 |    3679.75122 |   14488.89648 |      36.50000 |      37.00000 | 
     59.09642 |      59.70149 |       0.01692 |       0.00570 |       0.01635 |       1.00000 |       1.00000 |      37.02578 |      36.62453 |   14487.73145 |   10807.34180 |    3674.08691 |   14488.09668 |      36.50000 |      37.00000 | 
     56.60649 |      59.89817 |       0.01767 |       0.00570 |       0.01635 |       1.00000 |       1.00000 |      37.02583 |      36.62450 |   14486.32324 |   10806.44531 |    3673.57666 |   14486.68848 |      36.50000 |      37.00000 | 
     57.44609 |      61.13591 |       0.01741 |       0.00570 |       0.01635 |       1.00000 |       1.00000 |      37.02585 |      36.62448 |   14485.62988 |   10806.02246 |    3673.30762 |   14485.99512 |      36.50000 |      37.00000 | 
     52.59061 |      40.08980 |       0.01901 |       0.00570 |       0.01635 |       1.00000 |       1.00000 |      37.02590 |      36.62444 |   14484.25977 |   10805.22949 |    3672.72852 |   14484.62500 |      36.50000 |      37.00000 | 
     55.07224 |      60.36096 |       0.01816 |       0.00570 |       0.01635 |       1.00000 |       1.00000 |      37.02594 |      36.62442 |   14483.39844 |   10804.77246 |    3672.32568 |   14483.76367 |      36.50000 |      37.00000 | 
     54.04921 |      58.50690 |       0.01850 |       0.00608 |       0.01729 |       1.00000 |       1.00000 |      37.02598 |      36.62438 |   14482.42578 |   10804.30664 |    3671.81787 |   14482.79004 |      36.50000 |      37.00000 | 
     55.48758 |      60.03843 |       0.01802 |       0.00608 |       0.01729 |       1.00000 |       1.00000 |      37.02600 |      36.62436 |   14481.96582 |   10804.11133 |    3671.55298 |   14482.33105 |      36.50000 |      37.00000 | 
     54.43576 |      60.47778 |       0.01837 |       0.00608 |       0.01729 |       1.00000 |       1.00000 |      37.02605 |      36.62433 |   14481.18359 |   10803.83496 |    3671.04761 |   14481.54883 |      36.50000 |      37.00000 | 
     52.59370 |      34.28062 |       0.01901 |       0.00608 |       0.01729 |       1.00000 |       1.00000 |      37.02608 |      36.62431 |   14480.69141 |   10803.71094 |    3670.68042 |   14481.05566 |      36.50000 |      37.00000 | 
     54.65693 |      59.24522 |       0.01830 |       0.00608 |       0.01729 |       1.00000 |       1.00000 |      37.02612 |      36.62428 |   14480.22070 |   10803.64258 |    3670.27710 |   14480.58594 |      36.50000 |      37.00000 | 
     56.48393 |      60.20107 |       0.01770 |       0.00608 |       0.01729 |       1.00000 |       1.00000 |      37.02615 |      36.62425 |   14479.83496 |   10803.65137 |    3669.88208 |   14480.20020 |      36.50000 |      37.00000 | 
     57.55156 |      58.67512 |       0.01738 |       0.00608 |       0.01729 |       1.00000 |       1.00000 |      37.02618 |      36.62423 |   14479.52051 |   10803.73535 |    3669.48413 |   14479.88574 |      36.50000 |      37.00000 | 
     55.08927 |      34.28415 |       0.01815 |       0.00608 |       0.01729 |       1.00000 |       1.00000 |      37.02623 |      36.62420 |   14479.23633 |   10803.94629 |    3668.99023 |   14479.60156 |      36.50000 |      37.00000 | 
     56.57057 |      60.08532 |       0.01768 |       0.00608 |       0.01729 |       1.00000 |       1.00000 |      37.02626 |      36.62417 |   14479.08887 |   10804.19238 |    3668.59448 |   14479.45605 |      36.50000 |      37.00000 | 
     57.59425 |      60.49607 |       0.01736 |       0.00608 |       0.01729 |       1.00000 |       1.00000 |      37.02629 |      36.62415 |   14479.01465 |   10804.51465 |    3668.19849 |   14479.38086 |      36.50000 |      37.00000 | 
     58.35175 |      59.33662 |       0.01714 |       0.00608 |       0.01729 |       1.00000 |       1.00000 |      37.02633 |      36.62412 |   14479.01270 |   10804.90625 |    3667.80518 |   14479.37988 |      36.50000 |      37.00000 | 
     58.93689 |      59.64808 |       0.01697 |       0.00608 |       0.01729 |       1.00000 |       1.00000 |      37.02636 |      36.62409 |   14479.08301 |   10805.36719 |    3667.41479 |   14479.44922 |      36.50000 |      37.00000 | 
     59.32192 |      60.45218 |       0.01686 |       0.00608 |       0.01729 |       1.00000 |       1.00000 |      37.02640 |      36.62407 |   14479.22363 |   10805.89746 |    3667.02466 |   14479.58984 |      36.50000 |      37.00000 | 
     59.53657 |      60.38283 |       0.01680 |       0.00608 |       0.01729 |       1.00000 |       1.00000 |      37.02642 |      36.62405 |   14479.35547 |   10806.28809 |    3666.76587 |   14479.72168 |      36.50000 |      37.00000 | 
     56.41145 |      39.66680 |       0.01773 |       0.00608 |       0.01729 |       1.00000 |       1.00000 |      37.02646 |      36.62402 |   14479.69629 |   10804.27051 |    3669.12354 |   14480.06250 |      36.50000 |      37.00000 | 
     57.55247 |      60.59137 |       0.01738 |       0.00608 |       0.01729 |       1.00000 |       1.00000 |      37.02650 |      36.62399 |   14480.04004 |   10806.49121 |    3667.24658 |   14480.40625 |      36.50000 |      37.00000 | 
     58.40360 |      59.84798 |       0.01712 |       0.00608 |       0.01729 |       1.00000 |       1.00000 |      37.02653 |      36.62397 |   14480.45020 |   10808.77148 |    3665.37793 |   14480.81641 |      36.50000 |      37.00000 | 
     58.96268 |      60.46315 |       0.01696 |       0.00608 |       0.01729 |       1.00000 |       1.00000 |      37.02657 |      36.62394 |   14480.92773 |   10811.11133 |    3663.51440 |   14481.29395 |      36.50000 |      37.00000 | 
     59.28679 |      59.88741 |       0.01687 |       0.00608 |       0.01729 |       1.00000 |       1.00000 |      37.02660 |      36.62392 |   14481.47266 |   10813.52148 |    3661.64966 |   14481.83887 |      36.50000 |      37.00000 | 
     56.81010 |      59.99160 |       0.01760 |       0.00608 |       0.01729 |       1.00000 |       1.00000 |      37.02664 |      36.62389 |   14482.25000 |   10816.62598 |    3659.32324 |   14482.61621 |      36.50000 |      37.00000 | 
     57.77482 |      60.35003 |       0.01731 |       0.00540 |       0.01619 |       1.00000 |       1.00000 |      37.02668 |      36.62386 |   14482.94336 |   10819.17773 |    3657.46558 |   14483.31055 |      36.50000 |      37.00000 | 
     58.49044 |      61.17331 |       0.01710 |       0.00540 |       0.01619 |       1.00000 |       1.00000 |      37.02671 |      36.62384 |   14483.70020 |   10821.78418 |    3655.61548 |   14484.06641 |      36.50000 |      37.00000 | 
     59.03040 |      60.62811 |       0.01694 |       0.00540 |       0.01619 |       1.00000 |       1.00000 |      37.02674 |      36.62381 |   14484.51562 |   10824.43457 |    3653.78003 |   14484.88281 |      36.50000 |      37.00000 | 
     59.44747 |      60.65385 |       0.01682 |       0.00540 |       0.01619 |       1.00000 |       1.00000 |      37.02678 |      36.62379 |   14485.39160 |   10835.99707 |    3643.09448 |   14485.75781 |      36.50000 |      37.00000 | 
     56.87499 |      59.78716 |       0.01758 |       0.00540 |       0.01619 |       1.00000 |       1.00000 |      37.02682 |      36.62376 |   14486.58789 |   10837.12988 |    3643.15576 |   14486.95410 |      36.50000 |      37.00000 | 
     57.64426 |      58.57888 |       0.01735 |       0.00540 |       0.01619 |       1.00000 |       1.00000 |      37.02686 |      36.62374 |   14487.61719 |   10838.10449 |    3643.21094 |   14487.98340 |      36.50000 |      37.00000 | 
     58.56222 |      60.18658 |       0.01708 |       0.00540 |       0.01619 |       1.00000 |       1.00000 |      37.02689 |      36.62371 |   14488.68359 |   10839.10156 |    3643.28027 |   14489.04980 |      36.50000 |      37.00000 | 
     59.11796 |      60.61341 |       0.01692 |       0.00540 |       0.01619 |       1.00000 |       1.00000 |      37.02692 |      36.62369 |   14489.81348 |   10840.15820 |    3643.35400 |   14490.17969 |      36.50000 |      37.00000 | 
     59.34529 |      60.05645 |       0.01685 |       0.00540 |       0.01619 |       1.00000 |       1.00000 |      37.02694 |      36.62367 |   14490.60059 |   10840.88965 |    3643.41040 |   14490.96777 |      36.50000 |      37.00000 | 
     56.79634 |      60.09615 |       0.01761 |       0.00540 |       0.01619 |       1.00000 |       1.00000 |      37.02699 |      36.62364 |   14492.16602 |   10842.33008 |    3643.53369 |   14492.53223 |      36.50000 |      37.00000 | 
     57.69911 |      59.86232 |       0.01733 |       0.00540 |       0.01619 |       1.00000 |       1.00000 |      37.02702 |      36.62362 |   14493.47754 |   10843.53906 |    3643.63672 |   14493.84375 |      36.50000 |      37.00000 | 
     58.56306 |      60.62076 |       0.01708 |       0.00540 |       0.01619 |       1.00000 |       1.00000 |      37.02705 |      36.62360 |   14494.82715 |   10844.76953 |    3643.75732 |   14495.19336 |      36.50000 |      37.00000 | 
     59.06609 |      60.56935 |       0.01693 |       0.00540 |       0.01619 |       1.00000 |       1.00000 |      37.02708 |      36.62357 |   14496.23828 |   10843.30664 |    3646.63086 |   14496.60449 |      36.50000 |      37.00000 | 
     55.90736 |      33.56831 |       0.01789 |       0.00540 |       0.01619 |       1.00000 |       1.00000 |      37.02713 |      36.62355 |   14498.09375 |   10846.10156 |    3645.69043 |   14498.45996 |      36.50000 |      37.00000 | 
     57.12862 |      60.02761 |       0.01750 |       0.00540 |       0.01619 |       1.00000 |       1.00000 |      37.02716 |      36.62352 |   14499.63184 |   10848.37988 |    3644.95117 |   14499.99902 |      36.50000 |      37.00000 | 
     58.17076 |      61.14712 |       0.01719 |       0.00540 |       0.01619 |       1.00000 |       1.00000 |      37.02719 |      36.62350 |   14501.20801 |   10850.67676 |    3644.22949 |   14501.57812 |      36.50000 |      37.00000 | 
     55.93625 |      58.25130 |       0.01788 |       0.00540 |       0.01619 |       1.00000 |       1.00000 |      37.02723 |      36.62347 |   14503.29102 |   10852.39746 |    3644.59180 |   14503.65723 |      36.50000 |      37.00000 | 
     53.77305 |      40.03523 |       0.01860 |       0.00540 |       0.01619 |       1.00000 |       1.00000 |      37.02726 |      36.62346 |   14504.69336 |   10854.84668 |    3643.54419 |   14505.06250 |      36.50000 |      37.00000 | 
     52.62897 |      34.26300 |       0.01900 |       0.00540 |       0.01619 |       1.00000 |       1.00000 |      37.02730 |      36.62342 |   14506.87988 |   10858.59277 |    3641.98511 |   14507.25000 |      36.50000 |      37.00000 | 
     54.85819 |      60.00240 |       0.01823 |       0.00540 |       0.01619 |       1.00000 |       1.00000 |      37.02733 |      36.62340 |   14508.68262 |   10861.63477 |    3640.74658 |   14509.05273 |      36.50000 |      37.00000 | 
     52.95058 |      34.19622 |       0.01889 |       0.00540 |       0.01619 |       1.00000 |       1.00000 |      37.02736 |      36.62338 |   14510.37598 |   10864.44922 |    3639.62524 |   14510.74219 |      36.50000 |      37.00000 | 
     54.41274 |      60.40106 |       0.01838 |       0.00553 |       0.01774 |       1.00000 |       1.00000 |      37.02739 |      36.62337 |   14511.63672 |   10866.51465 |    3638.82153 |   14512.00684 |      36.50000 |      37.00000 | 
     53.81022 |      60.97189 |       0.01858 |       0.00553 |       0.01774 |       1.00000 |       1.00000 |      37.02742 |      36.62334 |   14514.05176 |   10870.42285 |    3637.32690 |   14514.42188 |      36.50000 |      37.00000 | 
     52.14233 |      34.52800 |       0.01918 |       0.00553 |       0.01774 |       1.00000 |       1.00000 |      37.02745 |      36.62332 |   14515.86328 |   10873.31641 |    3636.24585 |   14516.23340 |      36.50000 |      37.00000 | 
     54.45282 |      60.12506 |       0.01836 |       0.00553 |       0.01774 |       1.00000 |       1.00000 |      37.02748 |      36.62330 |   14517.88965 |   10876.51074 |    3635.07739 |   14518.25977 |      36.50000 |      37.00000 | 
     56.19386 |      60.09977 |       0.01780 |       0.00553 |       0.01774 |       1.00000 |       1.00000 |      37.02752 |      36.62328 |   14519.95117 |   10879.72461 |    3633.92627 |   14520.32129 |      36.50000 |      37.00000 | 
     57.42754 |      60.19382 |       0.01741 |       0.00553 |       0.01774 |       1.00000 |       1.00000 |      37.02755 |      36.62326 |   14522.05273 |   10882.95605 |    3632.79565 |   14522.42285 |      36.50000 |      37.00000 | 
     54.66908 |      33.69386 |       0.01829 |       0.00553 |       0.01774 |       1.00000 |       1.00000 |      37.02758 |      36.62324 |   14524.04004 |   10885.97852 |    3631.76001 |   14524.41016 |      36.50000 |      37.00000 | 
     56.26757 |      59.93407 |       0.01777 |       0.00553 |       0.01774 |       1.00000 |       1.00000 |      37.02761 |      36.62322 |   14526.23145 |   10889.28223 |    3630.64746 |   14526.60156 |      36.50000 |      37.00000 | 
     57.53283 |      61.29329 |       0.01738 |       0.00553 |       0.01774 |       1.00000 |       1.00000 |      37.02765 |      36.62320 |   14528.44824 |   10892.58789 |    3629.55933 |   14528.81836 |      36.50000 |      37.00000 | 
     58.28775 |      60.29181 |       0.01716 |       0.00553 |       0.01774 |       1.00000 |       1.00000 |      37.02768 |      36.62318 |   14530.71777 |   10895.94043 |    3628.47559 |   14531.08789 |      36.50000 |      37.00000 | 
     58.79366 |      59.88024 |       0.01701 |       0.00553 |       0.01774 |       1.00000 |       1.00000 |      37.02769 |      36.62316 |   14532.23438 |   10898.16309 |    3627.77148 |   14532.60449 |      36.50000 |      37.00000 | 
     56.40602 |      59.56636 |       0.01773 |       0.00553 |       0.01774 |       1.00000 |       1.00000 |      37.02774 |      36.62313 |   14535.17285 |   10902.42188 |    3626.45020 |   14535.54297 |      36.50000 |      37.00000 | 
     57.52179 |      60.96817 |       0.01738 |       0.00553 |       0.01774 |       1.00000 |       1.00000 |      37.02777 |      36.62312 |   14537.55371 |   10905.83887 |    3625.41382 |   14537.92383 |      36.50000 |      37.00000 | 
     58.33679 |      59.66587 |       0.01714 |       0.00553 |       0.01774 |       1.00000 |       1.00000 |      37.02780 |      36.62310 |   14539.95996 |   10909.26367 |    3624.39502 |   14540.33008 |      36.50000 |      37.00000 | 
     58.99470 |      60.54735 |       0.01695 |       0.00553 |       0.01774 |       1.00000 |       1.00000 |      37.02783 |      36.62308 |   14542.39062 |   10912.69238 |    3623.39624 |   14542.76074 |      36.50000 |      37.00000 | 
     56.54233 |      61.05752 |       0.01769 |       0.00553 |       0.01774 |       1.00000 |       1.00000 |      37.02787 |      36.62305 |   14545.54199 |   10917.09961 |    3622.14209 |   14545.91211 |      36.50000 |      37.00000 | 
     57.76344 |      60.53269 |       0.01731 |       0.00553 |       0.01774 |       1.00000 |       1.00000 |      37.02790 |      36.62303 |   14548.04688 |   10920.56836 |    3621.17651 |   14548.41699 |      36.50000 |      37.00000 | 
     55.03970 |      33.62927 |       0.01817 |       0.00553 |       0.01774 |       1.00000 |       1.00000 |      37.02794 |      36.62300 |   14551.27344 |   10928.79395 |    3616.17725 |   14551.64355 |      36.50000 |      37.00000 | 
     56.49374 |      59.16109 |       0.01770 |       0.00553 |       0.01774 |       1.00000 |       1.00000 |      37.02797 |      36.62299 |   14553.88086 |   10931.08789 |    3616.49121 |   14554.25098 |      36.50000 |      37.00000 | 
     57.73394 |      61.13964 |       0.01732 |       0.00553 |       0.01774 |       1.00000 |       1.00000 |      37.02800 |      36.62297 |   14556.49121 |   10933.37598 |    3616.81323 |   14556.86035 |      36.50000 |      37.00000 | 
     58.49897 |      59.80861 |       0.01709 |       0.00551 |       0.01598 |       1.00000 |       1.00000 |      37.02803 |      36.62295 |   14559.14258 |   10935.68555 |    3617.15527 |   14559.51270 |      36.50000 |      37.00000 | 
     55.53327 |      33.78949 |       0.01801 |       0.00551 |       0.01598 |       1.00000 |       1.00000 |      37.02807 |      36.62292 |   14562.52246 |   10938.63379 |    3617.58789 |   14562.89258 |      36.50000 |      37.00000 | 
     56.79396 |      59.00053 |       0.01761 |       0.00551 |       0.01598 |       1.00000 |       1.00000 |      37.02810 |      36.62291 |   14565.26270 |   10941.00879 |    3617.95264 |   14565.63281 |      36.50000 |      37.00000 | 
     57.93848 |      59.87307 |       0.01726 |       0.00551 |       0.01598 |       1.00000 |       1.00000 |      37.02813 |      36.62289 |   14567.99023 |   10943.37402 |    3618.31470 |   14568.36035 |      36.50000 |      37.00000 | 
     58.60847 |      60.36460 |       0.01706 |       0.00551 |       0.01598 |       1.00000 |       1.00000 |      37.02816 |      36.62287 |   14570.76758 |   10945.77148 |    3618.69507 |   14571.13770 |      36.50000 |      37.00000 | 
     55.50893 |      33.78721 |       0.01802 |       0.00551 |       0.01598 |       1.00000 |       1.00000 |      37.02819 |      36.62285 |   14573.35547 |   10952.02246 |    3615.03101 |   14573.72461 |      36.50000 |      37.00000 | 
     56.79945 |      59.75143 |       0.01761 |       0.00551 |       0.01598 |       1.00000 |       1.00000 |      37.02822 |      36.62283 |   14576.19727 |   10952.93262 |    3616.96216 |   14576.56738 |      36.50000 |      37.00000 | 
     57.95378 |      59.94844 |       0.01726 |       0.00551 |       0.01598 |       1.00000 |       1.00000 |      37.02825 |      36.62281 |   14579.02441 |   10953.85742 |    3618.86572 |   14579.39355 |      36.50000 |      37.00000 | 
     58.63494 |      60.08893 |       0.01705 |       0.00551 |       0.01598 |       1.00000 |       1.00000 |      37.02828 |      36.62280 |   14581.89551 |   10954.80859 |    3620.78491 |   14582.26562 |      36.50000 |      37.00000 | 
     55.66542 |      33.69159 |       0.01796 |       0.00551 |       0.01598 |       1.00000 |       1.00000 |      37.02832 |      36.62278 |   14585.53613 |   10956.04004 |    3623.19507 |   14585.90625 |      36.50000 |      37.00000 | 
     56.88391 |      59.75858 |       0.01758 |       0.00551 |       0.01598 |       1.00000 |       1.00000 |      37.02834 |      36.62276 |   14588.48145 |   10957.05176 |    3625.12744 |   14588.85156 |      36.50000 |      37.00000 | 
     57.88229 |      59.50256 |       0.01728 |       0.00551 |       0.01598 |       1.00000 |       1.00000 |      37.02837 |      36.62274 |   14591.42285 |   10958.07520 |    3627.04541 |   14591.79199 |      36.50000 |      37.00000 | 
     58.62632 |      59.43536 |       0.01706 |       0.00551 |       0.01598 |       1.00000 |       1.00000 |      37.02840 |      36.62272 |   14594.37598 |   10959.12109 |    3628.95337 |   14594.74609 |      36.50000 |      37.00000 | 
     56.31920 |      59.06326 |       0.01776 |       0.00551 |       0.01598 |       1.00000 |       1.00000 |      37.02844 |      36.62270 |   14598.12500 |   10960.46191 |    3631.36304 |   14598.49707 |      36.50000 |      37.00000 | 
     57.57156 |      59.90176 |       0.01737 |       0.00551 |       0.01598 |       1.00000 |       1.00000 |      37.02847 |      36.62268 |   14601.12012 |   10961.54688 |    3633.27148 |   14601.49219 |      36.50000 |      37.00000 | 
     58.17982 |      60.29181 |       0.01719 |       0.00551 |       0.01598 |       1.00000 |       1.00000 |      37.02849 |      36.62267 |   14603.12598 |   10962.28320 |    3634.54150 |   14603.49805 |      36.50000 |      37.00000 | 
     56.11559 |      59.58410 |       0.01782 |       0.00551 |       0.01598 |       1.00000 |       1.00000 |      37.02853 |      36.62265 |   14606.96289 |   10963.69922 |    3636.96240 |   14607.33496 |      36.50000 |      37.00000 | 
     54.87145 |      59.86948 |       0.01822 |       0.00551 |       0.01598 |       1.00000 |       1.00000 |      37.02856 |      36.62263 |   14610.79297 |   10965.12891 |    3639.36328 |   14611.16406 |      36.50000 |      37.00000 | 
     51.07865 |      39.49291 |       0.01958 |       0.00551 |       0.01598 |       1.00000 |       1.00000 |      37.02860 |      36.62260 |   14615.20020 |   10966.79688 |    3642.10156 |   14615.57129 |      36.50000 |      37.00000 | 
     53.78201 |      60.32091 |       0.01859 |       0.00551 |       0.01598 |       1.00000 |       1.00000 |      37.02863 |      36.62259 |   14618.28906 |   10967.97852 |    3644.00903 |   14618.66113 |      36.50000 |      37.00000 | 
     52.04465 |      33.12574 |       0.01921 |       0.00562 |       0.01721 |       1.00000 |       1.00000 |      37.02866 |      36.62257 |   14621.19727 |   10969.09473 |    3645.79980 |   14621.56836 |      36.50000 |      37.00000 | 
     51.56795 |      33.78378 |       0.01939 |       0.00562 |       0.01721 |       1.00000 |       1.00000 |      37.02869 |      36.62255 |   14625.11328 |   10970.61523 |    3648.19629 |   14625.48535 |      36.50000 |      37.00000 | 
     54.08662 |      60.19020 |       0.01849 |       0.00562 |       0.01721 |       1.00000 |       1.00000 |      37.02872 |      36.62254 |   14628.25391 |   10966.97266 |    3654.98022 |   14628.62500 |      36.50000 |      37.00000 | 
     52.29732 |      33.50084 |       0.01912 |       0.00562 |       0.01721 |       1.00000 |       1.00000 |      37.02875 |      36.62252 |   14631.18164 |   10969.70508 |    3655.17456 |   14631.55273 |      36.50000 |      37.00000 | 
     54.65275 |      60.42661 |       0.01830 |       0.00562 |       0.01721 |       1.00000 |       1.00000 |      37.02878 |      36.62251 |   14634.33691 |   10972.64844 |    3655.38794 |   14634.70898 |      36.50000 |      37.00000 | 
     56.13658 |      59.15409 |       0.01781 |       0.00562 |       0.01721 |       1.00000 |       1.00000 |      37.02880 |      36.62249 |   14637.54297 |   10975.62988 |    3655.61182 |   14637.91406 |      36.50000 |      37.00000 | 
     57.41647 |      59.44243 |       0.01742 |       0.00562 |       0.01721 |       1.00000 |       1.00000 |      37.02884 |      36.62247 |   14640.71289 |   10978.57227 |    3655.83936 |   14641.08398 |      36.50000 |      37.00000 | 
     58.35167 |      60.61708 |       0.01714 |       0.00562 |       0.01721 |       1.00000 |       1.00000 |      37.02886 |      36.62246 |   14643.88867 |   10981.51465 |    3656.07153 |   14644.26074 |      36.50000 |      37.00000 | 
     55.36442 |      33.74616 |       0.01806 |       0.00562 |       0.01721 |       1.00000 |       1.00000 |      37.02889 |      36.62244 |   14646.84473 |   10984.25000 |    3656.29468 |   14647.21680 |      36.50000 |      37.00000 | 
     56.68478 |      59.32254 |       0.01764 |       0.00562 |       0.01721 |       1.00000 |       1.00000 |      37.02892 |      36.62243 |   14650.07812 |   10987.23242 |    3656.54370 |   14650.45020 |      36.50000 |      37.00000 | 
     57.83398 |      59.96642 |       0.01729 |       0.00562 |       0.01721 |       1.00000 |       1.00000 |      37.02894 |      36.62241 |   14653.27734 |   10990.18164 |    3656.79443 |   14653.64844 |      36.50000 |      37.00000 | 
     58.52699 |      59.72645 |       0.01709 |       0.00562 |       0.01721 |       1.00000 |       1.00000 |      37.02897 |      36.62240 |   14656.50195 |   10993.14258 |    3657.05786 |   14656.87305 |      36.50000 |      37.00000 | 
     55.59301 |      33.81234 |       0.01799 |       0.00562 |       0.01721 |       1.00000 |       1.00000 |      37.02901 |      36.62238 |   14660.55664 |   10996.86523 |    3657.38965 |   14660.92871 |      36.50000 |      37.00000 | 
     56.85516 |      59.19612 |       0.01759 |       0.00562 |       0.01721 |       1.00000 |       1.00000 |      37.02903 |      36.62237 |   14663.81250 |   10999.84277 |    3657.66797 |   14664.18359 |      36.50000 |      37.00000 | 
     57.98110 |      60.39012 |       0.01725 |       0.00562 |       0.01721 |       1.00000 |       1.00000 |      37.02906 |      36.62235 |   14667.03320 |   11002.78613 |    3657.94580 |   14667.40430 |      36.50000 |      37.00000 | 
     58.65111 |      59.92689 |       0.01705 |       0.00562 |       0.01721 |       1.00000 |       1.00000 |      37.02909 |      36.62234 |   14670.27637 |   11005.74414 |    3658.23022 |   14670.64746 |      36.50000 |      37.00000 | 
     55.70125 |      34.38317 |       0.01795 |       0.00562 |       0.01721 |       1.00000 |       1.00000 |      37.02912 |      36.62232 |   14674.33203 |   11009.43066 |    3658.59912 |   14674.70410 |      36.50000 |      37.00000 | 
     56.99265 |      60.01320 |       0.01755 |       0.00562 |       0.01721 |       1.00000 |       1.00000 |      37.02915 |      36.62231 |   14677.59375 |   11012.39355 |    3658.89819 |   14677.96582 |      36.50000 |      37.00000 | 
     57.87659 |      60.59137 |       0.01728 |       0.00562 |       0.01721 |       1.00000 |       1.00000 |      37.02917 |      36.62229 |   14680.86328 |   11015.35547 |    3659.20581 |   14681.23535 |      36.50000 |      37.00000 | 
     58.58331 |      59.89458 |       0.01707 |       0.00562 |       0.01721 |       1.00000 |       1.00000 |      37.02920 |      36.62228 |   14684.11133 |   11018.29492 |    3659.51538 |   14684.48340 |      36.50000 |      37.00000 | 
     59.08360 |      59.58410 |       0.01693 |       0.00538 |       0.01578 |       1.00000 |       1.00000 |      37.02923 |      36.62226 |   14687.35938 |   11021.22070 |    3659.83691 |   14687.73047 |      36.50000 |      37.00000 | 
     55.83881 |      33.86960 |       0.01791 |       0.00538 |       0.01578 |       1.00000 |       1.00000 |      37.02925 |      36.62225 |   14690.35645 |   11023.92090 |    3660.13428 |   14690.72852 |      36.50000 |      37.00000 | 
     60.83366 |     120.65637 |       0.01644 |       0.00538 |       0.01578 |       1.00000 |       1.00000 |      37.02927 |      36.62224 |   14693.05859 |   11026.35156 |    3660.40698 |   14693.43066 |      36.50000 |      37.00000 | 
     57.73376 |      61.31584 |       0.01732 |       0.00538 |       0.01578 |       1.00000 |       1.00000 |      37.02931 |      36.62222 |   14697.16211 |   11030.50879 |    3660.35132 |   14697.53418 |      36.50000 |      37.00000 | 
     58.28518 |      60.27728 |       0.01716 |       0.00538 |       0.01578 |       1.00000 |       1.00000 |      37.02933 |      36.62222 |   14699.32520 |   11032.35645 |    3660.66772 |   14699.69727 |      36.50000 |      37.00000 | 
     55.96081 |      58.40098 |       0.01787 |       0.00538 |       0.01578 |       1.00000 |       1.00000 |      37.02936 |      36.62220 |   14703.45605 |   11035.88086 |    3661.27319 |   14703.82812 |      36.50000 |      37.00000 | 
     57.36037 |      59.69080 |       0.01743 |       0.00538 |       0.01578 |       1.00000 |       1.00000 |      37.02938 |      36.62218 |   14706.67871 |   11038.62891 |    3661.74902 |   14707.04980 |      36.50000 |      37.00000 | 
     58.30647 |      60.12506 |       0.01715 |       0.00538 |       0.01578 |       1.00000 |       1.00000 |      37.02941 |      36.62217 |   14709.90527 |   11041.36816 |    3662.23584 |   14710.27734 |      36.50000 |      37.00000 | 
     56.20385 |      60.32819 |       0.01779 |       0.00538 |       0.01578 |       1.00000 |       1.00000 |      37.02945 |      36.62215 |   14713.99219 |   11044.83496 |    3662.85596 |   14714.36328 |      36.50000 |      37.00000 | 
     57.36478 |      59.94844 |       0.01743 |       0.00538 |       0.01578 |       1.00000 |       1.00000 |      37.02947 |      36.62214 |   14717.23633 |   11047.57520 |    3663.35864 |   14717.60840 |      36.50000 |      37.00000 | 
     54.91525 |      33.98586 |       0.01821 |       0.00538 |       0.01578 |       1.00000 |       1.00000 |      37.02950 |      36.62213 |   14721.28320 |   11053.04492 |    3661.93677 |   14721.65527 |      36.50000 |      37.00000 | 
     56.50468 |      61.19577 |       0.01770 |       0.00538 |       0.01578 |       1.00000 |       1.00000 |      37.02953 |      36.62211 |   14724.50977 |   11055.12012 |    3663.08740 |   14724.88086 |      36.50000 |      37.00000 | 
     57.62026 |      59.44950 |       0.01736 |       0.00538 |       0.01578 |       1.00000 |       1.00000 |      37.02956 |      36.62210 |   14727.72559 |   11057.18750 |    3664.23633 |   14728.09766 |      36.50000 |      37.00000 | 
     55.69987 |      59.45303 |       0.01795 |       0.00538 |       0.01578 |       1.00000 |       1.00000 |      37.02959 |      36.62209 |   14731.74609 |   11059.76367 |    3665.68066 |   14732.11719 |      36.50000 |      37.00000 | 
     53.48162 |      33.71431 |       0.01870 |       0.00538 |       0.01578 |       1.00000 |       1.00000 |      37.02961 |      36.62207 |   14734.69922 |   11061.65234 |    3666.74561 |   14735.07031 |      36.50000 |      37.00000 | 
     51.98728 |      40.28522 |       0.01924 |       0.00538 |       0.01578 |       1.00000 |       1.00000 |      37.02963 |      36.62206 |   14737.34766 |   11063.33594 |    3667.70996 |   14737.71973 |      36.50000 |      37.00000 | 
     54.39088 |      60.52902 |       0.01839 |       0.00538 |       0.01578 |       1.00000 |       1.00000 |      37.02966 |      36.62205 |   14740.53809 |   11065.36523 |    3668.87085 |   14740.90918 |      36.50000 |      37.00000 | 
     53.70349 |      60.64649 |       0.01862 |       0.00538 |       0.01578 |       1.00000 |       1.00000 |      37.02969 |      36.62204 |   14744.52832 |   11067.89648 |    3670.33105 |   14744.90039 |      36.50000 |      37.00000 | 
     52.14832 |      34.08897 |       0.01918 |       0.00538 |       0.01578 |       1.00000 |       1.00000 |      37.02971 |      36.62203 |   14747.43359 |   11069.72852 |    3671.40332 |   14747.80566 |      36.50000 |      37.00000 | 
     50.81549 |      39.84699 |       0.01968 |       0.00538 |       0.01578 |       1.00000 |       1.00000 |      37.02974 |      36.62202 |   14750.09570 |   11071.40820 |    3672.38647 |   14750.46777 |      36.50000 |      37.00000 | 
     53.60081 |      60.15761 |       0.01866 |       0.00596 |       0.01763 |       1.00000 |       1.00000 |      37.02976 |      36.62201 |   14753.23145 |   11073.37402 |    3673.55518 |   14753.60254 |      36.50000 |      37.00000 | 
     55.59118 |      60.64649 |       0.01799 |       0.00596 |       0.01763 |       1.00000 |       1.00000 |      37.02979 |      36.62199 |   14756.36914 |   11075.33984 |    3674.72729 |   14756.74023 |      36.50000 |      37.00000 | 
     54.39266 |      60.21557 |       0.01838 |       0.00596 |       0.01763 |       1.00000 |       1.00000 |      37.02982 |      36.62198 |   14760.32324 |   11077.80566 |    3676.21558 |   14760.69434 |      36.50000 |      37.00000 | 
     56.26957 |      61.17705 |       0.01777 |       0.00596 |       0.01763 |       1.00000 |       1.00000 |      37.02984 |      36.62197 |   14763.41602 |   11079.72363 |    3677.39136 |   14763.78809 |      36.50000 |      37.00000 | 
     57.34921 |      59.36832 |       0.01744 |       0.00596 |       0.01763 |       1.00000 |       1.00000 |      37.02987 |      36.62196 |   14766.53711 |   11081.65234 |    3678.58252 |   14766.90918 |      36.50000 |      37.00000 | 
     58.29612 |      60.56935 |       0.01715 |       0.00596 |       0.01763 |       1.00000 |       1.00000 |      37.02989 |      36.62195 |   14769.61133 |   11083.54688 |    3679.76245 |   14769.98340 |      36.50000 |      37.00000 | 
     55.33760 |      34.01708 |       0.01807 |       0.00596 |       0.01763 |       1.00000 |       1.00000 |      37.02991 |      36.62194 |   14772.44238 |   11085.29004 |    3680.85156 |   14772.81445 |      36.50000 |      37.00000 | 
     56.70430 |      59.78358 |       0.01764 |       0.00596 |       0.01763 |       1.00000 |       1.00000 |      37.02994 |      36.62193 |   14775.52539 |   11087.17188 |    3682.05200 |   14775.89648 |      36.50000 |      37.00000 | 
     57.79733 |      60.58770 |       0.01730 |       0.00596 |       0.01763 |       1.00000 |       1.00000 |      37.02996 |      36.62191 |   14778.57422 |   11089.02539 |    3683.24658 |   14778.94531 |      36.50000 |      37.00000 | 
     58.52249 |      60.25911 |       0.01709 |       0.00596 |       0.01763 |       1.00000 |       1.00000 |      37.02998 |      36.62191 |   14781.60938 |   11090.86621 |    3684.44238 |   14781.98145 |      36.50000 |      37.00000 | 
     59.05774 |      60.06006 |       0.01693 |       0.00596 |       0.01763 |       1.00000 |       1.00000 |      37.03001 |      36.62189 |   14784.62500 |   11092.68164 |    3685.64160 |   14784.99609 |      36.50000 |      37.00000 | 
     56.54694 |      59.03885 |       0.01768 |       0.00596 |       0.01763 |       1.00000 |       1.00000 |      37.03004 |      36.62188 |   14788.41113 |   11094.95605 |    3687.15503 |   14788.78320 |      36.50000 |      37.00000 | 
     57.56903 |      60.00240 |       0.01737 |       0.00596 |       0.01763 |       1.00000 |       1.00000 |      37.03006 |      36.62187 |   14791.41211 |   11096.74512 |    3688.36621 |   14791.78418 |      36.50000 |      37.00000 | 
     58.52983 |      60.76811 |       0.01709 |       0.00596 |       0.01763 |       1.00000 |       1.00000 |      37.03009 |      36.62186 |   14794.35645 |   11098.49121 |    3689.56396 |   14794.72852 |      36.50000 |      37.00000 | 
     58.97403 |      59.83366 |       0.01696 |       0.00596 |       0.01763 |       1.00000 |       1.00000 |      37.03011 |      36.62185 |   14797.31934 |   11100.24023 |    3690.77637 |   14797.69141 |      36.50000 |      37.00000 | 
     59.42529 |      60.99792 |       0.01683 |       0.00596 |       0.01763 |       1.00000 |       1.00000 |      37.03014 |      36.62184 |   14800.24219 |   11101.95605 |    3691.98413 |   14800.61328 |      36.50000 |      37.00000 | 
     55.90458 |      33.23474 |       0.01789 |       0.00596 |       0.01763 |       1.00000 |       1.00000 |      37.03016 |      36.62183 |   14802.97656 |   11103.55469 |    3693.12085 |   14803.34863 |      36.50000 |      37.00000 | 
     57.27544 |      60.10699 |       0.01746 |       0.00596 |       0.01763 |       1.00000 |       1.00000 |      37.03018 |      36.62182 |   14805.86816 |   11105.23242 |    3694.33521 |   14806.24023 |      36.50000 |      37.00000 | 
     57.98889 |      59.66943 |       0.01724 |       0.00596 |       0.01763 |       1.00000 |       1.00000 |      37.03020 |      36.62181 |   14808.78125 |   11106.90918 |    3695.57031 |   14809.15332 |      36.50000 |      37.00000 | 
     58.68211 |      59.21014 |       0.01704 |       0.00596 |       0.01763 |       1.00000 |       1.00000 |      37.03023 |      36.62180 |   14811.64062 |   11108.55176 |    3696.78735 |   14812.01270 |      36.50000 |      37.00000 | 
     59.25697 |      59.87666 |       0.01688 |       0.00596 |       0.01763 |       1.00000 |       1.00000 |      37.03025 |      36.62179 |   14814.46582 |   11110.16309 |    3698.00171 |   14814.83789 |      36.50000 |      37.00000 | 
     55.92025 |      34.13668 |       0.01788 |       0.00533 |       0.01607 |       1.00000 |       1.00000 |      37.03027 |      36.62178 |   14817.07422 |   11111.63672 |    3699.13574 |   14817.44531 |      36.50000 |      37.00000 | 
     57.02564 |      58.61321 |       0.01754 |       0.00533 |       0.01607 |       1.00000 |       1.00000 |      37.03030 |      36.62178 |   14819.91309 |   11113.23633 |    3700.37500 |   14820.28418 |      36.50000 |      37.00000 | 
     58.17787 |      61.43261 |       0.01719 |       0.00533 |       0.01607 |       1.00000 |       1.00000 |      37.03032 |      36.62177 |   14822.67676 |   11114.77637 |    3701.59839 |   14823.04785 |      36.50000 |      37.00000 | 
     58.72518 |      60.36825 |       0.01703 |       0.00533 |       0.01607 |       1.00000 |       1.00000 |      37.03035 |      36.62176 |   14825.45801 |   11116.31836 |    3702.83984 |   14825.83008 |      36.50000 |      37.00000 | 
     59.14486 |      59.76929 |       0.01691 |       0.00533 |       0.01607 |       1.00000 |       1.00000 |      37.03037 |      36.62175 |   14828.20801 |   11117.83203 |    3704.07422 |   14828.58008 |      36.50000 |      37.00000 | 
     55.94545 |      34.10757 |       0.01787 |       0.00533 |       0.01607 |       1.00000 |       1.00000 |      37.03039 |      36.62174 |   14830.70996 |   11119.19629 |    3705.21216 |   14831.08203 |      36.50000 |      37.00000 | 
     57.15318 |      60.23008 |       0.01750 |       0.00533 |       0.01607 |       1.00000 |       1.00000 |      37.03041 |      36.62173 |   14833.43457 |   11120.67188 |    3706.46191 |   14833.80566 |      36.50000 |      37.00000 | 
     57.94840 |      60.19020 |       0.01726 |       0.00533 |       0.01607 |       1.00000 |       1.00000 |      37.03044 |      36.62172 |   14836.14453 |   11122.12695 |    3707.71606 |   14836.51562 |      36.50000 |      37.00000 | 
     58.77017 |      59.88024 |       0.01702 |       0.00533 |       0.01607 |       1.00000 |       1.00000 |      37.03046 |      36.62172 |   14838.78906 |   11123.53027 |    3708.95679 |   14839.16113 |      36.50000 |      37.00000 | 
     59.18804 |      60.83095 |       0.01690 |       0.00533 |       0.01607 |       1.00000 |       1.00000 |      37.03048 |      36.62170 |   14841.43652 |   11124.92969 |    3710.20581 |   14841.80859 |      36.50000 |      37.00000 | 
     59.53103 |      60.58403 |       0.01680 |       0.00533 |       0.01607 |       1.00000 |       1.00000 |      37.03051 |      36.62170 |   14844.05176 |   11126.29395 |    3711.45581 |   14844.42383 |      36.50000 |      37.00000 | 
     56.79462 |      59.12262 |       0.01761 |       0.00533 |       0.01607 |       1.00000 |       1.00000 |      37.03053 |      36.62169 |   14847.34766 |   11127.99805 |    3713.04932 |   14847.71973 |      36.50000 |      37.00000 | 
     57.92312 |      60.00240 |       0.01726 |       0.00533 |       0.01607 |       1.00000 |       1.00000 |      37.03056 |      36.62168 |   14849.90332 |   11129.29883 |    3714.30371 |   14850.27441 |      36.50000 |      37.00000 | 
     55.99398 |      59.57700 |       0.01786 |       0.00533 |       0.01607 |       1.00000 |       1.00000 |      37.03058 |      36.62167 |   14853.10059 |   11130.90918 |    3715.89014 |   14853.47266 |      36.50000 |      37.00000 | 
     54.72529 |      60.33546 |       0.01827 |       0.00533 |       0.01607 |       1.00000 |       1.00000 |      37.03061 |      36.62166 |   14856.26172 |   11132.48145 |    3717.47876 |   14856.63379 |      36.50000 |      37.00000 | 
     52.74726 |      33.71431 |       0.01896 |       0.00533 |       0.01607 |       1.00000 |       1.00000 |      37.03063 |      36.62165 |   14858.56738 |   11133.60840 |    3718.65698 |   14858.93848 |      36.50000 |      37.00000 | 
     54.97186 |      60.00600 |       0.01819 |       0.00533 |       0.01607 |       1.00000 |       1.00000 |      37.03065 |      36.62164 |   14861.02930 |   11134.80371 |    3719.92383 |   14861.40137 |      36.50000 |      37.00000 | 
     52.90751 |      33.03164 |       0.01890 |       0.00533 |       0.01607 |       1.00000 |       1.00000 |      37.03068 |      36.62164 |   14863.30566 |   11135.88965 |    3721.11475 |   14863.67676 |      36.50000 |      37.00000 | 
     52.13069 |      33.49186 |       0.01918 |       0.00533 |       0.01607 |       1.00000 |       1.00000 |      37.03070 |      36.62163 |   14866.33398 |   11137.31445 |    3722.71875 |   14866.70605 |      36.50000 |      37.00000 | 
     54.47274 |      59.64808 |       0.01836 |       0.00533 |       0.01607 |       1.00000 |       1.00000 |      37.03073 |      36.62162 |   14868.71973 |   11138.42188 |    3723.99731 |   14869.09180 |      36.50000 |      37.00000 | 
     56.04254 |      59.01794 |       0.01784 |       0.00567 |       0.01658 |       1.00000 |       1.00000 |      37.03075 |      36.62161 |   14871.09570 |   11139.50781 |    3725.28589 |   14871.46777 |      36.50000 |      37.00000 | 
     57.50083 |      61.43261 |       0.01739 |       0.00567 |       0.01658 |       1.00000 |       1.00000 |      37.03077 |      36.62160 |   14873.40430 |   11140.54590 |    3726.55713 |   14873.77637 |      36.50000 |      37.00000 | 
     58.21473 |      59.53444 |       0.01718 |       0.00567 |       0.01658 |       1.00000 |       1.00000 |      37.03079 |      36.62160 |   14875.72168 |   11141.56836 |    3727.85327 |   14876.09375 |      36.50000 |      37.00000 | 
     58.83519 |      60.18658 |       0.01700 |       0.00567 |       0.01658 |       1.00000 |       1.00000 |      37.03082 |      36.62159 |   14877.99707 |   11142.55664 |    3729.13867 |   14878.36914 |      36.50000 |      37.00000 | 
     59.27423 |      60.86798 |       0.01687 |       0.00567 |       0.01658 |       1.00000 |       1.00000 |      37.03084 |      36.62158 |   14880.24512 |   11139.37695 |    3734.56616 |   14880.61719 |      36.50000 |      37.00000 | 
     56.80465 |      60.02761 |       0.01760 |       0.00567 |       0.01658 |       1.00000 |       1.00000 |      37.03086 |      36.62157 |   14883.03516 |   11141.77441 |    3734.95923 |   14883.40625 |      36.50000 |      37.00000 | 
     57.77078 |      60.10699 |       0.01731 |       0.00567 |       0.01658 |       1.00000 |       1.00000 |      37.03089 |      36.62157 |   14885.23340 |   11143.65430 |    3735.27783 |   14885.60547 |      36.50000 |      37.00000 | 
     58.46205 |      60.09615 |       0.01711 |       0.00567 |       0.01658 |       1.00000 |       1.00000 |      37.03091 |      36.62156 |   14887.40137 |   11134.33887 |    3746.76172 |   14887.77344 |      36.50000 |      37.00000 | 
     58.91842 |      60.06367 |       0.01697 |       0.00567 |       0.01658 |       1.00000 |       1.00000 |      37.03093 |      36.62155 |   14889.54395 |   11138.22852 |    3745.01514 |   14889.91602 |      36.50000 |      37.00000 | 
     59.33381 |      60.93474 |       0.01685 |       0.00567 |       0.01658 |       1.00000 |       1.00000 |      37.03095 |      36.62154 |   14891.64648 |   11142.05957 |    3743.28418 |   14892.01855 |      36.50000 |      37.00000 | 
     59.62035 |      60.17209 |       0.01677 |       0.00567 |       0.01658 |       1.00000 |       1.00000 |      37.03098 |      36.62154 |   14893.71875 |   11145.85547 |    3741.56274 |   14894.09180 |      36.50000 |      37.00000 | 
     59.73473 |      59.31550 |       0.01674 |       0.00567 |       0.01658 |       1.00000 |       1.00000 |      37.03099 |      36.62153 |   14895.77051 |   11150.98633 |    3738.48389 |   14896.14160 |      36.50000 |      37.00000 | 
     59.88409 |      60.10699 |       0.01670 |       0.00567 |       0.01658 |       1.00000 |       1.00000 |      37.03102 |      36.62152 |   14897.78516 |   11154.50098 |    3736.98291 |   14898.15723 |      36.50000 |      37.00000 | 
     56.66159 |      39.59142 |       0.01765 |       0.00567 |       0.01658 |       1.00000 |       1.00000 |      37.03104 |      36.62152 |   14900.29102 |   11158.89844 |    3735.09155 |   14900.66309 |      36.50000 |      37.00000 | 
     57.72935 |      59.90535 |       0.01732 |       0.00567 |       0.01658 |       1.00000 |       1.00000 |      37.03107 |      36.62151 |   14902.24512 |   11162.34277 |    3733.60229 |   14902.61719 |      36.50000 |      37.00000 | 
     58.37271 |      59.69080 |       0.01713 |       0.00567 |       0.01658 |       1.00000 |       1.00000 |      37.03109 |      36.62151 |   14904.18066 |   11165.77441 |    3732.10645 |   14904.55273 |      36.50000 |      37.00000 | 
     58.90582 |      59.59476 |       0.01698 |       0.00567 |       0.01658 |       1.00000 |       1.00000 |      37.03111 |      36.62150 |   14906.07715 |   11169.15137 |    3730.62427 |   14906.44824 |      36.50000 |      37.00000 | 
     59.37378 |      60.89763 |       0.01684 |       0.00567 |       0.01658 |       1.00000 |       1.00000 |      37.03113 |      36.62149 |   14907.93262 |   11172.47168 |    3729.15967 |   14908.30469 |      36.50000 |      37.00000 | 
     59.55112 |      59.83724 |       0.01679 |       0.00567 |       0.01658 |       1.00000 |       1.00000 |      37.03115 |      36.62149 |   14909.77246 |   11175.78613 |    3727.68506 |   14910.14453 |      36.50000 |      37.00000 | 
     59.72622 |      59.74429 |       0.01674 |       0.00567 |       0.01658 |       1.00000 |       1.00000 |      37.03117 |      36.62148 |   14911.57617 |   11179.05078 |    3726.22388 |   14911.94727 |      36.50000 |      37.00000 | 
     59.81273 |      59.94485 |       0.01672 |       0.00537 |       0.01584 |       1.00000 |       1.00000 |      37.03119 |      36.62148 |   14913.35254 |   11182.28516 |    3724.76660 |   14913.72363 |      36.50000 |      37.00000 | 
     59.95434 |      60.85686 |       0.01668 |       0.00537 |       0.01584 |       1.00000 |       1.00000 |      37.03122 |      36.62147 |   14915.09082 |   11185.46875 |    3723.32129 |   14915.46289 |      36.50000 |      37.00000 | 
     59.90228 |      59.28034 |       0.01669 |       0.00537 |       0.01584 |       1.00000 |       1.00000 |      37.03123 |      36.62146 |   14916.81152 |   11188.64258 |    3721.86743 |   14917.18262 |      36.50000 |      37.00000 | 
     60.30660 |      59.85157 |       0.01658 |       0.00537 |       0.01584 |       1.00000 |       1.00000 |      37.03127 |      36.62146 |   14919.18848 |   11193.06152 |    3719.82520 |   14919.56055 |      36.50000 |      37.00000 | 
     57.41215 |      59.78358 |       0.01742 |       0.00537 |       0.01584 |       1.00000 |       1.00000 |      37.03129 |      36.62145 |   14921.23828 |   11196.91113 |    3718.02637 |   14921.61035 |      36.50000 |      37.00000 | 
     58.30426 |      60.79027 |       0.01715 |       0.00537 |       0.01584 |       1.00000 |       1.00000 |      37.03131 |      36.62144 |   14922.83203 |   11199.92480 |    3716.60522 |   14923.20410 |      36.50000 |      37.00000 | 
     58.84336 |      60.46680 |       0.01699 |       0.00537 |       0.01584 |       1.00000 |       1.00000 |      37.03133 |      36.62144 |   14924.40137 |   11202.91699 |    3715.18286 |   14924.77344 |      36.50000 |      37.00000 | 
     59.20679 |      59.81935 |       0.01689 |       0.00537 |       0.01584 |       1.00000 |       1.00000 |      37.03135 |      36.62143 |   14925.93750 |   11205.87109 |    3713.76538 |   14926.30957 |      36.50000 |      37.00000 | 
     59.45220 |      59.81577 |       0.01682 |       0.00537 |       0.01584 |       1.00000 |       1.00000 |      37.03138 |      36.62143 |   14927.44141 |   11208.78711 |    3712.35376 |   14927.81348 |      36.50000 |      37.00000 | 
     60.03205 |      59.09816 |       0.01666 |       0.00537 |       0.01584 |       1.00000 |       1.00000 |      37.03140 |      36.62142 |   14929.10938 |   11212.04980 |    3710.75781 |   14929.48047 |      36.50000 |      37.00000 | 
     60.66350 |      61.00909 |       0.01648 |       0.00537 |       0.01584 |       1.00000 |       1.00000 |      37.03143 |      36.62141 |   14931.17578 |   11216.14160 |    3708.73291 |   14931.54688 |      36.50000 |      37.00000 | 
     57.55181 |      60.58403 |       0.01738 |       0.00537 |       0.01584 |       1.00000 |       1.00000 |      37.03146 |      36.62141 |   14932.91797 |   11219.63867 |    3706.97754 |   14933.29004 |      36.50000 |      37.00000 | 
     55.83206 |      71.44898 |       0.01791 |       0.00537 |       0.01584 |       1.00000 |       1.00000 |      37.03148 |      36.62140 |   14934.59961 |   11223.05859 |    3705.23975 |   14934.97168 |      36.50000 |      37.00000 | 
     53.59299 |      32.94676 |       0.01866 |       0.00537 |       0.01584 |       1.00000 |       1.00000 |      37.03150 |      36.62140 |   14935.81543 |   11225.55957 |    3703.95410 |   14936.18652 |      36.50000 |      37.00000 | 
     56.20557 |     169.92354 |       0.01779 |       0.00537 |       0.01584 |       1.00000 |       1.00000 |      37.03152 |      36.62139 |   14937.07910 |   11228.18945 |    3702.58887 |   14937.45117 |      36.50000 |      37.00000 | 
     53.63460 |      33.26127 |       0.01864 |       0.00537 |       0.01584 |       1.00000 |       1.00000 |      37.03154 |      36.62139 |   14938.24121 |   11230.63477 |    3701.30444 |   14938.61328 |      36.50000 |      37.00000 | 
     52.11592 |      39.59142 |       0.01919 |       0.00537 |       0.01584 |       1.00000 |       1.00000 |      37.03156 |      36.62138 |   14939.24121 |   11232.76172 |    3700.17700 |   14939.61328 |      36.50000 |      37.00000 | 
     54.69702 |      60.43026 |       0.01828 |       0.00537 |       0.01584 |       1.00000 |       1.00000 |      37.03158 |      36.62138 |   14940.41699 |   11235.29395 |    3698.82104 |   14940.78906 |      36.50000 |      37.00000 | 
     56.36252 |      60.34275 |       0.01774 |       0.00537 |       0.01584 |       1.00000 |       1.00000 |      37.03160 |      36.62138 |   14941.56250 |   11237.79590 |    3697.46704 |   14941.93457 |      36.50000 |      37.00000 | 
     61.53047 |     120.26458 |       0.01625 |       0.00615 |       0.01603 |       1.00000 |       1.00000 |      37.03162 |      36.62137 |   14942.85742 |   11240.66504 |    3695.89209 |   14943.22949 |      36.50000 |      37.00000 | 
     57.68653 |      39.64635 |       0.01734 |       0.00615 |       0.01603 |       1.00000 |       1.00000 |      37.03165 |      36.62136 |   14944.20703 |   11243.71289 |    3694.19165 |   14944.57910 |      36.50000 |      37.00000 | 
     61.88914 |     127.63242 |       0.01616 |       0.00615 |       0.01603 |       1.00000 |       1.00000 |      37.03167 |      36.62136 |   14945.06348 |   11245.68164 |    3693.08105 |   14945.43555 |      36.50000 |      37.00000 | 
     57.72676 |      34.39972 |       0.01732 |       0.00615 |       0.01603 |       1.00000 |       1.00000 |      37.03168 |      36.62136 |   14945.98242 |   11247.82227 |    3691.85913 |   14946.35449 |      36.50000 |      37.00000 | 
     62.55133 |     122.83503 |       0.01599 |       0.00615 |       0.01603 |       1.00000 |       1.00000 |      37.03171 |      36.62135 |   14947.10840 |   11250.49707 |    3690.30884 |   14947.48047 |      36.50000 |      37.00000 | 
     58.70905 |      59.51318 |       0.01703 |       0.00615 |       0.01603 |       1.00000 |       1.00000 |      37.03173 |      36.62135 |   14948.27637 |   11253.33887 |    3688.63574 |   14948.64844 |      36.50000 |      37.00000 | 
     59.13840 |      60.09977 |       0.01691 |       0.00615 |       0.01603 |       1.00000 |       1.00000 |      37.03175 |      36.62134 |   14949.16309 |   11255.54395 |    3687.31763 |   14949.53418 |      36.50000 |      37.00000 | 
     59.41525 |      59.61607 |       0.01683 |       0.00615 |       0.01603 |       1.00000 |       1.00000 |      37.03177 |      36.62134 |   14950.01465 |   11257.71289 |    3686.00171 |   14950.38672 |      36.50000 |      37.00000 | 
     62.43121 |      55.31891 |       0.01602 |       0.00615 |       0.01603 |       1.00000 |       1.00000 |      37.03180 |      36.62133 |   14950.98633 |   11260.24707 |    3684.43799 |   14951.35742 |      36.50000 |      37.00000 | 
     63.18990 |     119.94722 |       0.01583 |       0.00615 |       0.01603 |       1.00000 |       1.00000 |      37.03182 |      36.62133 |   14951.99121 |   11260.96387 |    3684.72681 |   14952.36328 |      36.50000 |      37.00000 | 
     58.64597 |      39.64007 |       0.01705 |       0.00615 |       0.01603 |       1.00000 |       1.00000 |      37.03185 |      36.62132 |   14952.90234 |   11263.98242 |    3682.61743 |   14953.27344 |      36.50000 |      37.00000 | 
     62.68178 |     125.67551 |       0.01595 |       0.00615 |       0.01603 |       1.00000 |       1.00000 |      37.03186 |      36.62132 |   14953.47070 |   11265.93066 |    3681.23804 |   14953.84180 |      36.50000 |      37.00000 | 
     58.09830 |      33.85126 |       0.01721 |       0.00615 |       0.01603 |       1.00000 |       1.00000 |      37.03188 |      36.62132 |   14954.08008 |   11268.08887 |    3679.68945 |   14954.45117 |      36.50000 |      37.00000 | 
     62.85939 |     118.60989 |       0.01591 |       0.00615 |       0.01603 |       1.00000 |       1.00000 |      37.03191 |      36.62132 |   14954.79980 |   11270.73242 |    3677.76465 |   14955.17090 |      36.50000 |      37.00000 | 
     58.35351 |      39.46019 |       0.01714 |       0.00615 |       0.01603 |       1.00000 |       1.00000 |      37.03193 |      36.62131 |   14955.53125 |   11273.56543 |    3675.66357 |   14955.90234 |      36.50000 |      37.00000 | 
     58.44555 |      33.45377 |       0.01711 |       0.00615 |       0.01603 |       1.00000 |       1.00000 |      37.03195 |      36.62131 |   14956.11426 |   11275.95117 |    3673.86108 |   14956.48633 |      36.50000 |      37.00000 | 
     62.47934 |     126.02394 |       0.01601 |       0.00615 |       0.01603 |       1.00000 |       1.00000 |      37.03197 |      36.62130 |   14956.53027 |   11277.72949 |    3672.49951 |   14956.90137 |      36.50000 |      37.00000 | 
     58.15431 |      39.42907 |       0.01720 |       0.00615 |       0.01603 |       1.00000 |       1.00000 |      37.03199 |      36.62130 |   14957.07617 |   11280.20312 |    3670.57056 |   14957.44727 |      36.50000 |      37.00000 | 
     61.79495 |      59.89458 |       0.01618 |       0.00615 |       0.01603 |       1.00000 |       1.00000 |      37.03201 |      36.62130 |   14957.43066 |   11281.90820 |    3669.22144 |   14957.80176 |      36.50000 |      37.00000 | 
     61.50839 |      60.35003 |       0.01626 |       0.00533 |       0.01520 |       1.00000 |       1.00000 |      37.03204 |      36.62129 |   14957.98047 |   11284.76562 |    3666.91406 |   14958.35254 |      36.50000 |      37.00000 | 
     60.97109 |      60.46680 |       0.01640 |       0.00533 |       0.01520 |       1.00000 |       1.00000 |      37.03206 |      36.62129 |   14958.32715 |   11286.74219 |    3665.28442 |   14958.69922 |      36.50000 |      37.00000 | 
     60.52034 |      58.79240 |       0.01652 |       0.00533 |       0.01520 |       1.00000 |       1.00000 |      37.03208 |      36.62129 |   14958.63867 |   11288.68359 |    3663.65405 |   14959.01074 |      36.50000 |      37.00000 | 
     60.35625 |      59.89817 |       0.01657 |       0.00533 |       0.01520 |       1.00000 |       1.00000 |      37.03210 |      36.62128 |   14958.91211 |   11290.56934 |    3662.04053 |   14959.28320 |      36.50000 |      37.00000 | 
     60.21842 |      59.90535 |       0.01661 |       0.00533 |       0.01520 |       1.00000 |       1.00000 |      37.03212 |      36.62128 |   14959.14941 |   11292.42480 |    3660.42456 |   14959.52051 |      36.50000 |      37.00000 | 
     60.16626 |      60.14314 |       0.01662 |       0.00533 |       0.01520 |       1.00000 |       1.00000 |      37.03214 |      36.62128 |   14959.34961 |   11294.22656 |    3658.82251 |   14959.72070 |      36.50000 |      37.00000 | 
     60.16517 |      60.40471 |       0.01662 |       0.00533 |       0.01520 |       1.00000 |       1.00000 |      37.03215 |      36.62128 |   14959.51270 |   11295.99219 |    3657.22021 |   14959.88477 |      36.50000 |      37.00000 | 
     60.03773 |      59.15409 |       0.01666 |       0.00533 |       0.01520 |       1.00000 |       1.00000 |      37.03218 |      36.62127 |   14959.64062 |   11297.71875 |    3655.61938 |   14960.01270 |      36.50000 |      37.00000 | 
     59.98976 |      59.12612 |       0.01667 |       0.00533 |       0.01520 |       1.00000 |       1.00000 |      37.03220 |      36.62127 |   14959.73145 |   11299.40430 |    3654.02539 |   14960.10352 |      36.50000 |      37.00000 | 
     60.05640 |      60.23008 |       0.01665 |       0.00533 |       0.01520 |       1.00000 |       1.00000 |      37.03222 |      36.62127 |   14959.78516 |   11301.04492 |    3652.43921 |   14960.15723 |      36.50000 |      37.00000 | 
     60.09174 |      60.43391 |       0.01664 |       0.00533 |       0.01520 |       1.00000 |       1.00000 |      37.03223 |      36.62127 |   14959.80273 |   11302.64453 |    3650.85669 |   14960.17480 |      36.50000 |      37.00000 | 
     56.52483 |      34.20792 |       0.01769 |       0.00533 |       0.01520 |       1.00000 |       1.00000 |      37.03225 |      36.62126 |   14959.78516 |   11304.07910 |    3649.40332 |   14960.15625 |      36.50000 |      37.00000 | 
     57.67712 |      60.03482 |       0.01734 |       0.00533 |       0.01520 |       1.00000 |       1.00000 |      37.03227 |      36.62126 |   14959.73145 |   11305.60254 |    3647.82739 |   14960.10352 |      36.50000 |      37.00000 | 
     54.78899 |      33.73705 |       0.01825 |       0.00533 |       0.01520 |       1.00000 |       1.00000 |      37.03229 |      36.62126 |   14959.64746 |   11306.97656 |    3646.37012 |   14960.01953 |      36.50000 |      37.00000 | 
     56.38083 |      59.80503 |       0.01774 |       0.00533 |       0.01520 |       1.00000 |       1.00000 |      37.03231 |      36.62126 |   14959.52344 |   11308.42188 |    3644.80054 |   14959.89453 |      36.50000 |      37.00000 | 
     57.63832 |      60.24096 |       0.01735 |       0.00533 |       0.01520 |       1.00000 |       1.00000 |      37.03233 |      36.62125 |   14959.36230 |   11309.81836 |    3643.24268 |   14959.73438 |      36.50000 |      37.00000 | 
     55.73818 |      60.69434 |       0.01794 |       0.00533 |       0.01520 |       1.00000 |       1.00000 |      37.03235 |      36.62125 |   14959.10449 |   11311.52930 |    3641.27368 |   14959.47656 |      36.50000 |      37.00000 | 
     57.09700 |      59.85157 |       0.01751 |       0.00533 |       0.01520 |       1.00000 |       1.00000 |      37.03237 |      36.62125 |   14958.85938 |   11312.83789 |    3639.72021 |   14959.23145 |      36.50000 |      37.00000 | 
     61.57745 |      60.36096 |       0.01624 |       0.00533 |       0.01520 |       1.00000 |       1.00000 |      37.03239 |      36.62125 |   14958.52734 |   11316.44824 |    3635.77710 |   14958.89844 |      36.50000 |      37.00000 | 
     61.02556 |      59.91971 |       0.01639 |       0.00533 |       0.01520 |       1.00000 |       1.00000 |      37.03242 |      36.62125 |   14958.20020 |   11317.15332 |    3634.74536 |   14958.57227 |      36.50000 |      37.00000 | 
     60.59417 |      59.42830 |       0.01650 |       0.00557 |       0.01503 |       1.00000 |       1.00000 |      37.03244 |      36.62124 |   14957.83496 |   11317.82324 |    3633.71094 |   14958.20703 |      36.50000 |      37.00000 | 
     60.43380 |      59.81219 |       0.01655 |       0.00557 |       0.01503 |       1.00000 |       1.00000 |      37.03246 |      36.62124 |   14957.43555 |   11318.44238 |    3632.69238 |   14957.80664 |      36.50000 |      37.00000 | 
     60.34723 |      60.84576 |       0.01657 |       0.00557 |       0.01503 |       1.00000 |       1.00000 |      37.03247 |      36.62124 |   14956.99805 |   11319.02148 |    3631.67554 |   14957.36914 |      36.50000 |      37.00000 | 
     64.28605 |     121.19743 |       0.01556 |       0.00557 |       0.01503 |       1.00000 |       1.00000 |      37.03250 |      36.62124 |   14956.44043 |   11319.64551 |    3630.49365 |   14956.81250 |      36.50000 |      37.00000 | 
     62.82896 |      59.87307 |       0.01592 |       0.00557 |       0.01503 |       1.00000 |       1.00000 |      37.03252 |      36.62123 |   14955.92188 |   11320.13477 |    3629.48486 |   14956.29297 |      36.50000 |      37.00000 | 
     61.78515 |      60.03122 |       0.01619 |       0.00557 |       0.01503 |       1.00000 |       1.00000 |      37.03254 |      36.62123 |   14955.36230 |   11320.58496 |    3628.47559 |   14955.73340 |      36.50000 |      37.00000 | 
     61.06559 |      59.53090 |       0.01638 |       0.00557 |       0.01503 |       1.00000 |       1.00000 |      37.03255 |      36.62123 |   14954.76465 |   11320.99316 |    3627.46924 |   14955.13574 |      36.50000 |      37.00000 | 
     60.84615 |      60.09615 |       0.01643 |       0.00557 |       0.01503 |       1.00000 |       1.00000 |      37.03257 |      36.62123 |   14954.13672 |   11321.35156 |    3626.48242 |   14954.50781 |      36.50000 |      37.00000 | 
     64.05154 |      59.13660 |       0.01561 |       0.00557 |       0.01503 |       1.00000 |       1.00000 |      37.03259 |      36.62123 |   14953.58008 |   11321.62695 |    3625.65137 |   14953.95117 |      36.50000 |      37.00000 | 
     62.76691 |      60.55101 |       0.01593 |       0.00557 |       0.01503 |       1.00000 |       1.00000 |      37.03261 |      36.62123 |   14952.88184 |   11321.91309 |    3624.66846 |   14953.25391 |      36.50000 |      37.00000 | 
     61.69949 |      60.11422 |       0.01621 |       0.00557 |       0.01503 |       1.00000 |       1.00000 |      37.03263 |      36.62123 |   14952.13770 |   11322.15820 |    3623.67847 |   14952.50977 |      36.50000 |      37.00000 | 
     61.19534 |      61.45148 |       0.01634 |       0.00557 |       0.01503 |       1.00000 |       1.00000 |      37.03265 |      36.62123 |   14951.36328 |   11322.36230 |    3622.69971 |   14951.73438 |      36.50000 |      37.00000 | 
     64.85352 |     122.12994 |       0.01542 |       0.00557 |       0.01503 |       1.00000 |       1.00000 |      37.03267 |      36.62123 |   14950.41113 |   11322.54492 |    3621.56543 |   14950.78320 |      36.50000 |      37.00000 | 
     63.50119 |      60.13229 |       0.01575 |       0.00557 |       0.01503 |       1.00000 |       1.00000 |      37.03269 |      36.62122 |   14949.54785 |   11322.65820 |    3620.58838 |   14949.91992 |      36.50000 |      37.00000 | 
     62.24615 |      59.61607 |       0.01607 |       0.00557 |       0.01503 |       1.00000 |       1.00000 |      37.03271 |      36.62122 |   14948.65039 |   11322.72852 |    3619.62036 |   14949.02148 |      36.50000 |      37.00000 | 
     61.55015 |      60.13591 |       0.01625 |       0.00557 |       0.01503 |       1.00000 |       1.00000 |      37.03273 |      36.62122 |   14947.71875 |   11322.75781 |    3618.66113 |   14948.09082 |      36.50000 |      37.00000 | 
     64.10883 |      59.81935 |       0.01560 |       0.00557 |       0.01503 |       1.00000 |       1.00000 |      37.03275 |      36.62122 |   14946.58789 |   11322.73438 |    3617.55127 |   14946.95898 |      36.50000 |      37.00000 | 
     62.58777 |      59.89458 |       0.01598 |       0.00557 |       0.01503 |       1.00000 |       1.00000 |      37.03277 |      36.62122 |   14945.56543 |   11322.67285 |    3616.59106 |   14945.93750 |      36.50000 |      37.00000 | 
     61.81137 |      61.41375 |       0.01618 |       0.00557 |       0.01503 |       1.00000 |       1.00000 |      37.03279 |      36.62122 |   14944.51562 |   11322.56836 |    3615.64624 |   14944.88770 |      36.50000 |      37.00000 | 
     64.58803 |      59.38948 |       0.01548 |       0.00557 |       0.01503 |       1.00000 |       1.00000 |      37.03281 |      36.62122 |   14943.23633 |   11322.39551 |    3614.54077 |   14943.60840 |      36.50000 |      37.00000 | 
     63.29045 |      60.17571 |       0.01580 |       0.00584 |       0.01505 |       1.00000 |       1.00000 |      37.03283 |      36.62122 |   14942.10352 |   11322.20020 |    3613.60205 |   14942.47461 |      36.50000 |      37.00000 | 
     62.25288 |      61.70935 |       0.01606 |       0.00584 |       0.01505 |       1.00000 |       1.00000 |      37.03285 |      36.62122 |   14940.93164 |   11321.95996 |    3612.66943 |   14941.30273 |      36.50000 |      37.00000 | 
     64.82067 |      59.00749 |       0.01543 |       0.00584 |       0.01505 |       1.00000 |       1.00000 |      37.03288 |      36.62122 |   14939.50977 |   11321.63184 |    3611.57642 |   14939.88086 |      36.50000 |      37.00000 | 
     63.19357 |      60.87168 |       0.01582 |       0.00584 |       0.01505 |       1.00000 |       1.00000 |      37.03289 |      36.62122 |   14938.25586 |   11321.30176 |    3610.65210 |   14938.62695 |      36.50000 |      37.00000 | 
     66.23829 |     121.49192 |       0.01510 |       0.00584 |       0.01505 |       1.00000 |       1.00000 |      37.03292 |      36.62122 |   14936.75000 |   11320.86816 |    3609.57983 |   14937.12207 |      36.50000 |      37.00000 | 
     63.88809 |      59.70506 |       0.01565 |       0.00584 |       0.01505 |       1.00000 |       1.00000 |      37.03294 |      36.62122 |   14935.40234 |   11320.44629 |    3608.65527 |   14935.77441 |      36.50000 |      37.00000 | 
     62.49186 |      60.63178 |       0.01600 |       0.00584 |       0.01505 |       1.00000 |       1.00000 |      37.03296 |      36.62122 |   14934.02246 |   11319.98438 |    3607.73682 |   14934.39453 |      36.50000 |      37.00000 | 
     65.81291 |     121.50668 |       0.01519 |       0.00584 |       0.01505 |       1.00000 |       1.00000 |      37.03298 |      36.62122 |   14932.38184 |   11319.39844 |    3606.68311 |   14932.75391 |      36.50000 |      37.00000 | 
     63.65324 |      59.39301 |       0.01571 |       0.00584 |       0.01505 |       1.00000 |       1.00000 |      37.03300 |      36.62122 |   14930.91699 |   11318.84375 |    3605.77124 |   14931.28809 |      36.50000 |      37.00000 | 
     62.39979 |      59.94126 |       0.01603 |       0.00584 |       0.01505 |       1.00000 |       1.00000 |      37.03302 |      36.62122 |   14929.42188 |   11319.12695 |    3603.99390 |   14929.79395 |      36.50000 |      37.00000 | 
     57.96487 |      34.47919 |       0.01725 |       0.00584 |       0.01505 |       1.00000 |       1.00000 |      37.03304 |      36.62122 |   14927.50586 |   11318.22559 |    3602.97900 |   14927.87598 |      36.50000 |      37.00000 | 
     58.36590 |      58.51375 |       0.01713 |       0.00584 |       0.01505 |       1.00000 |       1.00000 |      37.03306 |      36.62122 |   14925.90527 |   11317.44336 |    3602.15967 |   14926.27637 |      36.50000 |      37.00000 | 
     58.93127 |      59.86948 |       0.01697 |       0.00584 |       0.01505 |       1.00000 |       1.00000 |      37.03308 |      36.62122 |   14924.29102 |   11316.63477 |    3601.35425 |   14924.66309 |      36.50000 |      37.00000 | 
     59.42177 |      60.97561 |       0.01683 |       0.00584 |       0.01505 |       1.00000 |       1.00000 |      37.03310 |      36.62122 |   14922.64648 |   11315.78613 |    3600.55811 |   14923.01660 |      36.50000 |      37.00000 | 
     59.65808 |      59.82650 |       0.01676 |       0.00584 |       0.01505 |       1.00000 |       1.00000 |      37.03312 |      36.62122 |   14920.95703 |   11314.89648 |    3599.75977 |   14921.32910 |      36.50000 |      37.00000 | 
     59.74887 |      59.97002 |       0.01674 |       0.00584 |       0.01505 |       1.00000 |       1.00000 |      37.03314 |      36.62122 |   14919.22461 |   11313.96094 |    3598.96313 |   14919.59668 |      36.50000 |      37.00000 | 
     59.74276 |      59.71219 |       0.01674 |       0.00584 |       0.01505 |       1.00000 |       1.00000 |      37.03316 |      36.62122 |   14917.44824 |   11312.98047 |    3598.16699 |   14917.81836 |      36.50000 |      37.00000 | 
     62.96503 |      59.85157 |       0.01588 |       0.00584 |       0.01505 |       1.00000 |       1.00000 |      37.03318 |      36.62122 |   14915.34961 |   11311.79883 |    3597.25073 |   14915.71973 |      36.50000 |      37.00000 | 
     61.89574 |      59.67299 |       0.01616 |       0.00584 |       0.01505 |       1.00000 |       1.00000 |      37.03320 |      36.62122 |   14913.49316 |   11310.72852 |    3596.46338 |   14913.86523 |      36.50000 |      37.00000 | 
     65.26367 |     118.25922 |       0.01532 |       0.00538 |       0.01506 |       1.00000 |       1.00000 |      37.03322 |      36.62122 |   14911.28809 |   11309.43359 |    3595.55298 |   14911.65820 |      36.50000 |      37.00000 | 
     63.33849 |      59.01446 |       0.01579 |       0.00538 |       0.01506 |       1.00000 |       1.00000 |      37.03324 |      36.62122 |   14909.35156 |   11308.27539 |    3594.77319 |   14909.72363 |      36.50000 |      37.00000 | 
     62.34954 |      61.93101 |       0.01604 |       0.00538 |       0.01506 |       1.00000 |       1.00000 |      37.03326 |      36.62122 |   14907.39453 |   11307.09180 |    3594.00146 |   14907.76465 |      36.50000 |      37.00000 | 
     64.48785 |      60.03843 |       0.01551 |       0.00538 |       0.01506 |       1.00000 |       1.00000 |      37.03328 |      36.62122 |   14905.04883 |   11305.64648 |    3593.10034 |   14905.41797 |      36.50000 |      37.00000 | 
     62.87100 |      59.95204 |       0.01591 |       0.00538 |       0.01506 |       1.00000 |       1.00000 |      37.03330 |      36.62123 |   14902.99316 |   11304.36035 |    3592.33105 |   14903.36328 |      36.50000 |      37.00000 | 
     64.88910 |      59.36832 |       0.01541 |       0.00538 |       0.01506 |       1.00000 |       1.00000 |      37.03333 |      36.62123 |   14900.56348 |   11302.81836 |    3591.44434 |   14900.93359 |      36.50000 |      37.00000 | 
     63.06113 |      59.75143 |       0.01586 |       0.00538 |       0.01506 |       1.00000 |       1.00000 |      37.03334 |      36.62123 |   14898.42090 |   11301.43750 |    3590.68188 |   14898.79102 |      36.50000 |      37.00000 | 
     65.65404 |      60.40471 |       0.01523 |       0.00538 |       0.01506 |       1.00000 |       1.00000 |      37.03337 |      36.62123 |   14895.91016 |   11299.80176 |    3589.80786 |   14896.28027 |      36.50000 |      37.00000 | 
     63.57765 |      60.59137 |       0.01573 |       0.00538 |       0.01506 |       1.00000 |       1.00000 |      37.03339 |      36.62123 |   14893.68848 |   11298.33887 |    3589.04858 |   14894.05859 |      36.50000 |      37.00000 | 
     66.46474 |     122.85012 |       0.01505 |       0.00538 |       0.01506 |       1.00000 |       1.00000 |      37.03341 |      36.62123 |   14891.07617 |   11296.59473 |    3588.17969 |   14891.44531 |      36.50000 |      37.00000 | 
     64.06593 |      59.72289 |       0.01561 |       0.00538 |       0.01506 |       1.00000 |       1.00000 |      37.03343 |      36.62123 |   14888.77441 |   11295.04395 |    3587.43066 |   14889.14453 |      36.50000 |      37.00000 | 
     62.47232 |      59.02839 |       0.01601 |       0.00538 |       0.01506 |       1.00000 |       1.00000 |      37.03345 |      36.62123 |   14886.42969 |   11293.44531 |    3586.68286 |   14886.79883 |      36.50000 |      37.00000 | 
     65.08916 |      58.75095 |       0.01536 |       0.00538 |       0.01506 |       1.00000 |       1.00000 |      37.03347 |      36.62124 |   14883.68066 |   11291.55273 |    3585.82715 |   14884.05078 |      36.50000 |      37.00000 | 
     63.38110 |      59.69080 |       0.01578 |       0.00538 |       0.01506 |       1.00000 |       1.00000 |      37.03349 |      36.62124 |   14881.28418 |   11289.88672 |    3585.09619 |   14881.65430 |      36.50000 |      37.00000 | 
     65.81497 |      60.52902 |       0.01519 |       0.00538 |       0.01506 |       1.00000 |       1.00000 |      37.03352 |      36.62124 |   14878.45117 |   11287.89844 |    3584.25024 |   14878.82129 |      36.50000 |      37.00000 | 
     63.58514 |      59.49548 |       0.01573 |       0.00538 |       0.01506 |       1.00000 |       1.00000 |      37.03354 |      36.62124 |   14875.94434 |   11286.12695 |    3583.51660 |   14876.31445 |      36.50000 |      37.00000 | 
     62.45810 |      59.98441 |       0.01601 |       0.00538 |       0.01506 |       1.00000 |       1.00000 |      37.03355 |      36.62125 |   14873.43848 |   11284.34082 |    3582.79785 |   14873.80859 |      36.50000 |      37.00000 | 
     64.75848 |      60.19020 |       0.01544 |       0.00538 |       0.01506 |       1.00000 |       1.00000 |      37.03357 |      36.62125 |   14871.30566 |   11282.80762 |    3582.19653 |   14871.67578 |      36.50000 |      37.00000 | 
     63.23912 |      62.03089 |       0.01581 |       0.00538 |       0.01506 |       1.00000 |       1.00000 |      37.03359 |      36.62125 |   14868.73242 |   11280.94629 |    3581.48364 |   14869.10156 |      36.50000 |      37.00000 | 
     65.76132 |      59.04582 |       0.01521 |       0.00515 |       0.01414 |       1.00000 |       1.00000 |      37.03361 |      36.62125 |   14866.54004 |   11279.35352 |    3580.88550 |   14866.91016 |      36.50000 |      37.00000 | 
     63.77999 |      60.39377 |       0.01568 |       0.00515 |       0.01414 |       1.00000 |       1.00000 |      37.03363 |      36.62125 |   14863.89160 |   11277.41211 |    3580.17773 |   14864.26172 |      36.50000 |      37.00000 | 
     62.37419 |      59.19612 |       0.01603 |       0.00515 |       0.01414 |       1.00000 |       1.00000 |      37.03365 |      36.62125 |   14861.19141 |   11275.42188 |    3579.46753 |   14861.56152 |      36.50000 |      37.00000 | 
     65.05359 |      59.30495 |       0.01537 |       0.00515 |       0.01414 |       1.00000 |       1.00000 |      37.03367 |      36.62126 |   14858.02148 |   11273.07129 |    3578.64941 |   14858.39160 |      36.50000 |      37.00000 | 
     63.26000 |      59.95204 |       0.01581 |       0.00515 |       0.01414 |       1.00000 |       1.00000 |      37.03369 |      36.62126 |   14855.25195 |   11271.00098 |    3577.94946 |   14855.62207 |      36.50000 |      37.00000 | 
     66.30088 |     121.28563 |       0.01508 |       0.00515 |       0.01414 |       1.00000 |       1.00000 |      37.03371 |      36.62126 |   14852.00000 |   11268.55664 |    3577.14209 |   14852.37012 |      36.50000 |      37.00000 | 
     63.91761 |      59.27331 |       0.01565 |       0.00515 |       0.01414 |       1.00000 |       1.00000 |      37.03373 |      36.62127 |   14849.13867 |   11266.39062 |    3576.44702 |   14849.50879 |      36.50000 |      37.00000 | 
     62.52531 |      59.82293 |       0.01599 |       0.00515 |       0.01414 |       1.00000 |       1.00000 |      37.03375 |      36.62127 |   14846.25781 |   11264.20117 |    3575.75635 |   14846.62793 |      36.50000 |      37.00000 | 
     61.81777 |      60.96074 |       0.01618 |       0.00515 |       0.01414 |       1.00000 |       1.00000 |      37.03377 |      36.62127 |   14843.36816 |   11261.98926 |    3575.07666 |   14843.73828 |      36.50000 |      37.00000 | 
     60.69221 |      34.05067 |       0.01648 |       0.00515 |       0.01414 |       1.00000 |       1.00000 |      37.03379 |      36.62127 |   14840.16504 |   11259.52539 |    3574.33813 |   14840.53418 |      36.50000 |      37.00000 | 
     64.12684 |     122.69939 |       0.01559 |       0.00515 |       0.01414 |       1.00000 |       1.00000 |      37.03381 |      36.62128 |   14837.68945 |   11257.61230 |    3573.77661 |   14838.05957 |      36.50000 |      37.00000 | 
     59.60966 |      59.58055 |       0.01678 |       0.00515 |       0.01414 |       1.00000 |       1.00000 |      37.03383 |      36.62128 |   14834.15234 |   11254.86621 |    3572.98486 |   14834.52246 |      36.50000 |      37.00000 | 
     59.69080 |      59.84798 |       0.01675 |       0.00515 |       0.01414 |       1.00000 |       1.00000 |      37.03385 |      36.62128 |   14831.09375 |   11252.47949 |    3572.31274 |   14831.46387 |      36.50000 |      37.00000 | 
     59.94590 |      60.63914 |       0.01668 |       0.00515 |       0.01414 |       1.00000 |       1.00000 |      37.03387 |      36.62128 |   14828.03125 |   11248.96289 |    3572.76782 |   14828.40137 |      36.50000 |      37.00000 | 
     60.01648 |      60.22282 |       0.01666 |       0.00515 |       0.01414 |       1.00000 |       1.00000 |      37.03389 |      36.62129 |   14824.91797 |   11246.79688 |    3571.81860 |   14825.28711 |      36.50000 |      37.00000 | 
     57.12341 |      59.84441 |       0.01751 |       0.00515 |       0.01414 |       1.00000 |       1.00000 |      37.03392 |      36.62129 |   14820.90137 |   11243.98340 |    3570.61670 |   14821.27148 |      36.50000 |      37.00000 | 
     58.13675 |      60.41201 |       0.01720 |       0.00515 |       0.01414 |       1.00000 |       1.00000 |      37.03394 |      36.62130 |   14817.72070 |   11241.74023 |    3569.67798 |   14818.09082 |      36.50000 |      37.00000 | 
     62.22566 |      59.78358 |       0.01607 |       0.00515 |       0.01414 |       1.00000 |       1.00000 |      37.03396 |      36.62130 |   14813.94629 |   11239.06152 |    3568.58228 |   14814.31641 |      36.50000 |      37.00000 | 
     61.46254 |      60.40106 |       0.01627 |       0.00515 |       0.01414 |       1.00000 |       1.00000 |      37.03398 |      36.62130 |   14810.67285 |   11236.72852 |    3567.64233 |   14811.04297 |      36.50000 |      37.00000 | 
     65.00729 |     121.31506 |       0.01538 |       0.00527 |       0.01415 |       1.00000 |       1.00000 |      37.03400 |      36.62131 |   14806.81836 |   11233.96387 |    3566.55322 |   14807.18848 |      36.50000 |      37.00000 | 
     63.13656 |      59.47425 |       0.01584 |       0.00527 |       0.01415 |       1.00000 |       1.00000 |      37.03402 |      36.62131 |   14803.45801 |   11231.53613 |    3565.62061 |   14803.82812 |      36.50000 |      37.00000 | 
     65.56332 |      59.34718 |       0.01525 |       0.00527 |       0.01415 |       1.00000 |       1.00000 |      37.03405 |      36.62132 |   14799.53516 |   11228.68945 |    3564.54248 |   14799.90430 |      36.50000 |      37.00000 | 
     63.60722 |      60.85686 |       0.01572 |       0.00527 |       0.01415 |       1.00000 |       1.00000 |      37.03407 |      36.62132 |   14796.11816 |   11226.19922 |    3563.61768 |   14796.48828 |      36.50000 |      37.00000 | 
     66.19605 |      59.92330 |       0.01511 |       0.00527 |       0.01415 |       1.00000 |       1.00000 |      37.03408 |      36.62132 |   14793.26172 |   11224.10645 |    3562.85278 |   14793.62793 |      36.50000 |      37.00000 | 
     63.97632 |      60.28454 |       0.01563 |       0.00527 |       0.01415 |       1.00000 |       1.00000 |      37.03410 |      36.62133 |   14789.78125 |   11221.54883 |    3561.93091 |   14790.14844 |      36.50000 |      37.00000 | 
     65.55224 |      59.53799 |       0.01526 |       0.00527 |       0.01415 |       1.00000 |       1.00000 |      37.03413 |      36.62133 |   14785.69629 |   11218.52832 |    3560.86646 |   14786.06250 |      36.50000 |      37.00000 | 
     63.43917 |      59.39653 |       0.01576 |       0.00527 |       0.01415 |       1.00000 |       1.00000 |      37.03415 |      36.62133 |   14782.12891 |   11215.87988 |    3559.94751 |   14782.49902 |      36.50000 |      37.00000 | 
     66.09695 |      59.59476 |       0.01513 |       0.00527 |       0.01415 |       1.00000 |       1.00000 |      37.03416 |      36.62134 |   14779.17090 |   11213.67578 |    3559.19336 |   14779.53711 |      36.50000 |      37.00000 | 
     64.01808 |      61.10228 |       0.01562 |       0.00527 |       0.01415 |       1.00000 |       1.00000 |      37.03419 |      36.62134 |   14775.57715 |   11210.98828 |    3558.28882 |   14775.94434 |      36.50000 |      37.00000 | 
     65.53870 |      60.30999 |       0.01526 |       0.00527 |       0.01415 |       1.00000 |       1.00000 |      37.03421 |      36.62135 |   14771.33594 |   11207.79980 |    3557.23438 |   14771.70215 |      36.50000 |      37.00000 | 
     67.69617 |     122.60912 |       0.01477 |       0.00527 |       0.01415 |       1.00000 |       1.00000 |      37.03423 |      36.62135 |   14767.06543 |   11204.57617 |    3556.18774 |   14767.43164 |      36.50000 |      37.00000 | 
     64.85684 |      60.09254 |       0.01542 |       0.00527 |       0.01415 |       1.00000 |       1.00000 |      37.03425 |      36.62136 |   14763.34570 |   11201.75781 |    3555.28662 |   14763.71191 |      36.50000 |      37.00000 | 
     66.66077 |      59.55217 |       0.01500 |       0.00527 |       0.01415 |       1.00000 |       1.00000 |      37.03428 |      36.62136 |   14759.00293 |   11198.45215 |    3554.24902 |   14759.36914 |      36.50000 |      37.00000 | 
     64.03623 |      58.08213 |       0.01562 |       0.00527 |       0.01415 |       1.00000 |       1.00000 |      37.03430 |      36.62137 |   14755.19043 |   11195.53711 |    3553.35107 |   14755.55664 |      36.50000 |      37.00000 | 
     66.16162 |      59.47071 |       0.01511 |       0.00527 |       0.01415 |       1.00000 |       1.00000 |      37.03432 |      36.62138 |   14750.77930 |   11192.15527 |    3552.32251 |   14751.14551 |      36.50000 |      37.00000 | 
     63.94066 |      59.64452 |       0.01564 |       0.00527 |       0.01415 |       1.00000 |       1.00000 |      37.03434 |      36.62138 |   14746.93359 |   11187.19629 |    3553.43555 |   14747.30078 |      36.50000 |      37.00000 | 
     66.46019 |      59.75143 |       0.01505 |       0.00527 |       0.01415 |       1.00000 |       1.00000 |      37.03436 |      36.62138 |   14743.73242 |   11184.97559 |    3552.45557 |   14744.09961 |      36.50000 |      37.00000 | 
     64.07510 |      59.66587 |       0.01561 |       0.00527 |       0.01415 |       1.00000 |       1.00000 |      37.03438 |      36.62139 |   14739.82324 |   11182.25000 |    3551.27173 |   14740.19043 |      36.50000 |      37.00000 | 
     66.45917 |      58.74750 |       0.01505 |       0.00527 |       0.01415 |       1.00000 |       1.00000 |      37.03440 |      36.62140 |   14736.56348 |   11179.96387 |    3550.29883 |   14736.93066 |      36.50000 |      37.00000 | 
     64.18402 |      60.18658 |       0.01558 |       0.00504 |       0.01452 |       1.00000 |       1.00000 |      37.03442 |      36.62140 |   14732.62012 |   11177.19141 |    3549.12744 |   14732.98633 |      36.50000 |      37.00000 | 
     65.66508 |      59.96642 |       0.01523 |       0.00504 |       0.01452 |       1.00000 |       1.00000 |      37.03444 |      36.62141 |   14727.98633 |   11173.91797 |    3547.76733 |   14728.35254 |      36.50000 |      37.00000 | 
     63.74300 |      61.46659 |       0.01569 |       0.00504 |       0.01452 |       1.00000 |       1.00000 |      37.03446 |      36.62141 |   14723.98535 |   11171.07812 |    3546.60596 |   14724.35254 |      36.50000 |      37.00000 | 
     66.22355 |      59.71575 |       0.01510 |       0.00504 |       0.01452 |       1.00000 |       1.00000 |      37.03448 |      36.62141 |   14720.62500 |   11168.68359 |    3545.64038 |   14720.99219 |      36.50000 |      37.00000 | 
     68.03230 |     120.03361 |       0.01470 |       0.00504 |       0.01452 |       1.00000 |       1.00000 |      37.03450 |      36.62142 |   14715.88770 |   11165.29297 |    3544.29272 |   14716.25391 |      36.50000 |      37.00000 | 
     65.15165 |      60.24459 |       0.01535 |       0.00504 |       0.01452 |       1.00000 |       1.00000 |      37.03452 |      36.62143 |   14711.79492 |   11162.35254 |    3543.14087 |   14712.16113 |      36.50000 |      37.00000 | 
     66.75592 |      59.69080 |       0.01498 |       0.00504 |       0.01452 |       1.00000 |       1.00000 |      37.03455 |      36.62144 |   14706.98633 |   11158.88184 |    3541.80322 |   14707.35352 |      36.50000 |      37.00000 | 
     64.08041 |      58.41122 |       0.01561 |       0.00504 |       0.01452 |       1.00000 |       1.00000 |      37.03457 |      36.62144 |   14702.78711 |   11155.84180 |    3540.64355 |   14703.15332 |      36.50000 |      37.00000 | 
     67.02017 |     123.57884 |       0.01492 |       0.00504 |       0.01452 |       1.00000 |       1.00000 |      37.03459 |      36.62145 |   14697.97754 |   11152.34473 |    3539.33105 |   14698.34375 |      36.50000 |      37.00000 | 
     64.39738 |      60.13591 |       0.01553 |       0.00504 |       0.01452 |       1.00000 |       1.00000 |      37.03461 |      36.62146 |   14693.73926 |   11149.25000 |    3538.18872 |   14694.10547 |      36.50000 |      37.00000 | 
     62.73531 |      58.62696 |       0.01594 |       0.00504 |       0.01452 |       1.00000 |       1.00000 |      37.03463 |      36.62146 |   14689.47754 |   11146.12695 |    3537.04932 |   14689.84473 |      36.50000 |      37.00000 | 
     61.93919 |      59.99160 |       0.01614 |       0.00504 |       0.01452 |       1.00000 |       1.00000 |      37.03465 |      36.62147 |   14685.24316 |   11143.01172 |    3535.92993 |   14685.61035 |      36.50000 |      37.00000 | 
     56.12836 |      26.72368 |       0.01782 |       0.00504 |       0.01452 |       1.00000 |       1.00000 |      37.03468 |      36.62148 |   14680.59766 |   11139.58301 |    3534.71265 |   14680.96484 |      36.50000 |      37.00000 | 
     61.51629 |      60.04924 |       0.01626 |       0.00504 |       0.01452 |       1.00000 |       1.00000 |      37.03469 |      36.62148 |   14677.34570 |   11137.17676 |    3533.86719 |   14677.71289 |      36.50000 |      37.00000 | 
     57.36671 |      33.81120 |       0.01743 |       0.00504 |       0.01452 |       1.00000 |       1.00000 |      37.03472 |      36.62149 |   14671.89160 |   11133.12598 |    3532.46533 |   14672.25879 |      36.50000 |      37.00000 | 
     58.29001 |      68.29668 |       0.01716 |       0.00504 |       0.01452 |       1.00000 |       1.00000 |      37.03474 |      36.62149 |   14667.51172 |   11129.86133 |    3531.34839 |   14667.87793 |      36.50000 |      37.00000 | 
     62.99532 |     122.86522 |       0.01587 |       0.00504 |       0.01452 |       1.00000 |       1.00000 |      37.03476 |      36.62150 |   14662.40527 |   11125.18555 |    3530.91821 |   14662.77051 |      36.50000 |      37.00000 | 
     61.75055 |      58.70267 |       0.01619 |       0.00504 |       0.01452 |       1.00000 |       1.00000 |      37.03479 |      36.62151 |   14657.93262 |   11122.12500 |    3529.50562 |   14658.29883 |      36.50000 |      37.00000 | 
     64.85112 |      58.86508 |       0.01542 |       0.00504 |       0.01452 |       1.00000 |       1.00000 |      37.03480 |      36.62152 |   14654.25391 |   11119.60059 |    3528.35278 |   14654.62109 |      36.50000 |      37.00000 | 
     63.15019 |      59.73002 |       0.01584 |       0.00504 |       0.01452 |       1.00000 |       1.00000 |      37.03482 |      36.62152 |   14649.79492 |   11116.53125 |    3526.96167 |   14650.16211 |      36.50000 |      37.00000 | 
     66.15552 |     121.62491 |       0.01512 |       0.00521 |       0.01479 |       1.00000 |       1.00000 |      37.03485 |      36.62153 |   14644.59473 |   11112.94824 |    3525.34497 |   14644.95898 |      36.50000 |      37.00000 | 
     63.77641 |      59.10864 |       0.01568 |       0.00521 |       0.01479 |       1.00000 |       1.00000 |      37.03487 |      36.62154 |   14640.08008 |   11109.82812 |    3523.95020 |   14640.44434 |      36.50000 |      37.00000 | 
     66.03764 |      59.47071 |       0.01514 |       0.00521 |       0.01479 |       1.00000 |       1.00000 |      37.03489 |      36.62155 |   14634.90430 |   11106.25098 |    3522.35181 |   14635.26953 |      36.50000 |      37.00000 | 
     63.73862 |      58.99009 |       0.01569 |       0.00521 |       0.01479 |       1.00000 |       1.00000 |      37.03492 |      36.62156 |   14630.41992 |   11103.15430 |    3520.96411 |   14630.78516 |      36.50000 |      37.00000 | 
     66.05288 |      59.76929 |       0.01514 |       0.00521 |       0.01479 |       1.00000 |       1.00000 |      37.03494 |      36.62157 |   14625.29883 |   11099.61914 |    3519.37891 |   14625.66309 |      36.50000 |      37.00000 | 
     63.84172 |      60.95331 |       0.01566 |       0.00521 |       0.01479 |       1.00000 |       1.00000 |      37.03496 |      36.62157 |   14620.88965 |   11096.58203 |    3518.00757 |   14621.25488 |      36.50000 |      37.00000 | 
     66.57927 |     120.86053 |       0.01502 |       0.00521 |       0.01479 |       1.00000 |       1.00000 |      37.03499 |      36.62159 |   14615.83691 |   11093.11328 |    3516.42114 |   14616.20117 |      36.50000 |      37.00000 | 
     64.18423 |      59.82293 |       0.01558 |       0.00521 |       0.01479 |       1.00000 |       1.00000 |      37.03501 |      36.62159 |   14611.53906 |   11090.17676 |    3515.06104 |   14611.90332 |      36.50000 |      37.00000 | 
     62.64658 |      59.56990 |       0.01596 |       0.00521 |       0.01479 |       1.00000 |       1.00000 |      37.03503 |      36.62160 |   14607.29199 |   11087.28711 |    3513.70215 |   14607.65625 |      36.50000 |      37.00000 | 
     65.25066 |      59.44596 |       0.01533 |       0.00521 |       0.01479 |       1.00000 |       1.00000 |      37.03506 |      36.62161 |   14602.45410 |   11084.01562 |    3512.13794 |   14602.81934 |      36.50000 |      37.00000 | 
     63.30484 |      60.00600 |       0.01580 |       0.00521 |       0.01479 |       1.00000 |       1.00000 |      37.03508 |      36.62162 |   14598.33984 |   11081.24902 |    3510.78833 |   14598.70508 |      36.50000 |      37.00000 | 
     66.36056 |     121.66930 |       0.01507 |       0.00521 |       0.01479 |       1.00000 |       1.00000 |      37.03510 |      36.62164 |   14593.68652 |   11078.14160 |    3509.24365 |   14594.05176 |      36.50000 |      37.00000 | 
     63.75912 |      58.06189 |       0.01568 |       0.00521 |       0.01479 |       1.00000 |       1.00000 |      37.03513 |      36.62165 |   14589.67969 |   11075.48340 |    3507.89600 |   14590.04492 |      36.50000 |      37.00000 | 
     62.51283 |      59.32254 |       0.01600 |       0.00521 |       0.01479 |       1.00000 |       1.00000 |      37.03515 |      36.62165 |   14585.80762 |   11072.90723 |    3506.59839 |   14586.17285 |      36.50000 |      37.00000 | 
     65.06557 |      58.38734 |       0.01537 |       0.00521 |       0.01479 |       1.00000 |       1.00000 |      37.03518 |      36.62167 |   14581.35059 |   11069.71973 |    3505.32886 |   14581.71582 |      36.50000 |      37.00000 | 
     63.38936 |      60.12144 |       0.01578 |       0.00521 |       0.01479 |       1.00000 |       1.00000 |      37.03520 |      36.62168 |   14577.59863 |   11067.04395 |    3504.25293 |   14577.96387 |      36.50000 |      37.00000 | 
     62.29502 |      60.76442 |       0.01605 |       0.00521 |       0.01479 |       1.00000 |       1.00000 |      37.03522 |      36.62169 |   14573.87988 |   11064.39746 |    3503.17969 |   14574.24414 |      36.50000 |      37.00000 | 
     65.12292 |      58.90322 |       0.01536 |       0.00521 |       0.01479 |       1.00000 |       1.00000 |      37.03524 |      36.62170 |   14570.80566 |   11062.21484 |    3502.28931 |   14571.17090 |      36.50000 |      37.00000 | 
     63.21835 |      58.75441 |       0.01582 |       0.00521 |       0.01479 |       1.00000 |       1.00000 |      37.03526 |      36.62171 |   14567.14551 |   11059.61426 |    3501.22974 |   14567.51074 |      36.50000 |      37.00000 | 
     66.22981 |     120.25012 |       0.01510 |       0.00514 |       0.01500 |       1.00000 |       1.00000 |      37.03529 |      36.62173 |   14562.97168 |   11055.60156 |    3501.06909 |   14563.33691 |      36.50000 |      37.00000 | 
     63.97931 |      60.36096 |       0.01563 |       0.00514 |       0.01500 |       1.00000 |       1.00000 |      37.03531 |      36.62174 |   14559.41309 |   11054.04395 |    3499.06665 |   14559.77734 |      36.50000 |      37.00000 | 
     62.64713 |      60.93103 |       0.01596 |       0.00514 |       0.01500 |       1.00000 |       1.00000 |      37.03533 |      36.62175 |   14555.91895 |   11052.54688 |    3497.07129 |   14556.28418 |      36.50000 |      37.00000 | 
     65.16226 |      59.14710 |       0.01535 |       0.00514 |       0.01500 |       1.00000 |       1.00000 |      37.03536 |      36.62177 |   14551.91113 |   11050.85840 |    3494.75049 |   14552.27441 |      36.50000 |      37.00000 | 
     63.32560 |      59.24522 |       0.01579 |       0.00514 |       0.01500 |       1.00000 |       1.00000 |      37.03538 |      36.62178 |   14548.53418 |   11049.47266 |    3492.75977 |   14548.89746 |      36.50000 |      37.00000 | 
     66.32005 |     122.88032 |       0.01508 |       0.00514 |       0.01500 |       1.00000 |       1.00000 |      37.03541 |      36.62179 |   14544.69824 |   11057.12695 |    3481.26953 |   14545.06152 |      36.50000 |      37.00000 | 
     63.95638 |      59.64096 |       0.01564 |       0.00514 |       0.01500 |       1.00000 |       1.00000 |      37.03543 |      36.62180 |   14541.44336 |   11054.04883 |    3481.09253 |   14541.80664 |      36.50000 |      37.00000 | 
     62.66819 |      61.21450 |       0.01596 |       0.00514 |       0.01500 |       1.00000 |       1.00000 |      37.03545 |      36.62182 |   14538.28125 |   11051.05957 |    3480.92041 |   14538.64453 |      36.50000 |      37.00000 | 
     65.56376 |      60.07088 |       0.01525 |       0.00514 |       0.01500 |       1.00000 |       1.00000 |      37.03547 |      36.62183 |   14535.70508 |   11048.62012 |    3480.78369 |   14536.06836 |      36.50000 |      37.00000 | 
     63.55857 |      60.21557 |       0.01573 |       0.00514 |       0.01500 |       1.00000 |       1.00000 |      37.03550 |      36.62184 |   14532.64453 |   11045.72168 |    3480.62158 |   14533.00781 |      36.50000 |      37.00000 | 
     62.74039 |      60.36460 |       0.01594 |       0.00514 |       0.01500 |       1.00000 |       1.00000 |      37.03551 |      36.62185 |   14530.65332 |   11043.83496 |    3480.51660 |   14531.01660 |      36.50000 |      37.00000 | 
     58.76094 |      59.10515 |       0.01702 |       0.00514 |       0.01500 |       1.00000 |       1.00000 |      37.03554 |      36.62187 |   14526.94043 |   11040.31348 |    3480.32520 |   14527.30469 |      36.50000 |      37.00000 | 
     59.22452 |      59.68724 |       0.01688 |       0.00514 |       0.01500 |       1.00000 |       1.00000 |      37.03556 |      36.62188 |   14524.08496 |   11037.60352 |    3480.17969 |   14524.44824 |      36.50000 |      37.00000 | 
     59.36909 |      59.14360 |       0.01684 |       0.00514 |       0.01500 |       1.00000 |       1.00000 |      37.03559 |      36.62190 |   14521.26855 |   11034.92773 |    3480.03882 |   14521.63184 |      36.50000 |      37.00000 | 
     59.72912 |      60.77180 |       0.01674 |       0.00514 |       0.01500 |       1.00000 |       1.00000 |      37.03561 |      36.62191 |   14518.54785 |   11032.34180 |    3479.90503 |   14518.91113 |      36.50000 |      37.00000 | 
     56.16817 |      33.61909 |       0.01780 |       0.00514 |       0.01500 |       1.00000 |       1.00000 |      37.03563 |      36.62193 |   14516.05469 |   11029.96973 |    3479.78296 |   14516.41797 |      36.50000 |      37.00000 | 
     57.32262 |      60.12867 |       0.01745 |       0.00514 |       0.01500 |       1.00000 |       1.00000 |      37.03565 |      36.62194 |   14513.41699 |   11027.45898 |    3479.65674 |   14513.78027 |      36.50000 |      37.00000 | 
     61.53500 |      59.24171 |       0.01625 |       0.00514 |       0.01500 |       1.00000 |       1.00000 |      37.03568 |      36.62196 |   14511.28516 |   11025.42578 |    3479.55737 |   14511.64844 |      36.50000 |      37.00000 | 
     61.03577 |      59.60186 |       0.01638 |       0.00514 |       0.01500 |       1.00000 |       1.00000 |      37.03570 |      36.62197 |   14508.76270 |   11023.02051 |    3479.44116 |   14509.12598 |      36.50000 |      37.00000 | 
     60.69629 |      60.55835 |       0.01648 |       0.00514 |       0.01500 |       1.00000 |       1.00000 |      37.03572 |      36.62199 |   14506.28809 |   11020.65723 |    3479.32983 |   14506.65137 |      36.50000 |      37.00000 | 
     63.61447 |      61.23324 |       0.01572 |       0.00508 |       0.01454 |       1.00000 |       1.00000 |      37.03575 |      36.62200 |   14503.48438 |   11017.97559 |    3479.20776 |   14503.84766 |      36.50000 |      37.00000 | 
     62.10820 |      58.77858 |       0.01610 |       0.00508 |       0.01454 |       1.00000 |       1.00000 |      37.03577 |      36.62202 |   14501.09277 |   11015.68750 |    3479.10400 |   14501.45605 |      36.50000 |      37.00000 | 
     65.56523 |     120.38040 |       0.01525 |       0.00508 |       0.01454 |       1.00000 |       1.00000 |      37.03580 |      36.62204 |   14498.41797 |   11013.12305 |    3478.99341 |   14498.78125 |      36.50000 |      37.00000 | 
     63.61660 |      60.51804 |       0.01572 |       0.00508 |       0.01454 |       1.00000 |       1.00000 |      37.03582 |      36.62206 |   14496.15625 |   11010.95215 |    3478.90381 |   14496.51953 |      36.50000 |      37.00000 | 
     62.41409 |      61.04261 |       0.01602 |       0.00508 |       0.01454 |       1.00000 |       1.00000 |      37.03584 |      36.62207 |   14493.94043 |   11008.82129 |    3478.81738 |   14494.30273 |      36.50000 |      37.00000 | 
     65.20274 |      59.25926 |       0.01534 |       0.00508 |       0.01454 |       1.00000 |       1.00000 |      37.03586 |      36.62208 |   14492.12305 |   11007.07422 |    3478.74756 |   14492.48438 |      36.50000 |      37.00000 | 
     63.46969 |      60.89392 |       0.01576 |       0.00508 |       0.01454 |       1.00000 |       1.00000 |      37.03588 |      36.62210 |   14489.99023 |   11005.77246 |    3477.91772 |   14490.35254 |      36.50000 |      37.00000 | 
     66.30379 |     121.83236 |       0.01508 |       0.00508 |       0.01454 |       1.00000 |       1.00000 |      37.03591 |      36.62212 |   14487.54785 |   11004.13965 |    3477.10767 |   14487.90918 |      36.50000 |      37.00000 | 
     63.97777 |      59.01794 |       0.01563 |       0.00508 |       0.01454 |       1.00000 |       1.00000 |      37.03593 |      36.62214 |   14485.48633 |   11002.77344 |    3476.41162 |   14485.84863 |      36.50000 |      37.00000 | 
     62.65168 |      61.19577 |       0.01596 |       0.00508 |       0.01454 |       1.00000 |       1.00000 |      37.03596 |      36.62215 |   14483.47168 |   11001.45215 |    3475.71899 |   14483.83398 |      36.50000 |      37.00000 | 
     65.45579 |      60.02041 |       0.01528 |       0.00508 |       0.01454 |       1.00000 |       1.00000 |      37.03598 |      36.62217 |   14481.81934 |   11000.37598 |    3475.14233 |   14482.18066 |      36.50000 |      37.00000 | 
     63.50365 |      59.62674 |       0.01575 |       0.00508 |       0.01454 |       1.00000 |       1.00000 |      37.03600 |      36.62218 |   14479.85938 |   10999.10742 |    3474.45044 |   14480.22168 |      36.50000 |      37.00000 | 
     66.42472 |     119.91846 |       0.01505 |       0.00508 |       0.01454 |       1.00000 |       1.00000 |      37.03603 |      36.62220 |   14477.62793 |   10997.67676 |    3473.64941 |   14477.98926 |      36.50000 |      37.00000 | 
     64.12382 |      60.16847 |       0.01559 |       0.00508 |       0.01454 |       1.00000 |       1.00000 |      37.03605 |      36.62222 |   14475.73438 |   10996.47363 |    3472.95898 |   14476.09570 |      36.50000 |      37.00000 | 
     62.51506 |      59.07721 |       0.01600 |       0.00508 |       0.01454 |       1.00000 |       1.00000 |      37.03608 |      36.62224 |   14473.85840 |   10995.29199 |    3472.26489 |   14474.21973 |      36.50000 |      37.00000 | 
     65.88477 |     122.51899 |       0.01518 |       0.00508 |       0.01454 |       1.00000 |       1.00000 |      37.03610 |      36.62226 |   14471.73926 |   10993.96875 |    3471.46997 |   14472.10156 |      36.50000 |      37.00000 | 
     63.78654 |      59.92330 |       0.01568 |       0.00508 |       0.01454 |       1.00000 |       1.00000 |      37.03613 |      36.62228 |   14469.93359 |   10998.88379 |    3464.74829 |   14470.29492 |      36.50000 |      37.00000 | 
     62.37143 |      59.79788 |       0.01603 |       0.00508 |       0.01454 |       1.00000 |       1.00000 |      37.03615 |      36.62230 |   14468.14355 |   10995.38770 |    3466.45459 |   14468.50488 |      36.50000 |      37.00000 | 
     65.91440 |     122.10012 |       0.01517 |       0.00508 |       0.01454 |       1.00000 |       1.00000 |      37.03617 |      36.62231 |   14466.10645 |   10991.37891 |    3468.42529 |   14466.46777 |      36.50000 |      37.00000 | 
     63.78109 |      60.34639 |       0.01568 |       0.00508 |       0.01454 |       1.00000 |       1.00000 |      37.03620 |      36.62233 |   14464.36816 |   10987.93555 |    3470.13110 |   14464.72949 |      36.50000 |      37.00000 | 
     62.55919 |      61.16208 |       0.01598 |       0.00511 |       0.01473 |       1.00000 |       1.00000 |      37.03622 |      36.62235 |   14462.65918 |   10984.52539 |    3471.83154 |   14463.01953 |      36.50000 |      37.00000 | 
     64.75395 |      60.83835 |       0.01544 |       0.00511 |       0.01473 |       1.00000 |       1.00000 |      37.03625 |      36.62237 |   14460.68945 |   10980.57324 |    3473.81543 |   14461.04980 |      36.50000 |      37.00000 | 
     63.01032 |      59.89817 |       0.01587 |       0.00511 |       0.01473 |       1.00000 |       1.00000 |      37.03627 |      36.62239 |   14459.00684 |   10977.17578 |    3475.53125 |   14459.36719 |      36.50000 |      37.00000 | 
     61.98685 |      61.04261 |       0.01613 |       0.00511 |       0.01473 |       1.00000 |       1.00000 |      37.03629 |      36.62241 |   14457.34668 |   10973.80273 |    3477.24219 |   14457.70703 |      36.50000 |      37.00000 | 
     64.36089 |      60.07088 |       0.01554 |       0.00511 |       0.01473 |       1.00000 |       1.00000 |      37.03632 |      36.62243 |   14455.43750 |   10969.90527 |    3479.22974 |   14455.79785 |      36.50000 |      37.00000 | 
     62.70737 |      59.21014 |       0.01595 |       0.00511 |       0.01473 |       1.00000 |       1.00000 |      37.03634 |      36.62245 |   14453.79883 |   10966.54199 |    3480.95605 |   14454.15918 |      36.50000 |      37.00000 | 
     66.00369 |     123.28936 |       0.01515 |       0.00511 |       0.01473 |       1.00000 |       1.00000 |      37.03637 |      36.62247 |   14451.92676 |   10962.68066 |    3482.94434 |   14452.28711 |      36.50000 |      37.00000 | 
     63.82631 |      59.61252 |       0.01567 |       0.00511 |       0.01473 |       1.00000 |       1.00000 |      37.03639 |      36.62249 |   14450.32129 |   10959.35352 |    3484.66650 |   14450.68066 |      36.50000 |      37.00000 | 
     62.51163 |      59.91253 |       0.01600 |       0.00511 |       0.01473 |       1.00000 |       1.00000 |      37.03641 |      36.62251 |   14448.73047 |   10956.04492 |    3486.38379 |   14449.09082 |      36.50000 |      37.00000 | 
     61.63374 |      59.32606 |       0.01622 |       0.00511 |       0.01473 |       1.00000 |       1.00000 |      37.03643 |      36.62253 |   14447.14746 |   10952.74316 |    3488.10400 |   14447.50781 |      36.50000 |      37.00000 | 
     61.34140 |      80.23106 |       0.01630 |       0.00511 |       0.01473 |       1.00000 |       1.00000 |      37.03646 |      36.62255 |   14445.57715 |   10949.45117 |    3489.82373 |   14445.93652 |      36.50000 |      37.00000 | 
     57.34551 |      34.01476 |       0.01744 |       0.00511 |       0.01473 |       1.00000 |       1.00000 |      37.03648 |      36.62256 |   14444.13477 |   10946.42285 |    3491.41040 |   14444.49512 |      36.50000 |      37.00000 | 
     58.16135 |      59.65875 |       0.01719 |       0.00511 |       0.01473 |       1.00000 |       1.00000 |      37.03650 |      36.62258 |   14442.57422 |   10943.13379 |    3493.13892 |   14442.93457 |      36.50000 |      37.00000 | 
     58.67583 |      59.80861 |       0.01704 |       0.00511 |       0.01473 |       1.00000 |       1.00000 |      37.03653 |      36.62260 |   14441.01660 |   10939.84570 |    3494.87061 |   14441.37695 |      36.50000 |      37.00000 | 
     59.19467 |      60.05645 |       0.01689 |       0.00511 |       0.01473 |       1.00000 |       1.00000 |      37.03654 |      36.62262 |   14439.47949 |   10936.58984 |    3496.58789 |   14439.83594 |      36.50000 |      37.00000 | 
     60.81849 |     120.07685 |       0.01644 |       0.00511 |       0.01473 |       1.00000 |       1.00000 |      37.03658 |      36.62265 |   14437.30566 |   10933.44336 |    3497.56128 |   14437.66504 |      36.50000 |      37.00000 | 
     60.48423 |      59.97721 |       0.01653 |       0.00511 |       0.01473 |       1.00000 |       1.00000 |      37.03660 |      36.62267 |   14435.76855 |   10930.65918 |    3498.80884 |   14436.12891 |      36.50000 |      37.00000 | 
     60.23912 |      58.65791 |       0.01660 |       0.00511 |       0.01473 |       1.00000 |       1.00000 |      37.03662 |      36.62268 |   14434.74121 |   10928.79395 |    3499.64526 |   14435.09766 |      36.50000 |      37.00000 | 
     64.94798 |     121.62491 |       0.01540 |       0.00511 |       0.01473 |       1.00000 |       1.00000 |      37.03664 |      36.62271 |   14432.78516 |   10924.95215 |    3501.53052 |   14433.14160 |      36.50000 |      37.00000 | 
     63.16876 |      60.43026 |       0.01583 |       0.00511 |       0.01473 |       1.00000 |       1.00000 |      37.03667 |      36.62273 |   14431.25879 |   10922.59570 |    3502.36060 |   14431.61523 |      36.50000 |      37.00000 | 
     62.11153 |      61.35722 |       0.01610 |       0.00508 |       0.01490 |       1.00000 |       1.00000 |      37.03669 |      36.62275 |   14429.73926 |   10920.25098 |    3503.18701 |   14430.09570 |      36.50000 |      37.00000 | 
     64.38216 |      59.41418 |       0.01553 |       0.00508 |       0.01490 |       1.00000 |       1.00000 |      37.03672 |      36.62277 |   14427.97363 |   10923.08984 |    3498.58276 |   14428.33008 |      36.50000 |      37.00000 | 
     62.80150 |      59.67299 |       0.01592 |       0.00508 |       0.01490 |       1.00000 |       1.00000 |      37.03674 |      36.62279 |   14426.45410 |   10919.95605 |    3500.19653 |   14426.81055 |      36.50000 |      37.00000 | 
     61.94375 |      60.69434 |       0.01614 |       0.00508 |       0.01490 |       1.00000 |       1.00000 |      37.03676 |      36.62281 |   14424.94629 |   10916.84668 |    3501.79883 |   14425.30273 |      36.50000 |      37.00000 | 
     64.93015 |      59.99880 |       0.01540 |       0.00508 |       0.01490 |       1.00000 |       1.00000 |      37.03678 |      36.62283 |   14423.68848 |   10914.25293 |    3503.13232 |   14424.04492 |      36.50000 |      37.00000 | 
     63.17445 |      60.54368 |       0.01583 |       0.00508 |       0.01490 |       1.00000 |       1.00000 |      37.03680 |      36.62284 |   14422.17285 |   10911.13086 |    3504.74121 |   14422.52930 |      36.50000 |      37.00000 | 
     66.24670 |     122.42899 |       0.01510 |       0.00508 |       0.01490 |       1.00000 |       1.00000 |      37.03683 |      36.62287 |   14420.42090 |   10907.52441 |    3506.59424 |   14420.77734 |      36.50000 |      37.00000 | 
     63.84797 |      58.73715 |       0.01566 |       0.00508 |       0.01490 |       1.00000 |       1.00000 |      37.03685 |      36.62289 |   14418.89941 |   10904.39648 |    3508.20264 |   14419.25684 |      36.50000 |      37.00000 | 
     62.56142 |      60.33911 |       0.01598 |       0.00508 |       0.01490 |       1.00000 |       1.00000 |      37.03687 |      36.62291 |   14417.39355 |   10901.30078 |    3509.79175 |   14417.75098 |      36.50000 |      37.00000 | 
     65.41853 |      59.52027 |       0.01529 |       0.00508 |       0.01490 |       1.00000 |       1.00000 |      37.03689 |      36.62292 |   14416.14160 |   10898.72949 |    3511.11108 |   14416.49805 |      36.50000 |      37.00000 | 
     63.51563 |      60.55101 |       0.01574 |       0.00508 |       0.01490 |       1.00000 |       1.00000 |      37.03691 |      36.62295 |   14414.63184 |   10895.63184 |    3512.69873 |   14414.98828 |      36.50000 |      37.00000 | 
     66.34637 |     119.99040 |       0.01507 |       0.00508 |       0.01490 |       1.00000 |       1.00000 |      37.03694 |      36.62297 |   14412.87305 |   10892.02539 |    3514.54565 |   14413.22754 |      36.50000 |      37.00000 | 
     64.08450 |      59.74429 |       0.01560 |       0.00508 |       0.01490 |       1.00000 |       1.00000 |      37.03696 |      36.62299 |   14411.36328 |   10888.93750 |    3516.12524 |   14411.71777 |      36.50000 |      37.00000 | 
     62.64170 |      59.92689 |       0.01596 |       0.00508 |       0.01490 |       1.00000 |       1.00000 |      37.03698 |      36.62301 |   14409.85059 |   10885.84082 |    3517.70679 |   14410.20508 |      36.50000 |      37.00000 | 
     65.88055 |     122.74457 |       0.01518 |       0.00508 |       0.01490 |       1.00000 |       1.00000 |      37.03701 |      36.62304 |   14408.09570 |   10882.25684 |    3519.53735 |   14408.45020 |      36.50000 |      37.00000 | 
     63.76170 |      60.27364 |       0.01568 |       0.00508 |       0.01490 |       1.00000 |       1.00000 |      37.03703 |      36.62305 |   14406.58008 |   10879.16406 |    3521.11426 |   14406.93457 |      36.50000 |      37.00000 | 
     62.46873 |      60.63178 |       0.01601 |       0.00508 |       0.01490 |       1.00000 |       1.00000 |      37.03705 |      36.62308 |   14405.06543 |   10876.08008 |    3522.68457 |   14405.41992 |      36.50000 |      37.00000 | 
     65.28499 |      60.07088 |       0.01532 |       0.00508 |       0.01490 |       1.00000 |       1.00000 |      37.03707 |      36.62309 |   14403.80371 |   10873.50977 |    3523.99170 |   14404.15820 |      36.50000 |      37.00000 | 
     63.48863 |      60.53635 |       0.01575 |       0.00508 |       0.01490 |       1.00000 |       1.00000 |      37.03709 |      36.62312 |   14402.29102 |   10870.43457 |    3525.55518 |   14402.64648 |      36.50000 |      37.00000 | 
     66.32943 |     120.46741 |       0.01508 |       0.00492 |       0.01394 |       1.00000 |       1.00000 |      37.03712 |      36.62314 |   14400.52441 |   10866.84570 |    3527.37744 |   14400.87891 |      36.50000 |      37.00000 | 
     64.01431 |      59.48132 |       0.01562 |       0.00492 |       0.01394 |       1.00000 |       1.00000 |      37.03714 |      36.62316 |   14399.00293 |   10863.75977 |    3528.94141 |   14399.35742 |      36.50000 |      37.00000 | 
     62.70613 |      61.66368 |       0.01595 |       0.00492 |       0.01394 |       1.00000 |       1.00000 |      37.03716 |      36.62318 |   14397.48730 |   10860.69238 |    3530.49365 |   14397.84277 |      36.50000 |      37.00000 | 
     61.19278 |      33.39567 |       0.01634 |       0.00492 |       0.01394 |       1.00000 |       1.00000 |      37.03719 |      36.62320 |   14395.82031 |   10862.71582 |    3526.80322 |   14396.17578 |      36.50000 |      37.00000 | 
     64.01778 |      61.55361 |       0.01562 |       0.00492 |       0.01394 |       1.00000 |       1.00000 |      37.03720 |      36.62322 |   14394.56152 |   10861.83594 |    3526.42480 |   14394.91602 |      36.50000 |      37.00000 | 
     62.54330 |      60.76072 |       0.01599 |       0.00492 |       0.01394 |       1.00000 |       1.00000 |      37.03722 |      36.62325 |   14393.03223 |   10860.77637 |    3525.95483 |   14393.38770 |      36.50000 |      37.00000 | 
     61.14006 |      33.34556 |       0.01636 |       0.00492 |       0.01394 |       1.00000 |       1.00000 |      37.03725 |      36.62327 |   14391.36133 |   10859.62598 |    3525.43359 |   14391.71680 |      36.50000 |      37.00000 | 
     63.87623 |      60.07449 |       0.01566 |       0.00492 |       0.01394 |       1.00000 |       1.00000 |      37.03727 |      36.62328 |   14390.09375 |   10858.75879 |    3525.03418 |   14390.44727 |      36.50000 |      37.00000 | 
     62.36983 |      59.03885 |       0.01603 |       0.00492 |       0.01394 |       1.00000 |       1.00000 |      37.03729 |      36.62331 |   14388.55762 |   10857.71484 |    3524.54150 |   14388.91309 |      36.50000 |      37.00000 | 
     61.76489 |      60.25185 |       0.01619 |       0.00492 |       0.01394 |       1.00000 |       1.00000 |      37.03731 |      36.62333 |   14387.04688 |   10856.69434 |    3524.05151 |   14387.40039 |      36.50000 |      37.00000 | 
     60.70650 |      33.83637 |       0.01647 |       0.00492 |       0.01394 |       1.00000 |       1.00000 |      37.03733 |      36.62335 |   14385.38477 |   10855.57715 |    3523.50464 |   14385.73828 |      36.50000 |      37.00000 | 
     60.40366 |      59.53090 |       0.01656 |       0.00492 |       0.01394 |       1.00000 |       1.00000 |      37.03735 |      36.62337 |   14383.85059 |   10854.55566 |    3522.99438 |   14384.20410 |      36.50000 |      37.00000 | 
     60.39209 |      60.66121 |       0.01656 |       0.00492 |       0.01394 |       1.00000 |       1.00000 |      37.03738 |      36.62339 |   14382.32715 |   10853.54688 |    3522.47754 |   14382.67969 |      36.50000 |      37.00000 | 
     60.28778 |      60.45584 |       0.01659 |       0.00492 |       0.01394 |       1.00000 |       1.00000 |      37.03740 |      36.62342 |   14380.79590 |   10852.53906 |    3521.95532 |   14381.14941 |      36.50000 |      37.00000 | 
     60.15288 |      59.90176 |       0.01662 |       0.00492 |       0.01394 |       1.00000 |       1.00000 |      37.03742 |      36.62344 |   14379.25879 |   10851.53613 |    3521.42285 |   14379.61230 |      36.50000 |      37.00000 | 
     56.51334 |      33.80548 |       0.01769 |       0.00492 |       0.01394 |       1.00000 |       1.00000 |      37.03744 |      36.62346 |   14377.83887 |   10847.85938 |    3523.67847 |   14378.19238 |      36.50000 |      37.00000 | 
     57.64753 |      60.17209 |       0.01735 |       0.00492 |       0.01394 |       1.00000 |       1.00000 |      37.03746 |      36.62348 |   14376.30371 |   10847.64746 |    3522.35522 |   14376.65723 |      36.50000 |      37.00000 | 
     62.51662 |     122.14487 |       0.01600 |       0.00492 |       0.01394 |       1.00000 |       1.00000 |      37.03749 |      36.62350 |   14374.51660 |   10847.41406 |    3520.80054 |   14374.87012 |      36.50000 |      37.00000 | 
     61.52493 |      59.41771 |       0.01625 |       0.00492 |       0.01394 |       1.00000 |       1.00000 |      37.03751 |      36.62353 |   14372.96777 |   10847.21484 |    3519.45093 |   14373.32031 |      36.50000 |      37.00000 | 
     61.05329 |      61.27076 |       0.01638 |       0.00492 |       0.01394 |       1.00000 |       1.00000 |      37.03753 |      36.62355 |   14371.42969 |   10847.02441 |    3518.10278 |   14371.78320 |      36.50000 |      37.00000 | 
     63.75492 |      60.03122 |       0.01569 |       0.00492 |       0.01394 |       1.00000 |       1.00000 |      37.03756 |      36.62357 |   14369.63672 |   10846.80859 |    3516.52734 |   14369.99023 |      36.50000 |      37.00000 | 
     62.22358 |      58.20044 |       0.01607 |       0.00495 |       0.01502 |       1.00000 |       1.00000 |      37.03757 |      36.62360 |   14368.07812 |   10846.62402 |    3515.15283 |   14368.42969 |      36.50000 |      37.00000 | 
     65.72894 |     122.20457 |       0.01521 |       0.00495 |       0.01502 |       1.00000 |       1.00000 |      37.03760 |      36.62362 |   14366.29590 |   10845.37012 |    3514.62378 |   14366.64746 |      36.50000 |      37.00000 | 
     63.52798 |      58.94141 |       0.01574 |       0.00495 |       0.01502 |       1.00000 |       1.00000 |      37.03762 |      36.62365 |   14364.73730 |   10843.56445 |    3514.87207 |   14365.08887 |      36.50000 |      37.00000 | 
     62.46332 |      60.80506 |       0.01601 |       0.00495 |       0.01502 |       1.00000 |       1.00000 |      37.03765 |      36.62368 |   14362.51758 |   10841.00293 |    3515.21289 |   14362.86914 |      36.50000 |      37.00000 | 
     65.36106 |      59.66943 |       0.01530 |       0.00495 |       0.01502 |       1.00000 |       1.00000 |      37.03767 |      36.62370 |   14361.23242 |   10839.52148 |    3515.40991 |   14361.58398 |      36.50000 |      37.00000 | 
     63.34285 |      59.69793 |       0.01579 |       0.00495 |       0.01502 |       1.00000 |       1.00000 |      37.03769 |      36.62372 |   14359.67188 |   10837.73047 |    3515.64062 |   14360.02344 |      36.50000 |      37.00000 | 
     62.31474 |      59.13311 |       0.01605 |       0.00495 |       0.01502 |       1.00000 |       1.00000 |      37.03772 |      36.62374 |   14358.13086 |   10835.96387 |    3515.86621 |   14358.48242 |      36.50000 |      37.00000 | 
     65.07385 |      60.00240 |       0.01537 |       0.00495 |       0.01502 |       1.00000 |       1.00000 |      37.03774 |      36.62377 |   14356.32617 |   10833.90234 |    3516.12256 |   14356.67773 |      36.50000 |      37.00000 | 
     63.19960 |      60.12144 |       0.01582 |       0.00495 |       0.01502 |       1.00000 |       1.00000 |      37.03776 |      36.62379 |   14354.76367 |   10832.12012 |    3516.34302 |   14355.11523 |      36.50000 |      37.00000 | 
     62.24981 |      60.79397 |       0.01606 |       0.00495 |       0.01502 |       1.00000 |       1.00000 |      37.03778 |      36.62381 |   14353.20801 |   10830.35254 |    3516.55371 |   14353.55957 |      36.50000 |      37.00000 | 
     64.39023 |      59.13660 |       0.01553 |       0.00495 |       0.01502 |       1.00000 |       1.00000 |      37.03781 |      36.62384 |   14351.38770 |   10820.22168 |    3524.86523 |   14351.74023 |      36.50000 |      37.00000 | 
     62.69801 |      58.53088 |       0.01595 |       0.00495 |       0.01502 |       1.00000 |       1.00000 |      37.03783 |      36.62386 |   14349.81836 |   10816.97949 |    3526.53760 |   14350.17090 |      36.50000 |      37.00000 | 
     66.32068 |     122.66928 |       0.01508 |       0.00495 |       0.01502 |       1.00000 |       1.00000 |      37.03785 |      36.62388 |   14348.53809 |   10814.33496 |    3527.90259 |   14348.88965 |      36.50000 |      37.00000 | 
     60.45874 |      39.81050 |       0.01654 |       0.00495 |       0.01502 |       1.00000 |       1.00000 |      37.03787 |      36.62391 |   14346.56543 |   10808.37891 |    3531.88550 |   14346.91699 |      36.50000 |      37.00000 | 
     63.27076 |      58.99705 |       0.01581 |       0.00495 |       0.01502 |       1.00000 |       1.00000 |      37.03789 |      36.62393 |   14345.25977 |   10804.34570 |    3534.61230 |   14345.61133 |      36.50000 |      37.00000 | 
     66.94613 |     120.59817 |       0.01494 |       0.00495 |       0.01502 |       1.00000 |       1.00000 |      37.03792 |      36.62396 |   14343.26855 |   10797.34473 |    3539.62256 |   14343.61914 |      36.50000 |      37.00000 | 
     64.30571 |      59.59476 |       0.01555 |       0.00495 |       0.01502 |       1.00000 |       1.00000 |      37.03794 |      36.62399 |   14341.54785 |   10793.39844 |    3541.84741 |   14341.89844 |      36.50000 |      37.00000 | 
     62.89101 |      61.19202 |       0.01590 |       0.00495 |       0.01502 |       1.00000 |       1.00000 |      37.03796 |      36.62401 |   14339.98535 |   10789.81836 |    3543.86621 |   14340.33594 |      36.50000 |      37.00000 | 
     64.84463 |      59.68368 |       0.01542 |       0.00495 |       0.01502 |       1.00000 |       1.00000 |      37.03799 |      36.62403 |   14338.15527 |   10785.61914 |    3546.23462 |   14338.50586 |      36.50000 |      37.00000 | 
     59.20895 |      33.85240 |       0.01689 |       0.00562 |       0.01568 |       1.00000 |       1.00000 |      37.03801 |      36.62406 |   14336.18457 |   10781.09863 |    3548.78418 |   14336.53516 |      36.50000 |      37.00000 | 
     63.47820 |     117.55025 |       0.01575 |       0.00562 |       0.01568 |       1.00000 |       1.00000 |      37.03804 |      36.62409 |   14334.35449 |   10772.44922 |    3555.60376 |   14334.70410 |      36.50000 |      37.00000 | 
     62.23679 |      59.21364 |       0.01607 |       0.00562 |       0.01568 |       1.00000 |       1.00000 |      37.03806 |      36.62411 |   14332.77930 |   10769.35156 |    3557.12695 |   14333.12988 |      36.50000 |      37.00000 | 
     61.47158 |      59.87307 |       0.01627 |       0.00562 |       0.01568 |       1.00000 |       1.00000 |      37.03808 |      36.62414 |   14331.20605 |   10766.25391 |    3558.64990 |   14331.55664 |      36.50000 |      37.00000 | 
     61.05819 |      60.55101 |       0.01638 |       0.00562 |       0.01568 |       1.00000 |       1.00000 |      37.03810 |      36.62416 |   14329.63672 |   10763.16309 |    3560.17310 |   14329.98730 |      36.50000 |      37.00000 | 
     60.75534 |      60.59137 |       0.01646 |       0.00562 |       0.01568 |       1.00000 |       1.00000 |      37.03812 |      36.62418 |   14328.06250 |   10760.05957 |    3561.70166 |   14328.41309 |      36.50000 |      37.00000 | 
     64.01705 |      59.72289 |       0.01562 |       0.00562 |       0.01568 |       1.00000 |       1.00000 |      37.03815 |      36.62421 |   14326.22754 |   10756.44336 |    3563.48315 |   14326.57715 |      36.50000 |      37.00000 | 
     62.58902 |      60.07088 |       0.01598 |       0.00562 |       0.01568 |       1.00000 |       1.00000 |      37.03817 |      36.62423 |   14324.64551 |   10753.32031 |    3565.02344 |   14324.99512 |      36.50000 |      37.00000 | 
     61.72682 |      60.28818 |       0.01620 |       0.00562 |       0.01568 |       1.00000 |       1.00000 |      37.03819 |      36.62426 |   14323.06543 |   10750.20117 |    3566.56323 |   14323.41602 |      36.50000 |      37.00000 | 
     61.14670 |      59.79431 |       0.01635 |       0.00562 |       0.01568 |       1.00000 |       1.00000 |      37.03821 |      36.62428 |   14321.48340 |   10747.07617 |    3568.10596 |   14321.83398 |      36.50000 |      37.00000 | 
     57.83883 |      58.85469 |       0.01729 |       0.00562 |       0.01568 |       1.00000 |       1.00000 |      37.03823 |      36.62431 |   14319.47656 |   10743.10938 |    3570.06641 |   14319.82324 |      36.50000 |      37.00000 | 
     58.58952 |      59.37185 |       0.01707 |       0.00562 |       0.01568 |       1.00000 |       1.00000 |      37.03826 |      36.62434 |   14317.89941 |   10739.98633 |    3571.61157 |   14318.24609 |      36.50000 |      37.00000 | 
     59.19797 |      60.92731 |       0.01689 |       0.00562 |       0.01568 |       1.00000 |       1.00000 |      37.03828 |      36.62436 |   14316.32617 |   10736.87305 |    3573.15137 |   14316.67285 |      36.50000 |      37.00000 | 
     55.85231 |      34.12620 |       0.01790 |       0.00562 |       0.01568 |       1.00000 |       1.00000 |      37.03830 |      36.62438 |   14314.86230 |   10733.97461 |    3574.58643 |   14315.20898 |      36.50000 |      37.00000 | 
     57.11495 |      60.43757 |       0.01751 |       0.00562 |       0.01568 |       1.00000 |       1.00000 |      37.03832 |      36.62440 |   14313.27051 |   10730.82031 |    3576.14868 |   14313.61719 |      36.50000 |      37.00000 | 
     58.03267 |      59.70149 |       0.01723 |       0.00562 |       0.01568 |       1.00000 |       1.00000 |      37.03834 |      36.62443 |   14311.68262 |   10727.66992 |    3577.71118 |   14312.02930 |      36.50000 |      37.00000 | 
     58.75614 |      61.53468 |       0.01702 |       0.00562 |       0.01568 |       1.00000 |       1.00000 |      37.03836 |      36.62445 |   14310.09863 |   10723.75977 |    3580.03711 |   14310.44531 |      36.50000 |      37.00000 | 
     62.20785 |      60.18296 |       0.01608 |       0.00562 |       0.01568 |       1.00000 |       1.00000 |      37.03838 |      36.62448 |   14308.24316 |   10721.76270 |    3580.17896 |   14308.58984 |      36.50000 |      37.00000 | 
     61.43661 |      59.97361 |       0.01628 |       0.00562 |       0.01568 |       1.00000 |       1.00000 |      37.03841 |      36.62450 |   14306.64844 |   10720.04297 |    3580.30469 |   14306.99512 |      36.50000 |      37.00000 | 
     65.07291 |     122.17471 |       0.01537 |       0.00562 |       0.01568 |       1.00000 |       1.00000 |      37.03843 |      36.62453 |   14304.79688 |   10718.04492 |    3580.45093 |   14305.14355 |      36.50000 |      37.00000 | 
     63.29814 |      60.84576 |       0.01580 |       0.00482 |       0.01457 |       1.00000 |       1.00000 |      37.03845 |      36.62456 |   14303.19922 |   10716.31836 |    3580.57983 |   14303.54688 |      36.50000 |      37.00000 | 
     59.82462 |      46.69842 |       0.01672 |       0.00482 |       0.01457 |       1.00000 |       1.00000 |      37.03847 |      36.62458 |   14301.44141 |   10714.41699 |    3580.72314 |   14301.78809 |      36.50000 |      37.00000 | 
     64.62279 |      59.51672 |       0.01547 |       0.00482 |       0.01457 |       1.00000 |       1.00000 |      37.03849 |      36.62461 |   14299.74121 |   10712.57617 |    3580.86377 |   14300.08789 |      36.50000 |      37.00000 | 
     62.84284 |      66.54688 |       0.01591 |       0.00482 |       0.01457 |       1.00000 |       1.00000 |      37.03852 |      36.62463 |   14298.12500 |   10710.82422 |    3580.99902 |   14298.46973 |      36.50000 |      37.00000 | 
     65.52225 |      59.80861 |       0.01526 |       0.00482 |       0.01457 |       1.00000 |       1.00000 |      37.03854 |      36.62466 |   14296.28027 |   10708.82422 |    3581.15527 |   14296.62598 |      36.50000 |      37.00000 | 
     63.56510 |      60.25911 |       0.01573 |       0.00482 |       0.01457 |       1.00000 |       1.00000 |      37.03856 |      36.62469 |   14294.68066 |   10695.63379 |    3592.74609 |   14295.02637 |      36.50000 |      37.00000 | 
     62.37426 |      60.72383 |       0.01603 |       0.00482 |       0.01457 |       1.00000 |       1.00000 |      37.03858 |      36.62471 |   14293.08301 |   10691.57129 |    3595.21021 |   14293.42773 |      36.50000 |      37.00000 | 
     64.93770 |      58.95184 |       0.01540 |       0.00482 |       0.01457 |       1.00000 |       1.00000 |      37.03860 |      36.62474 |   14291.21484 |   10686.81934 |    3598.09497 |   14291.56055 |      36.50000 |      37.00000 | 
     63.22137 |      59.94844 |       0.01582 |       0.00482 |       0.01457 |       1.00000 |       1.00000 |      37.03863 |      36.62477 |   14289.61719 |   10682.74805 |    3600.56714 |   14289.96191 |      36.50000 |      37.00000 | 
     65.69302 |      60.77549 |       0.01522 |       0.00482 |       0.01457 |       1.00000 |       1.00000 |      37.03865 |      36.62479 |   14287.76074 |   10678.00391 |    3603.45508 |   14288.10547 |      36.50000 |      37.00000 | 
     63.56107 |      59.58055 |       0.01573 |       0.00482 |       0.01457 |       1.00000 |       1.00000 |      37.03867 |      36.62482 |   14286.14746 |   10673.87988 |    3605.96704 |   14286.49316 |      36.50000 |      37.00000 | 
     62.36376 |      59.84441 |       0.01603 |       0.00482 |       0.01457 |       1.00000 |       1.00000 |      37.03869 |      36.62484 |   14284.54688 |   10669.78125 |    3608.46460 |   14284.89258 |      36.50000 |      37.00000 | 
     64.73501 |      60.09254 |       0.01545 |       0.00482 |       0.01457 |       1.00000 |       1.00000 |      37.03871 |      36.62487 |   14283.20996 |   10666.35059 |    3610.55835 |   14283.55469 |      36.50000 |      37.00000 | 
     67.16360 |     120.72920 |       0.01489 |       0.00482 |       0.01457 |       1.00000 |       1.00000 |      37.03873 |      36.62489 |   14281.34277 |   10661.55371 |    3613.48706 |   14281.68750 |      36.50000 |      37.00000 | 
     64.56454 |      60.36825 |       0.01549 |       0.00482 |       0.01457 |       1.00000 |       1.00000 |      37.03875 |      36.62492 |   14279.73145 |   10657.40918 |    3616.02100 |   14280.07617 |      36.50000 |      37.00000 | 
     67.09946 |     122.48898 |       0.01490 |       0.00482 |       0.01457 |       1.00000 |       1.00000 |      37.03878 |      36.62495 |   14277.86230 |   10652.58887 |    3618.97314 |   14278.20605 |      36.50000 |      37.00000 | 
     64.47636 |      59.66943 |       0.01551 |       0.00482 |       0.01457 |       1.00000 |       1.00000 |      37.03880 |      36.62497 |   14276.24512 |   10648.41016 |    3621.53271 |   14276.58789 |      36.50000 |      37.00000 | 
     63.00632 |      61.39489 |       0.01587 |       0.00482 |       0.01457 |       1.00000 |       1.00000 |      37.03882 |      36.62500 |   14274.63672 |   10644.25195 |    3624.08301 |   14274.98047 |      36.50000 |      37.00000 | 
     65.63922 |      59.43536 |       0.01523 |       0.00482 |       0.01457 |       1.00000 |       1.00000 |      37.03884 |      36.62502 |   14273.28906 |   10640.09961 |    3626.88843 |   14273.63184 |      36.50000 |      37.00000 | 
     63.66263 |      60.77549 |       0.01571 |       0.00481 |       0.01433 |       1.00000 |       1.00000 |      37.03886 |      36.62505 |   14271.67188 |   10637.00000 |    3628.36938 |   14272.01562 |      36.50000 |      37.00000 | 
     66.17127 |      59.91612 |       0.01511 |       0.00481 |       0.01433 |       1.00000 |       1.00000 |      37.03888 |      36.62506 |   14270.32520 |   10634.42090 |    3629.60376 |   14270.66797 |      36.50000 |      37.00000 | 
     63.98982 |      60.34639 |       0.01563 |       0.00481 |       0.01433 |       1.00000 |       1.00000 |      37.03889 |      36.62509 |   14268.70410 |   10631.30176 |    3631.10083 |   14269.04785 |      36.50000 |      37.00000 | 
     66.10915 |      59.94485 |       0.01513 |       0.00481 |       0.01433 |       1.00000 |       1.00000 |      37.03892 |      36.62512 |   14266.81836 |   10627.66504 |    3632.85254 |   14267.16211 |      36.50000 |      37.00000 | 
     63.86712 |      59.48840 |       0.01566 |       0.00481 |       0.01433 |       1.00000 |       1.00000 |      37.03894 |      36.62514 |   14265.18848 |   10624.51855 |    3634.36768 |   14265.53223 |      36.50000 |      37.00000 | 
     66.02056 |      59.65875 |       0.01515 |       0.00481 |       0.01433 |       1.00000 |       1.00000 |      37.03896 |      36.62518 |   14263.29785 |   10620.85547 |    3636.14062 |   14263.64062 |      36.50000 |      37.00000 | 
     63.93671 |      60.65385 |       0.01564 |       0.00481 |       0.01433 |       1.00000 |       1.00000 |      37.03898 |      36.62520 |   14261.67090 |   10617.69141 |    3637.67700 |   14262.01465 |      36.50000 |      37.00000 | 
     66.63194 |     121.15338 |       0.01501 |       0.00481 |       0.01433 |       1.00000 |       1.00000 |      37.03901 |      36.62523 |   14259.77051 |   10613.98926 |    3639.47925 |   14260.11328 |      36.50000 |      37.00000 | 
     64.28587 |      59.84441 |       0.01556 |       0.00481 |       0.01433 |       1.00000 |       1.00000 |      37.03903 |      36.62526 |   14258.13672 |   10610.79785 |    3641.03662 |   14258.48047 |      36.50000 |      37.00000 | 
     62.79395 |      59.92689 |       0.01593 |       0.00481 |       0.01433 |       1.00000 |       1.00000 |      37.03905 |      36.62528 |   14256.50098 |   10611.24121 |    3638.95728 |   14256.84375 |      36.50000 |      37.00000 | 
     58.84385 |      59.27331 |       0.01699 |       0.00481 |       0.01433 |       1.00000 |       1.00000 |      37.03907 |      36.62531 |   14254.43359 |   10606.12988 |    3642.00342 |   14254.77539 |      36.50000 |      37.00000 | 
     59.22493 |      60.66489 |       0.01688 |       0.00481 |       0.01433 |       1.00000 |       1.00000 |      37.03909 |      36.62534 |   14252.79199 |   10601.89062 |    3644.59937 |   14253.13379 |      36.50000 |      37.00000 | 
     59.54872 |      61.72078 |       0.01679 |       0.00481 |       0.01433 |       1.00000 |       1.00000 |      37.03911 |      36.62537 |   14251.15234 |   10597.62695 |    3647.22461 |   14251.49414 |      36.50000 |      37.00000 | 
     59.51665 |      58.90669 |       0.01680 |       0.00481 |       0.01433 |       1.00000 |       1.00000 |      37.03913 |      36.62539 |   14249.49316 |   10593.29590 |    3649.89648 |   14249.83496 |      36.50000 |      37.00000 | 
     59.82673 |      60.44853 |       0.01671 |       0.00481 |       0.01433 |       1.00000 |       1.00000 |      37.03915 |      36.62542 |   14247.85840 |   10589.03223 |    3652.52441 |   14248.20020 |      36.50000 |      37.00000 | 
     63.93842 |     121.24152 |       0.01564 |       0.00481 |       0.01433 |       1.00000 |       1.00000 |      37.03918 |      36.62545 |   14245.93359 |   10584.00098 |    3655.63184 |   14246.27539 |      36.50000 |      37.00000 | 
     62.44828 |      59.16460 |       0.01601 |       0.00481 |       0.01433 |       1.00000 |       1.00000 |      37.03920 |      36.62548 |   14244.26953 |   10579.64062 |    3658.32715 |   14244.61133 |      36.50000 |      37.00000 | 
     64.91956 |      58.24790 |       0.01540 |       0.00481 |       0.01433 |       1.00000 |       1.00000 |      37.03922 |      36.62551 |   14242.33008 |   10574.55176 |    3661.47632 |   14242.67188 |      36.50000 |      37.00000 | 
     63.16925 |      61.60670 |       0.01583 |       0.00481 |       0.01433 |       1.00000 |       1.00000 |      37.03924 |      36.62553 |   14240.66699 |   10570.18262 |    3664.18188 |   14241.00879 |      36.50000 |      37.00000 | 
     66.28153 |     122.12994 |       0.01509 |       0.00459 |       0.01490 |       1.00000 |       1.00000 |      37.03926 |      36.62556 |   14238.74414 |   10565.12598 |    3667.31738 |   14239.08594 |      36.50000 |      37.00000 | 
     63.99376 |      58.82007 |       0.01563 |       0.00459 |       0.01490 |       1.00000 |       1.00000 |      37.03928 |      36.62559 |   14237.07227 |   10560.71582 |    3670.05444 |   14237.41406 |      36.50000 |      37.00000 | 
     66.07014 |      59.50610 |       0.01514 |       0.00459 |       0.01490 |       1.00000 |       1.00000 |      37.03930 |      36.62562 |   14235.13281 |   10555.58887 |    3673.24146 |   14235.47461 |      36.50000 |      37.00000 | 
     63.92787 |      60.29181 |       0.01564 |       0.00459 |       0.01490 |       1.00000 |       1.00000 |      37.03933 |      36.62565 |   14233.46094 |   10551.16895 |    3675.99097 |   14233.80176 |      36.50000 |      37.00000 | 
     65.99240 |      59.45657 |       0.01515 |       0.00459 |       0.01490 |       1.00000 |       1.00000 |      37.03935 |      36.62568 |   14231.51074 |   10546.00195 |    3679.20801 |   14231.85059 |      36.50000 |      37.00000 | 
     63.97135 |      61.48927 |       0.01563 |       0.00459 |       0.01490 |       1.00000 |       1.00000 |      37.03937 |      36.62571 |   14229.83887 |   10541.56250 |    3681.97583 |   14230.17871 |      36.50000 |      37.00000 | 
     66.29346 |      59.23820 |       0.01508 |       0.00459 |       0.01490 |       1.00000 |       1.00000 |      37.03938 |      36.62573 |   14228.43457 |   10537.82324 |    3684.30908 |   14228.77441 |      36.50000 |      37.00000 | 
     64.19062 |      61.40243 |       0.01558 |       0.00459 |       0.01490 |       1.00000 |       1.00000 |      37.03940 |      36.62576 |   14226.76074 |   10529.35645 |    3691.10303 |   14227.10059 |      36.50000 |      37.00000 | 
     65.55277 |      59.69080 |       0.01525 |       0.00459 |       0.01490 |       1.00000 |       1.00000 |      37.03942 |      36.62579 |   14224.78809 |   10527.34082 |    3691.14600 |   14225.12793 |      36.50000 |      37.00000 | 
     63.69114 |      61.02398 |       0.01570 |       0.00459 |       0.01490 |       1.00000 |       1.00000 |      37.03944 |      36.62581 |   14223.10547 |   10525.75195 |    3691.05225 |   14223.44531 |      36.50000 |      37.00000 | 
     66.08601 |      59.15409 |       0.01513 |       0.00459 |       0.01490 |       1.00000 |       1.00000 |      37.03946 |      36.62584 |   14221.69141 |   10524.36914 |    3691.02100 |   14222.03223 |      36.50000 |      37.00000 | 
     63.95923 |      61.29705 |       0.01563 |       0.00459 |       0.01490 |       1.00000 |       1.00000 |      37.03948 |      36.62587 |   14220.00000 |   10522.70215 |    3690.99585 |   14220.33984 |      36.50000 |      37.00000 | 
     66.41249 |      59.13311 |       0.01506 |       0.00459 |       0.01490 |       1.00000 |       1.00000 |      37.03950 |      36.62589 |   14218.59375 |   10521.30957 |    3690.98145 |   14218.93359 |      36.50000 |      37.00000 | 
     64.13509 |      59.18561 |       0.01559 |       0.00459 |       0.01490 |       1.00000 |       1.00000 |      37.03952 |      36.62592 |   14216.89746 |   10519.61719 |    3690.97827 |   14217.23730 |      36.50000 |      37.00000 | 
     66.55948 |      59.59121 |       0.01502 |       0.00459 |       0.01490 |       1.00000 |       1.00000 |      37.03953 |      36.62594 |   14215.48633 |   10518.20410 |    3690.98169 |   14215.82715 |      36.50000 |      37.00000 | 
     64.17250 |      59.68724 |       0.01558 |       0.00459 |       0.01490 |       1.00000 |       1.00000 |      37.03955 |      36.62597 |   14213.78125 |   10516.48047 |    3690.99927 |   14214.12109 |      36.50000 |      37.00000 | 
     66.52814 |      59.11913 |       0.01503 |       0.00459 |       0.01490 |       1.00000 |       1.00000 |      37.03957 |      36.62599 |   14212.36328 |   10515.03809 |    3691.02393 |   14212.70020 |      36.50000 |      37.00000 | 
     64.23492 |      60.09615 |       0.01557 |       0.00459 |       0.01490 |       1.00000 |       1.00000 |      37.03959 |      36.62601 |   14210.65820 |   10513.29688 |    3691.06055 |   14210.99512 |      36.50000 |      37.00000 | 
     65.75306 |      60.58770 |       0.01521 |       0.00459 |       0.01490 |       1.00000 |       1.00000 |      37.03961 |      36.62605 |   14208.66992 |   10511.24414 |    3691.12524 |   14209.00684 |      36.50000 |      37.00000 | 
     67.19226 |      60.59137 |       0.01488 |       0.00459 |       0.01490 |       1.00000 |       1.00000 |      37.03963 |      36.62608 |   14206.67578 |   10509.17188 |    3691.20312 |   14207.01270 |      36.50000 |      37.00000 | 
     64.29306 |      58.40098 |       0.01555 |       0.00449 |       0.01452 |       1.00000 |       1.00000 |      37.03965 |      36.62611 |   14204.93750 |   10507.35352 |    3691.28296 |   14205.27441 |      36.50000 |      37.00000 | 
     66.41685 |      59.69793 |       0.01506 |       0.00449 |       0.01452 |       1.00000 |       1.00000 |      37.03967 |      36.62614 |   14202.95410 |   10505.26465 |    3691.38916 |   14203.29102 |      36.50000 |      37.00000 | 
     68.16930 |     119.53143 |       0.01467 |       0.00449 |       0.01452 |       1.00000 |       1.00000 |      37.03969 |      36.62617 |   14200.94922 |   10502.83594 |    3691.81152 |   14201.28613 |      36.50000 |      37.00000 | 
     65.17967 |      60.04564 |       0.01534 |       0.00449 |       0.01452 |       1.00000 |       1.00000 |      37.03971 |      36.62620 |   14199.22168 |   10501.25098 |    3691.66992 |   14199.55859 |      36.50000 |      37.00000 | 
     66.81866 |      60.48143 |       0.01497 |       0.00449 |       0.01452 |       1.00000 |       1.00000 |      37.03973 |      36.62624 |   14197.21094 |   10499.38574 |    3691.52319 |   14197.54785 |      36.50000 |      37.00000 | 
     64.23118 |      58.94141 |       0.01557 |       0.00449 |       0.01452 |       1.00000 |       1.00000 |      37.03975 |      36.62627 |   14195.47070 |   10497.76562 |    3691.40356 |   14195.80762 |      36.50000 |      37.00000 | 
     66.26839 |      59.64808 |       0.01509 |       0.00449 |       0.01452 |       1.00000 |       1.00000 |      37.03977 |      36.62630 |   14193.45996 |   10495.86914 |    3691.28931 |   14193.79688 |      36.50000 |      37.00000 | 
     64.02180 |      60.08532 |       0.01562 |       0.00449 |       0.01452 |       1.00000 |       1.00000 |      37.03979 |      36.62633 |   14191.72266 |   10494.21973 |    3691.20215 |   14192.05957 |      36.50000 |      37.00000 | 
     66.56042 |      60.02761 |       0.01502 |       0.00449 |       0.01452 |       1.00000 |       1.00000 |      37.03981 |      36.62635 |   14190.28613 |   10492.84766 |    3691.13745 |   14190.62305 |      36.50000 |      37.00000 | 
     64.04856 |      59.91612 |       0.01561 |       0.00449 |       0.01452 |       1.00000 |       1.00000 |      37.03983 |      36.62639 |   14187.80664 |   10490.45117 |    3691.05396 |   14188.14160 |      36.50000 |      37.00000 | 
     59.24316 |      34.49465 |       0.01688 |       0.00449 |       0.01452 |       1.00000 |       1.00000 |      37.03985 |      36.62642 |   14186.21680 |   10493.44336 |    3686.47217 |   14186.55176 |      36.50000 |      37.00000 | 
     59.32476 |      59.76929 |       0.01686 |       0.00449 |       0.01452 |       1.00000 |       1.00000 |      37.03987 |      36.62645 |   14184.45605 |   10493.14551 |    3685.00928 |   14184.79199 |      36.50000 |      37.00000 | 
     59.57331 |      61.42129 |       0.01679 |       0.00449 |       0.01452 |       1.00000 |       1.00000 |      37.03989 |      36.62648 |   14182.71094 |   10492.83789 |    3683.57104 |   14183.04590 |      36.50000 |      37.00000 | 
     59.20127 |      33.38341 |       0.01689 |       0.00449 |       0.01452 |       1.00000 |       1.00000 |      37.03991 |      36.62651 |   14180.79492 |   10492.48926 |    3682.00464 |   14181.12988 |      36.50000 |      37.00000 | 
     59.58573 |      61.25574 |       0.01678 |       0.00449 |       0.01452 |       1.00000 |       1.00000 |      37.03992 |      36.62654 |   14179.05273 |   10492.16406 |    3680.58618 |   14179.38770 |      36.50000 |      37.00000 | 
     63.86249 |     124.61060 |       0.01566 |       0.00449 |       0.01452 |       1.00000 |       1.00000 |      37.03994 |      36.62657 |   14177.01367 |   10492.95215 |    3677.76025 |   14177.34863 |      36.50000 |      37.00000 | 
     62.38223 |      59.86232 |       0.01603 |       0.00449 |       0.01452 |       1.00000 |       1.00000 |      37.03996 |      36.62660 |   14175.24316 |   10489.17285 |    3679.76807 |   14175.57812 |      36.50000 |      37.00000 | 
     65.36286 |      59.80503 |       0.01530 |       0.00449 |       0.01452 |       1.00000 |       1.00000 |      37.03997 |      36.62663 |   14173.78809 |   10486.06348 |    3681.42310 |   14174.12305 |      36.50000 |      37.00000 | 
     61.40736 |      48.43084 |       0.01628 |       0.00449 |       0.01452 |       1.00000 |       1.00000 |      37.03999 |      36.62666 |   14171.87207 |   10481.95410 |    3683.61548 |   14172.20703 |      36.50000 |      37.00000 | 
     66.14621 |      59.07024 |       0.01512 |       0.00449 |       0.01452 |       1.00000 |       1.00000 |      37.04001 |      36.62668 |   14170.54492 |   10479.10938 |    3685.13452 |   14170.87988 |      36.50000 |      37.00000 | 
     63.96710 |      59.58055 |       0.01563 |       0.00425 |       0.01446 |       1.00000 |       1.00000 |      37.04002 |      36.62671 |   14168.77930 |   10475.30664 |    3687.17114 |   14169.11230 |      36.50000 |      37.00000 | 
     66.30752 |      58.99009 |       0.01508 |       0.00425 |       0.01446 |       1.00000 |       1.00000 |      37.04004 |      36.62674 |   14167.30176 |   10472.12012 |    3688.88159 |   14167.63574 |      36.50000 |      37.00000 | 
     64.19028 |      60.65385 |       0.01558 |       0.00425 |       0.01446 |       1.00000 |       1.00000 |      37.04006 |      36.62677 |   14165.54004 |   10468.31055 |    3690.92896 |   14165.87305 |      36.50000 |      37.00000 | 
     66.58676 |      59.67299 |       0.01502 |       0.00425 |       0.01446 |       1.00000 |       1.00000 |      37.04007 |      36.62679 |   14164.06641 |   10465.11816 |    3692.64697 |   14164.40039 |      36.50000 |      37.00000 | 
     68.33757 |     122.81995 |       0.01463 |       0.00425 |       0.01446 |       1.00000 |       1.00000 |      37.04009 |      36.62682 |   14162.00000 |   10460.63574 |    3695.06396 |   14162.33398 |      36.50000 |      37.00000 | 
     65.28107 |      60.40106 |       0.01532 |       0.00425 |       0.01446 |       1.00000 |       1.00000 |      37.04011 |      36.62685 |   14160.21875 |   10456.75488 |    3697.16260 |   14160.55273 |      36.50000 |      37.00000 | 
     66.96011 |      60.26274 |       0.01493 |       0.00425 |       0.01446 |       1.00000 |       1.00000 |      37.04013 |      36.62689 |   14158.15332 |   10452.24414 |    3699.60718 |   14158.48633 |      36.50000 |      37.00000 | 
     64.32746 |      60.11783 |       0.01555 |       0.00425 |       0.01446 |       1.00000 |       1.00000 |      37.04015 |      36.62692 |   14156.35645 |   10459.06445 |    3690.99048 |   14156.69043 |      36.50000 |      37.00000 | 
     66.13811 |      59.08070 |       0.01512 |       0.00425 |       0.01446 |       1.00000 |       1.00000 |      37.04016 |      36.62696 |   14154.27148 |   10459.87793 |    3688.09253 |   14154.60547 |      36.50000 |      37.00000 | 
     68.09525 |     120.87514 |       0.01469 |       0.00425 |       0.01446 |       1.00000 |       1.00000 |      37.04019 |      36.62699 |   14152.19922 |   10460.67969 |    3685.21777 |   14152.53320 |      36.50000 |      37.00000 | 
     65.13283 |      59.95923 |       0.01535 |       0.00425 |       0.01446 |       1.00000 |       1.00000 |      37.04020 |      36.62702 |   14150.40527 |   10461.37207 |    3682.73169 |   14150.73926 |      36.50000 |      37.00000 | 
     66.65730 |      58.93794 |       0.01500 |       0.00425 |       0.01446 |       1.00000 |       1.00000 |      37.04022 |      36.62706 |   14148.31152 |   10462.17188 |    3679.83838 |   14148.64551 |      36.50000 |      37.00000 | 
     68.41989 |     122.29424 |       0.01462 |       0.00425 |       0.01446 |       1.00000 |       1.00000 |      37.04024 |      36.62709 |   14146.23047 |   10462.96680 |    3676.96216 |   14146.56250 |      36.50000 |      37.00000 | 
     65.25858 |      60.02401 |       0.01532 |       0.00425 |       0.01446 |       1.00000 |       1.00000 |      37.04026 |      36.62712 |   14144.42578 |   10463.64844 |    3674.47461 |   14144.75684 |      36.50000 |      37.00000 | 
     67.98724 |     100.61375 |       0.01471 |       0.00425 |       0.01446 |       1.00000 |       1.00000 |      37.04028 |      36.62716 |   14142.11816 |   10464.51758 |    3671.29907 |   14142.45020 |      36.50000 |      37.00000 | 
     65.08516 |      60.33183 |       0.01536 |       0.00425 |       0.01446 |       1.00000 |       1.00000 |      37.04029 |      36.62719 |   14140.31445 |   10465.19141 |    3668.82202 |   14140.64648 |      36.50000 |      37.00000 | 
     67.24303 |      59.57346 |       0.01487 |       0.00425 |       0.01446 |       1.00000 |       1.00000 |      37.04031 |      36.62722 |   14138.81738 |   10465.74902 |    3666.76758 |   14139.14941 |      36.50000 |      37.00000 | 
     64.75145 |      62.18906 |       0.01544 |       0.00425 |       0.01446 |       1.00000 |       1.00000 |      37.04033 |      36.62725 |   14137.01660 |   10466.41504 |    3664.29932 |   14137.34863 |      36.50000 |      37.00000 | 
     66.76972 |      58.77513 |       0.01498 |       0.00425 |       0.01446 |       1.00000 |       1.00000 |      37.04034 |      36.62728 |   14135.50000 |   10466.97559 |    3662.22363 |   14135.83203 |      36.50000 |      37.00000 | 
     68.55077 |     122.97098 |       0.01459 |       0.00407 |       0.01350 |       1.00000 |       1.00000 |      37.04036 |      36.62732 |   14133.40527 |   10467.74219 |    3659.36133 |   14133.73730 |      36.50000 |      37.00000 | 
     65.26027 |      59.56636 |       0.01532 |       0.00407 |       0.01350 |       1.00000 |       1.00000 |      37.04037 |      36.62735 |   14131.57910 |   10468.40918 |    3656.86865 |   14131.91113 |      36.50000 |      37.00000 | 
     63.51294 |      59.48486 |       0.01574 |       0.00407 |       0.01350 |       1.00000 |       1.00000 |      37.04039 |      36.62738 |   14129.77637 |   10469.06152 |    3654.41357 |   14130.10840 |      36.50000 |      37.00000 | 
     65.44286 |      59.16460 |       0.01528 |       0.00407 |       0.01350 |       1.00000 |       1.00000 |      37.04040 |      36.62740 |   14128.25684 |   10469.60840 |    3652.34692 |   14128.58887 |      36.50000 |      37.00000 | 
     67.00821 |      59.53799 |       0.01492 |       0.00407 |       0.01350 |       1.00000 |       1.00000 |      37.04042 |      36.62744 |   14126.14844 |   10470.36523 |    3649.48096 |   14126.47656 |      36.50000 |      37.00000 | 
     64.57291 |      61.58394 |       0.01549 |       0.00407 |       0.01350 |       1.00000 |       1.00000 |      37.04044 |      36.62747 |   14124.33301 |   10471.01270 |    3647.01831 |   14124.66504 |      36.50000 |      37.00000 | 
     66.79951 |      59.52735 |       0.01497 |       0.00407 |       0.01350 |       1.00000 |       1.00000 |      37.04045 |      36.62750 |   14122.81641 |   10477.74316 |    3638.77148 |   14123.14453 |      36.50000 |      37.00000 | 
     64.46850 |      60.85316 |       0.01551 |       0.00407 |       0.01350 |       1.00000 |       1.00000 |      37.04047 |      36.62753 |   14121.00098 |   10475.46777 |    3639.23169 |   14121.32910 |      36.50000 |      37.00000 | 
     66.67260 |      59.89458 |       0.01500 |       0.00407 |       0.01350 |       1.00000 |       1.00000 |      37.04048 |      36.62756 |   14119.47656 |   10473.55859 |    3639.61572 |   14119.80469 |      36.50000 |      37.00000 | 
     64.26750 |      59.16460 |       0.01556 |       0.00407 |       0.01350 |       1.00000 |       1.00000 |      37.04049 |      36.62759 |   14117.65039 |   10471.27441 |    3640.07349 |   14117.97852 |      36.50000 |      37.00000 | 
     62.67912 |      59.34718 |       0.01595 |       0.00407 |       0.01350 |       1.00000 |       1.00000 |      37.04051 |      36.62762 |   14115.81641 |   10468.98438 |    3640.53003 |   14116.14453 |      36.50000 |      37.00000 | 
     61.85812 |      59.55217 |       0.01617 |       0.00407 |       0.01350 |       1.00000 |       1.00000 |      37.04052 |      36.62766 |   14113.99805 |   10466.71680 |    3640.97900 |   14114.32617 |      36.50000 |      37.00000 | 
     61.22611 |      59.53090 |       0.01633 |       0.00407 |       0.01350 |       1.00000 |       1.00000 |      37.04054 |      36.62769 |   14112.16992 |   10464.44043 |    3641.42798 |   14112.49902 |      36.50000 |      37.00000 | 
     60.81767 |      60.23008 |       0.01644 |       0.00407 |       0.01350 |       1.00000 |       1.00000 |      37.04055 |      36.62772 |   14110.33984 |   10462.16309 |    3641.87500 |   14110.66895 |      36.50000 |      37.00000 | 
     60.48470 |      59.63029 |       0.01653 |       0.00407 |       0.01350 |       1.00000 |       1.00000 |      37.04057 |      36.62775 |   14108.50391 |   10459.88379 |    3642.31909 |   14108.83301 |      36.50000 |      37.00000 | 
     60.94295 |     122.47398 |       0.01641 |       0.00407 |       0.01350 |       1.00000 |       1.00000 |      37.04058 |      36.62779 |   14106.52539 |   10457.15918 |    3643.06519 |   14106.85449 |      36.50000 |      37.00000 | 
     60.56802 |      60.11783 |       0.01651 |       0.00407 |       0.01350 |       1.00000 |       1.00000 |      37.04060 |      36.62782 |   14104.68457 |   10452.62500 |    3645.75854 |   14105.01270 |      36.50000 |      37.00000 | 
     63.86695 |      59.46364 |       0.01566 |       0.00407 |       0.01350 |       1.00000 |       1.00000 |      37.04061 |      36.62785 |   14103.15234 |   10448.85254 |    3647.99731 |   14103.48047 |      36.50000 |      37.00000 | 
     66.66156 |     123.88503 |       0.01500 |       0.00407 |       0.01350 |       1.00000 |       1.00000 |      37.04063 |      36.62788 |   14101.01660 |   10443.59863 |    3651.11670 |   14101.34375 |      36.50000 |      37.00000 | 
     64.12688 |      59.34014 |       0.01559 |       0.00407 |       0.01350 |       1.00000 |       1.00000 |      37.04065 |      36.62792 |   14099.16309 |   10439.04395 |    3653.81812 |   14099.49023 |      36.50000 |      37.00000 | 
     66.15505 |      59.85515 |       0.01512 |       0.00407 |       0.01350 |       1.00000 |       1.00000 |      37.04066 |      36.62796 |   14097.01953 |   10433.78027 |    3656.93872 |   14097.34668 |      36.50000 |      37.00000 | 
     64.04880 |      61.30456 |       0.01561 |       0.00422 |       0.01417 |       1.00000 |       1.00000 |      37.04068 |      36.62799 |   14095.17969 |   10429.26367 |    3659.61548 |   14095.50684 |      36.50000 |      37.00000 | 
     66.27547 |      58.54801 |       0.01509 |       0.00422 |       0.01417 |       1.00000 |       1.00000 |      37.04069 |      36.62802 |   14093.63184 |   10425.46973 |    3661.86035 |   14093.95801 |      36.50000 |      37.00000 | 
     68.21211 |     122.27929 |       0.01466 |       0.00422 |       0.01417 |       1.00000 |       1.00000 |      37.04070 |      36.62806 |   14091.49121 |   10420.22363 |    3664.96606 |   14091.81836 |      36.50000 |      37.00000 | 
     65.07153 |      59.14710 |       0.01537 |       0.00422 |       0.01417 |       1.00000 |       1.00000 |      37.04072 |      36.62809 |   14089.62988 |   10415.66797 |    3667.66016 |   14089.95605 |      36.50000 |      37.00000 | 
     66.72186 |      59.12612 |       0.01499 |       0.00422 |       0.01417 |       1.00000 |       1.00000 |      37.04073 |      36.62813 |   14087.47754 |   10410.40527 |    3670.77173 |   14087.80469 |      36.50000 |      37.00000 | 
     64.37485 |      60.31727 |       0.01553 |       0.00422 |       0.01417 |       1.00000 |       1.00000 |      37.04075 |      36.62816 |   14085.62988 |   10405.88867 |    3673.43945 |   14085.95605 |      36.50000 |      37.00000 | 
     66.60495 |      59.01794 |       0.01501 |       0.00422 |       0.01417 |       1.00000 |       1.00000 |      37.04076 |      36.62819 |   14084.08203 |   10402.10840 |    3675.67261 |   14084.40918 |      36.50000 |      37.00000 | 
     68.40980 |     119.97601 |       0.01462 |       0.00422 |       0.01417 |       1.00000 |       1.00000 |      37.04078 |      36.62823 |   14081.93262 |   10396.86523 |    3678.76660 |   14082.25977 |      36.50000 |      37.00000 | 
     65.26055 |      61.32712 |       0.01532 |       0.00422 |       0.01417 |       1.00000 |       1.00000 |      37.04079 |      36.62826 |   14080.06543 |   10395.84180 |    3677.92212 |   14080.39062 |      36.50000 |      37.00000 | 
     66.72218 |      58.66135 |       0.01499 |       0.00422 |       0.01417 |       1.00000 |       1.00000 |      37.04081 |      36.62830 |   14077.89648 |   10389.79492 |    3681.80005 |   14078.22168 |      36.50000 |      37.00000 | 
     64.40753 |      60.14314 |       0.01553 |       0.00422 |       0.01417 |       1.00000 |       1.00000 |      37.04082 |      36.62834 |   14076.04395 |   10384.64453 |    3685.09937 |   14076.36914 |      36.50000 |      37.00000 | 
     66.88518 |      60.48143 |       0.01495 |       0.00422 |       0.01417 |       1.00000 |       1.00000 |      37.04083 |      36.62836 |   14074.50977 |   10380.37988 |    3687.82959 |   14074.83496 |      36.50000 |      37.00000 | 
     68.40153 |     119.63154 |       0.01462 |       0.00422 |       0.01417 |       1.00000 |       1.00000 |      37.04084 |      36.62840 |   14072.33691 |   10374.34668 |    3691.68823 |   14072.66211 |      36.50000 |      37.00000 | 
     65.28545 |      59.93766 |       0.01532 |       0.00422 |       0.01417 |       1.00000 |       1.00000 |      37.04086 |      36.62844 |   14070.46875 |   10366.85742 |    3697.31006 |   14070.79395 |      36.50000 |      37.00000 | 
     67.49115 |     121.49192 |       0.01482 |       0.00422 |       0.01417 |       1.00000 |       1.00000 |      37.04087 |      36.62848 |   14068.30078 |   10363.73340 |    3698.26587 |   14068.62695 |      36.50000 |      37.00000 | 
     64.76656 |      59.98800 |       0.01544 |       0.00422 |       0.01417 |       1.00000 |       1.00000 |      37.04089 |      36.62851 |   14066.43164 |   10361.04395 |    3699.08569 |   14066.75684 |      36.50000 |      37.00000 | 
     66.94872 |      59.26628 |       0.01494 |       0.00422 |       0.01417 |       1.00000 |       1.00000 |      37.04090 |      36.62854 |   14064.87891 |   10355.99316 |    3702.58447 |   14065.20410 |      36.50000 |      37.00000 | 
     64.51784 |      60.95331 |       0.01550 |       0.00422 |       0.01417 |       1.00000 |       1.00000 |      37.04091 |      36.62857 |   14063.01465 |   10351.76270 |    3704.95020 |   14063.34082 |      36.50000 |      37.00000 | 
     66.67476 |      58.96227 |       0.01500 |       0.00422 |       0.01417 |       1.00000 |       1.00000 |      37.04092 |      36.62860 |   14061.45312 |   10348.22363 |    3706.92700 |   14061.77832 |      36.50000 |      37.00000 | 
     68.42490 |     120.30799 |       0.01461 |       0.00426 |       0.01357 |       1.00000 |       1.00000 |      37.04094 |      36.62864 |   14059.28711 |   10343.31738 |    3709.66797 |   14059.61035 |      36.50000 |      37.00000 | 
     65.27603 |      59.78001 |       0.01532 |       0.00426 |       0.01357 |       1.00000 |       1.00000 |      37.04095 |      36.62868 |   14057.41016 |   10339.07324 |    3712.03638 |   14057.73340 |      36.50000 |      37.00000 | 
     67.54153 |     122.98610 |       0.01481 |       0.00426 |       0.01357 |       1.00000 |       1.00000 |      37.04096 |      36.62872 |   14055.24023 |   10334.16309 |    3714.77539 |   14055.56445 |      36.50000 |      37.00000 | 
     64.71362 |      60.40836 |       0.01545 |       0.00426 |       0.01357 |       1.00000 |       1.00000 |      37.04097 |      36.62875 |   14053.36035 |   10329.91504 |    3717.14429 |   14053.68359 |      36.50000 |      37.00000 | 
     66.44658 |      59.43536 |       0.01505 |       0.00426 |       0.01357 |       1.00000 |       1.00000 |      37.04099 |      36.62880 |   14051.17969 |   10324.99121 |    3719.88574 |   14051.50293 |      36.50000 |      37.00000 | 
     68.28214 |     120.65637 |       0.01465 |       0.00426 |       0.01357 |       1.00000 |       1.00000 |      37.04100 |      36.62883 |   14049.00781 |   10320.09375 |    3722.61304 |   14049.33203 |      36.50000 |      37.00000 | 
     65.25121 |      60.10699 |       0.01533 |       0.00426 |       0.01357 |       1.00000 |       1.00000 |      37.04102 |      36.62887 |   14047.13184 |   10309.95605 |    3730.87500 |   14047.45508 |      36.50000 |      37.00000 | 
     66.72954 |      59.36480 |       0.01499 |       0.00426 |       0.01357 |       1.00000 |       1.00000 |      37.04103 |      36.62891 |   14044.94434 |   10304.32715 |    3734.31519 |   14045.26855 |      36.50000 |      37.00000 | 
     64.28910 |      60.44487 |       0.01555 |       0.00426 |       0.01357 |       1.00000 |       1.00000 |      37.04104 |      36.62894 |   14043.06738 |   10299.49805 |    3737.26904 |   14043.39062 |      36.50000 |      37.00000 | 
     62.93010 |      60.32455 |       0.01589 |       0.00426 |       0.01357 |       1.00000 |       1.00000 |      37.04105 |      36.62898 |   14041.20605 |   10294.70215 |    3740.20312 |   14041.53027 |      36.50000 |      37.00000 | 
     61.81303 |      59.17510 |       0.01618 |       0.00426 |       0.01357 |       1.00000 |       1.00000 |      37.04106 |      36.62902 |   14039.32422 |   10289.85645 |    3743.16675 |   14039.64648 |      36.50000 |      37.00000 | 
     61.27846 |      60.04203 |       0.01632 |       0.00426 |       0.01357 |       1.00000 |       1.00000 |      37.04107 |      36.62905 |   14037.45996 |   10285.04980 |    3746.10840 |   14037.78125 |      36.50000 |      37.00000 | 
     60.70447 |      59.76572 |       0.01647 |       0.00426 |       0.01357 |       1.00000 |       1.00000 |      37.04108 |      36.62909 |   14035.57422 |   10280.18945 |    3749.08374 |   14035.89648 |      36.50000 |      37.00000 | 
     60.57364 |      59.88383 |       0.01651 |       0.00426 |       0.01357 |       1.00000 |       1.00000 |      37.04110 |      36.62912 |   14033.71289 |   10275.39160 |    3752.01929 |   14034.03516 |      36.50000 |      37.00000 | 
     60.40887 |      59.89817 |       0.01655 |       0.00426 |       0.01357 |       1.00000 |       1.00000 |      37.04111 |      36.62916 |   14031.84277 |   10270.56738 |    3754.97412 |   14032.16504 |      36.50000 |      37.00000 | 
     60.28789 |      60.12144 |       0.01659 |       0.00426 |       0.01357 |       1.00000 |       1.00000 |      37.04112 |      36.62919 |   14029.97070 |   10265.73242 |    3757.93701 |   14030.29199 |      36.50000 |      37.00000 | 
     63.67621 |      59.74786 |       0.01570 |       0.00426 |       0.01357 |       1.00000 |       1.00000 |      37.04113 |      36.62923 |   14027.78711 |   10260.09668 |    3761.38794 |   14028.10938 |      36.50000 |      37.00000 | 
     62.39147 |      60.24459 |       0.01603 |       0.00426 |       0.01357 |       1.00000 |       1.00000 |      37.04114 |      36.62927 |   14025.91211 |   10257.69434 |    3761.91699 |   14026.23340 |      36.50000 |      37.00000 | 
     65.23135 |      59.54862 |       0.01533 |       0.00426 |       0.01357 |       1.00000 |       1.00000 |      37.04115 |      36.62930 |   14024.35156 |   10254.53906 |    3763.51196 |   14024.67383 |      36.50000 |      37.00000 | 
     67.52190 |     122.04052 |       0.01481 |       0.00426 |       0.01357 |       1.00000 |       1.00000 |      37.04116 |      36.62934 |   14022.17676 |   10250.14062 |    3765.73462 |   14022.49902 |      36.50000 |      37.00000 | 
     64.68369 |      59.84441 |       0.01546 |       0.00397 |       0.01442 |       1.00000 |       1.00000 |      37.04118 |      36.62938 |   14020.29199 |   10246.32812 |    3767.66187 |   14020.61426 |      36.50000 |      37.00000 | 
     67.06492 |     118.06375 |       0.01491 |       0.00397 |       0.01442 |       1.00000 |       1.00000 |      37.04119 |      36.62942 |   14018.11035 |   10241.91895 |    3769.89087 |   14018.42969 |      36.50000 |      37.00000 | 
     64.45464 |      59.61252 |       0.01551 |       0.00397 |       0.01442 |       1.00000 |       1.00000 |      37.04120 |      36.62946 |   14016.23145 |   10238.93848 |    3770.99097 |   14016.55273 |      36.50000 |      37.00000 | 
     66.41206 |      59.88024 |       0.01506 |       0.00397 |       0.01442 |       1.00000 |       1.00000 |      37.04121 |      36.62950 |   14014.05859 |   10233.35742 |    3774.40015 |   14014.37695 |      36.50000 |      37.00000 | 
     64.08217 |      60.12867 |       0.01560 |       0.00397 |       0.01442 |       1.00000 |       1.00000 |      37.04122 |      36.62954 |   14012.18164 |   10228.53711 |    3777.34448 |   14012.50000 |      36.50000 |      37.00000 | 
     66.04803 |      58.97269 |       0.01514 |       0.00397 |       0.01442 |       1.00000 |       1.00000 |      37.04123 |      36.62958 |   14010.00000 |   10222.93457 |    3780.76392 |   14010.31836 |      36.50000 |      37.00000 | 
     64.01111 |      60.90876 |       0.01562 |       0.00397 |       0.01442 |       1.00000 |       1.00000 |      37.04124 |      36.62961 |   14008.13770 |   10218.15039 |    3783.68555 |   14008.45605 |      36.50000 |      37.00000 | 
     66.44400 |      59.63741 |       0.01505 |       0.00397 |       0.01442 |       1.00000 |       1.00000 |      37.04125 |      36.62964 |   14006.58203 |   10214.15723 |    3786.12280 |   14006.90039 |      36.50000 |      37.00000 | 
     64.20001 |      61.24449 |       0.01558 |       0.00397 |       0.01442 |       1.00000 |       1.00000 |      37.04126 |      36.62968 |   14004.71289 |   10209.35742 |    3789.05420 |   14005.03125 |      36.50000 |      37.00000 | 
     66.51608 |      59.49902 |       0.01503 |       0.00397 |       0.01442 |       1.00000 |       1.00000 |      37.04127 |      36.62971 |   14003.15332 |   10205.35254 |    3791.49902 |   14003.47168 |      36.50000 |      37.00000 | 
     64.21101 |      60.31363 |       0.01557 |       0.00397 |       0.01442 |       1.00000 |       1.00000 |      37.04128 |      36.62975 |   14001.28516 |   10200.55469 |    3794.42725 |   14001.60352 |      36.50000 |      37.00000 | 
     65.61874 |      59.44596 |       0.01524 |       0.00397 |       0.01442 |       1.00000 |       1.00000 |      37.04129 |      36.62979 |   13999.10352 |   10194.95801 |    3797.84424 |   13999.42285 |      36.50000 |      37.00000 | 
     63.71437 |      60.38647 |       0.01570 |       0.00397 |       0.01442 |       1.00000 |       1.00000 |      37.04130 |      36.62983 |   13997.23926 |   10190.16992 |    3800.76782 |   13997.55762 |      36.50000 |      37.00000 | 
     65.49348 |      61.42129 |       0.01527 |       0.00397 |       0.01442 |       1.00000 |       1.00000 |      37.04131 |      36.62987 |   13995.07227 |   10184.60742 |    3804.16309 |   13995.38867 |      36.50000 |      37.00000 | 
     63.44824 |      59.38595 |       0.01576 |       0.00397 |       0.01442 |       1.00000 |       1.00000 |      37.04132 |      36.62990 |   13993.19727 |   10179.79492 |    3807.10034 |   13993.51465 |      36.50000 |      37.00000 | 
     65.50980 |      59.97721 |       0.01526 |       0.00397 |       0.01442 |       1.00000 |       1.00000 |      37.04132 |      36.62993 |   13991.64355 |   10175.80664 |    3809.53540 |   13991.96094 |      36.50000 |      37.00000 | 
     63.67535 |      60.29545 |       0.01570 |       0.00397 |       0.01442 |       1.00000 |       1.00000 |      37.04133 |      36.62997 |   13989.78613 |   10168.95020 |    3814.53540 |   13990.10352 |      36.50000 |      37.00000 | 
     66.01386 |      58.99009 |       0.01515 |       0.00397 |       0.01442 |       1.00000 |       1.00000 |      37.04134 |      36.63000 |   13988.22266 |   10163.93066 |    3817.99097 |   13988.54004 |      36.50000 |      37.00000 | 
     68.63583 |     121.00677 |       0.01457 |       0.00397 |       0.01442 |       1.00000 |       1.00000 |      37.04135 |      36.63003 |   13986.68262 |   10158.98730 |    3821.39551 |   13987.00000 |      36.50000 |      37.00000 | 
     62.22781 |      60.28454 |       0.01607 |       0.00397 |       0.01442 |       1.00000 |       1.00000 |      37.04136 |      36.63008 |   13984.32129 |   10151.40137 |    3826.61841 |   13984.63770 |      36.50000 |      37.00000 | 
     65.16208 |      59.68368 |       0.01535 |       0.00432 |       0.01397 |       1.00000 |       1.00000 |      37.04137 |      36.63011 |   13982.77441 |   10146.43262 |    3830.04053 |   13983.09082 |      36.50000 |      37.00000 | 
     63.26576 |      60.13591 |       0.01581 |       0.00432 |       0.01397 |       1.00000 |       1.00000 |      37.04137 |      36.63015 |   13980.90430 |   10140.42676 |    3834.17725 |   13981.22168 |      36.50000 |      37.00000 | 
     66.21985 |     120.27905 |       0.01510 |       0.00432 |       0.01397 |       1.00000 |       1.00000 |      37.04139 |      36.63019 |   13978.74414 |   10133.48340 |    3838.95947 |   13979.06152 |      36.50000 |      37.00000 | 
     63.95871 |      59.34014 |       0.01564 |       0.00432 |       0.01397 |       1.00000 |       1.00000 |      37.04139 |      36.63023 |   13976.88184 |   10127.49512 |    3843.08423 |   13977.19824 |      36.50000 |      37.00000 | 
     62.58894 |      59.53799 |       0.01598 |       0.00432 |       0.01397 |       1.00000 |       1.00000 |      37.04140 |      36.63026 |   13975.02539 |   10121.52539 |    3847.19849 |   13975.33984 |      36.50000 |      37.00000 | 
     65.82435 |     122.77471 |       0.01519 |       0.00432 |       0.01397 |       1.00000 |       1.00000 |      37.04141 |      36.63031 |   13972.86816 |   10114.58984 |    3851.97632 |   13973.18359 |      36.50000 |      37.00000 | 
     63.58600 |      59.38242 |       0.01573 |       0.00432 |       0.01397 |       1.00000 |       1.00000 |      37.04142 |      36.63034 |   13970.99902 |   10108.57520 |    3856.12183 |   13971.31348 |      36.50000 |      37.00000 | 
     62.44218 |      60.03843 |       0.01601 |       0.00432 |       0.01397 |       1.00000 |       1.00000 |      37.04143 |      36.63038 |   13969.15039 |   10102.62793 |    3860.22046 |   13969.46484 |      36.50000 |      37.00000 | 
     61.63307 |      59.86948 |       0.01623 |       0.00432 |       0.01397 |       1.00000 |       1.00000 |      37.04144 |      36.63042 |   13967.29785 |   10096.66992 |    3864.32593 |   13967.61328 |      36.50000 |      37.00000 | 
     61.14063 |      60.44487 |       0.01636 |       0.00432 |       0.01397 |       1.00000 |       1.00000 |      37.04144 |      36.63046 |   13965.45117 |   10090.72363 |    3868.42578 |   13965.76562 |      36.50000 |      37.00000 | 
     57.26449 |      33.55817 |       0.01746 |       0.00432 |       0.01397 |       1.00000 |       1.00000 |      37.04145 |      36.63049 |   13963.74023 |   10085.22070 |    3872.21802 |   13964.05566 |      36.50000 |      37.00000 | 
     58.13320 |      60.08532 |       0.01720 |       0.00432 |       0.01397 |       1.00000 |       1.00000 |      37.04146 |      36.63053 |   13961.88965 |   10093.12207 |    3862.46655 |   13962.20508 |      36.50000 |      37.00000 | 
     58.74061 |      60.71277 |       0.01702 |       0.00432 |       0.01397 |       1.00000 |       1.00000 |      37.04147 |      36.63057 |   13960.03906 |   10090.06836 |    3863.66968 |   13960.35449 |      36.50000 |      37.00000 | 
     59.33455 |      59.33662 |       0.01685 |       0.00432 |       0.01397 |       1.00000 |       1.00000 |      37.04147 |      36.63060 |   13958.18848 |   10087.02441 |    3864.86255 |   13958.50391 |      36.50000 |      37.00000 | 
     55.72050 |      32.87743 |       0.01795 |       0.00432 |       0.01397 |       1.00000 |       1.00000 |      37.04148 |      36.63064 |   13956.44434 |   10084.15820 |    3865.98535 |   13956.75977 |      36.50000 |      37.00000 | 
     57.29819 |      60.12867 |       0.01745 |       0.00432 |       0.01397 |       1.00000 |       1.00000 |      37.04149 |      36.63067 |   13954.62500 |   10081.17578 |    3867.14746 |   13954.93848 |      36.50000 |      37.00000 | 
     58.19588 |      61.50061 |       0.01718 |       0.00432 |       0.01397 |       1.00000 |       1.00000 |      37.04150 |      36.63071 |   13952.78027 |   10078.16309 |    3868.31641 |   13953.09375 |      36.50000 |      37.00000 | 
     58.82392 |      60.21920 |       0.01700 |       0.00432 |       0.01397 |       1.00000 |       1.00000 |      37.04150 |      36.63075 |   13950.94043 |   10075.16016 |    3869.47803 |   13951.25391 |      36.50000 |      37.00000 | 
     59.19567 |      60.81615 |       0.01689 |       0.00432 |       0.01397 |       1.00000 |       1.00000 |      37.04151 |      36.63079 |   13949.09277 |   10074.59961 |    3868.19116 |   13949.40625 |      36.50000 |      37.00000 | 
     62.85378 |      59.78358 |       0.01591 |       0.00432 |       0.01397 |       1.00000 |       1.00000 |      37.04152 |      36.63082 |   13947.55664 |   10070.33691 |    3870.91895 |   13947.87012 |      36.50000 |      37.00000 | 
     61.84193 |      59.70862 |       0.01617 |       0.00515 |       0.01518 |       1.00000 |       1.00000 |      37.04152 |      36.63086 |   13945.71289 |   10065.22070 |    3874.19067 |   13946.02637 |      36.50000 |      37.00000 | 
     61.25984 |      59.98441 |       0.01632 |       0.00515 |       0.01518 |       1.00000 |       1.00000 |      37.04153 |      36.63089 |   13943.87598 |   10060.13379 |    3877.44092 |   13944.18945 |      36.50000 |      37.00000 | 
     60.75458 |      61.27451 |       0.01646 |       0.00515 |       0.01518 |       1.00000 |       1.00000 |      37.04154 |      36.63093 |   13942.02637 |   10055.02051 |    3880.70459 |   13942.34082 |      36.50000 |      37.00000 | 
     64.66876 |     122.45898 |       0.01546 |       0.00515 |       0.01518 |       1.00000 |       1.00000 |      37.04155 |      36.63097 |   13939.89648 |   10049.14648 |    3884.44922 |   13940.20996 |      36.50000 |      37.00000 | 
     62.87774 |      58.96227 |       0.01590 |       0.00515 |       0.01518 |       1.00000 |       1.00000 |      37.04155 |      36.63101 |   13938.04590 |   10044.04492 |    3887.69995 |   13938.36035 |      36.50000 |      37.00000 | 
     62.05258 |      60.48875 |       0.01612 |       0.00515 |       0.01518 |       1.00000 |       1.00000 |      37.04156 |      36.63105 |   13936.22559 |   10039.03809 |    3890.88745 |   13936.53711 |      36.50000 |      37.00000 | 
     61.20517 |      58.98313 |       0.01634 |       0.00515 |       0.01518 |       1.00000 |       1.00000 |      37.04156 |      36.63109 |   13934.37793 |   10033.96387 |    3894.11182 |   13934.69043 |      36.50000 |      37.00000 | 
     60.84119 |      60.94217 |       0.01644 |       0.00515 |       0.01518 |       1.00000 |       1.00000 |      37.04157 |      36.63113 |   13932.54590 |   10028.94336 |    3897.30176 |   13932.85742 |      36.50000 |      37.00000 | 
     64.73226 |     119.48859 |       0.01545 |       0.00515 |       0.01518 |       1.00000 |       1.00000 |      37.04158 |      36.63116 |   13931.02734 |   10024.77930 |    3899.94556 |   13931.33887 |      36.50000 |      37.00000 | 
     63.05757 |      59.20312 |       0.01586 |       0.00515 |       0.01518 |       1.00000 |       1.00000 |      37.04158 |      36.63121 |   13928.41992 |   10017.65820 |    3904.46094 |   13928.73145 |      36.50000 |      37.00000 | 
     62.05693 |      60.54002 |       0.01611 |       0.00515 |       0.01518 |       1.00000 |       1.00000 |      37.04159 |      36.63125 |   13926.59082 |   10012.67090 |    3907.61963 |   13926.90332 |      36.50000 |      37.00000 | 
     61.25550 |      60.24459 |       0.01633 |       0.00515 |       0.01518 |       1.00000 |       1.00000 |      37.04160 |      36.63129 |   13924.75195 |   10007.66309 |    3910.78833 |   13925.06445 |      36.50000 |      37.00000 | 
     60.89777 |      60.25548 |       0.01642 |       0.00515 |       0.01518 |       1.00000 |       1.00000 |      37.04160 |      36.63132 |   13922.92871 |   10002.70215 |    3913.92578 |   13923.24121 |      36.50000 |      37.00000 | 
     63.60694 |      59.98441 |       0.01572 |       0.00515 |       0.01518 |       1.00000 |       1.00000 |      37.04161 |      36.63137 |   13920.79883 |    9996.91992 |    3917.57593 |   13921.11035 |      36.50000 |      37.00000 | 
     62.24837 |      59.42124 |       0.01606 |       0.00515 |       0.01518 |       1.00000 |       1.00000 |      37.04162 |      36.63141 |   13918.96191 |    9991.94434 |    3920.71631 |   13919.27441 |      36.50000 |      37.00000 | 
     61.62176 |      60.39377 |       0.01623 |       0.00515 |       0.01518 |       1.00000 |       1.00000 |      37.04162 |      36.63145 |   13917.14844 |    9987.04102 |    3923.80640 |   13917.46094 |      36.50000 |      37.00000 | 
     60.23802 |      62.68021 |       0.01660 |       0.00515 |       0.01518 |       1.00000 |       1.00000 |      37.04163 |      36.63148 |   13915.24219 |    9981.89258 |    3927.04834 |   13915.55078 |      36.50000 |      37.00000 | 
     61.12151 |      63.81214 |       0.01636 |       0.00515 |       0.01518 |       1.00000 |       1.00000 |      37.04163 |      36.63152 |   13913.51074 |    9977.21875 |    3929.98975 |   13913.81934 |      36.50000 |      37.00000 | 
     64.83350 |     117.79951 |       0.01542 |       0.00515 |       0.01518 |       1.00000 |       1.00000 |      37.04164 |      36.63155 |   13911.97656 |    9973.09082 |    3932.58276 |   13912.28516 |      36.50000 |      37.00000 | 
     63.67860 |      60.44853 |       0.01570 |       0.00515 |       0.01518 |       1.00000 |       1.00000 |      37.04165 |      36.63160 |   13909.93555 |    9967.59961 |    3936.03394 |   13910.24414 |      36.50000 |      37.00000 | 
     62.28064 |      59.21364 |       0.01606 |       0.00487 |       0.01514 |       1.00000 |       1.00000 |      37.04165 |      36.63164 |   13908.10449 |    9962.68652 |    3939.11621 |   13908.41309 |      36.50000 |      37.00000 | 
     58.96793 |      43.23389 |       0.01696 |       0.00487 |       0.01514 |       1.00000 |       1.00000 |      37.04166 |      36.63168 |   13906.04785 |    9957.17676 |    3942.56958 |   13906.35645 |      36.50000 |      37.00000 | 
     61.80769 |      59.74786 |       0.01618 |       0.00487 |       0.01514 |       1.00000 |       1.00000 |      37.04166 |      36.63171 |   13904.47168 |    9952.96094 |    3945.20996 |   13904.78027 |      36.50000 |      37.00000 | 
     61.20210 |      62.32083 |       0.01634 |       0.00487 |       0.01514 |       1.00000 |       1.00000 |      37.04167 |      36.63175 |   13902.64941 |    9942.96680 |    3953.38086 |   13902.95801 |      36.50000 |      37.00000 | 
     60.80219 |      59.15060 |       0.01645 |       0.00487 |       0.01514 |       1.00000 |       1.00000 |      37.04167 |      36.63179 |   13900.82129 |    9938.30469 |    3956.21484 |   13901.12988 |      36.50000 |      37.00000 | 
     60.15854 |      33.41018 |       0.01662 |       0.00487 |       0.01514 |       1.00000 |       1.00000 |      37.04168 |      36.63183 |   13898.84082 |    9933.26172 |    3959.27783 |   13899.14941 |      36.50000 |      37.00000 | 
     63.26775 |      60.20470 |       0.01581 |       0.00487 |       0.01514 |       1.00000 |       1.00000 |      37.04168 |      36.63188 |   13896.73633 |    9927.90527 |    3962.52979 |   13897.04395 |      36.50000 |      37.00000 | 
     62.11870 |      59.74786 |       0.01610 |       0.00487 |       0.01514 |       1.00000 |       1.00000 |      37.04169 |      36.63192 |   13894.92090 |    9923.29004 |    3965.32886 |   13895.22949 |      36.50000 |      37.00000 | 
     61.36954 |      59.75500 |       0.01629 |       0.00487 |       0.01514 |       1.00000 |       1.00000 |      37.04169 |      36.63195 |   13893.10352 |    9918.67871 |    3968.12256 |   13893.41016 |      36.50000 |      37.00000 | 
     60.95426 |      59.89100 |       0.01641 |       0.00487 |       0.01514 |       1.00000 |       1.00000 |      37.04169 |      36.63198 |   13891.88672 |    9915.59277 |    3969.99219 |   13892.19434 |      36.50000 |      37.00000 | 
     57.21020 |      39.49603 |       0.01748 |       0.00487 |       0.01514 |       1.00000 |       1.00000 |      37.04170 |      36.63203 |   13889.60547 |    9910.24121 |    3973.06348 |   13889.91211 |      36.50000 |      37.00000 | 
     54.95534 |      33.95124 |       0.01820 |       0.00487 |       0.01514 |       1.00000 |       1.00000 |      37.04171 |      36.63208 |   13887.34863 |    9903.48047 |    3977.56665 |   13887.65527 |      36.50000 |      37.00000 | 
     55.85587 |      40.72988 |       0.01790 |       0.00487 |       0.01514 |       1.00000 |       1.00000 |      37.04171 |      36.63210 |   13886.16113 |    9901.61133 |    3978.24951 |   13886.46777 |      36.50000 |      37.00000 | 
     56.85689 |      58.95531 |       0.01759 |       0.00487 |       0.01514 |       1.00000 |       1.00000 |      37.04171 |      36.63214 |   13884.32031 |    9896.41113 |    3981.60840 |   13884.62695 |      36.50000 |      37.00000 | 
     57.99713 |      59.59121 |       0.01724 |       0.00487 |       0.01514 |       1.00000 |       1.00000 |      37.04172 |      36.63218 |   13882.52441 |    9891.35059 |    3984.87329 |   13882.83203 |      36.50000 |      37.00000 | 
     51.03044 |      34.22430 |       0.01960 |       0.00487 |       0.01514 |       1.00000 |       1.00000 |      37.04173 |      36.63223 |   13880.40625 |    9885.38477 |    3988.71948 |   13880.71289 |      36.50000 |      37.00000 | 
     57.26316 |      59.48486 |       0.01746 |       0.00487 |       0.01514 |       1.00000 |       1.00000 |      37.04173 |      36.63225 |   13879.03223 |    9881.52051 |    3991.21021 |   13879.33887 |      36.50000 |      37.00000 | 
     57.24983 |      51.59426 |       0.01747 |       0.00487 |       0.01514 |       1.00000 |       1.00000 |      37.04173 |      36.63229 |   13877.15234 |    9876.23926 |    3994.61279 |   13877.45996 |      36.50000 |      37.00000 | 
     62.46942 |     124.13108 |       0.01601 |       0.00487 |       0.01514 |       1.00000 |       1.00000 |      37.04174 |      36.63232 |   13875.74707 |    9872.29199 |    3997.15308 |   13876.05273 |      36.50000 |      37.00000 | 
     61.63429 |      60.23734 |       0.01622 |       0.00487 |       0.01514 |       1.00000 |       1.00000 |      37.04174 |      36.63236 |   13873.94141 |    9867.23145 |    4000.40869 |   13874.24609 |      36.50000 |      37.00000 | 
     61.06660 |      59.68724 |       0.01638 |       0.00487 |       0.01514 |       1.00000 |       1.00000 |      37.04174 |      36.63240 |   13872.13574 |    9862.17480 |    4003.65918 |   13872.44043 |      36.50000 |      37.00000 | 
     60.77182 |      60.76811 |       0.01645 |       0.00490 |       0.01533 |       1.00000 |       1.00000 |      37.04175 |      36.63244 |   13870.33594 |    9857.13867 |    4006.89600 |   13870.64062 |      36.50000 |      37.00000 | 
     60.47384 |      59.35070 |       0.01654 |       0.00490 |       0.01533 |       1.00000 |       1.00000 |      37.04175 |      36.63248 |   13868.52930 |    9852.08789 |    4010.13916 |   13868.83398 |      36.50000 |      37.00000 | 
     60.23159 |      60.18296 |       0.01660 |       0.00490 |       0.01533 |       1.00000 |       1.00000 |      37.04176 |      36.63251 |   13866.71680 |    9847.03027 |    4013.38525 |   13867.02246 |      36.50000 |      37.00000 | 
     64.39722 |     122.08521 |       0.01553 |       0.00490 |       0.01533 |       1.00000 |       1.00000 |      37.04176 |      36.63256 |   13864.63574 |    9841.22754 |    4017.10645 |   13864.94043 |      36.50000 |      37.00000 | 
     62.90294 |      60.03843 |       0.01590 |       0.00490 |       0.01533 |       1.00000 |       1.00000 |      37.04177 |      36.63262 |   13862.06348 |    9834.07129 |    4021.69092 |   13862.36914 |      36.50000 |      37.00000 | 
     61.77144 |      60.15761 |       0.01619 |       0.00490 |       0.01533 |       1.00000 |       1.00000 |      37.04177 |      36.63266 |   13860.25000 |    9829.03125 |    4024.91699 |   13860.55566 |      36.50000 |      37.00000 | 
     61.19897 |      60.12506 |       0.01634 |       0.00490 |       0.01533 |       1.00000 |       1.00000 |      37.04177 |      36.63269 |   13858.45215 |    9824.03711 |    4028.11377 |   13858.75781 |      36.50000 |      37.00000 | 
     60.57016 |      58.70612 |       0.01651 |       0.00490 |       0.01533 |       1.00000 |       1.00000 |      37.04178 |      36.63273 |   13856.63477 |    9818.99707 |    4031.33691 |   13856.93848 |      36.50000 |      37.00000 | 
     60.56584 |      60.88651 |       0.01651 |       0.00490 |       0.01533 |       1.00000 |       1.00000 |      37.04178 |      36.63277 |   13854.85254 |    9814.06152 |    4034.48999 |   13855.15625 |      36.50000 |      37.00000 | 
     60.41436 |      59.80503 |       0.01655 |       0.00490 |       0.01533 |       1.00000 |       1.00000 |      37.04178 |      36.63281 |   13853.05762 |    9809.09961 |    4037.65747 |   13853.36133 |      36.50000 |      37.00000 | 
     63.34679 |      59.76215 |       0.01579 |       0.00490 |       0.01533 |       1.00000 |       1.00000 |      37.04179 |      36.63285 |   13850.96777 |    9804.12305 |    4040.54346 |   13851.27148 |      36.50000 |      37.00000 | 
     62.08619 |      60.35003 |       0.01611 |       0.00490 |       0.01533 |       1.00000 |       1.00000 |      37.04179 |      36.63290 |   13849.15918 |    9799.70020 |    4043.15771 |   13849.46289 |      36.50000 |      37.00000 | 
     61.41043 |      59.52735 |       0.01628 |       0.00490 |       0.01533 |       1.00000 |       1.00000 |      37.04179 |      36.63293 |   13847.36719 |    9795.32520 |    4045.73975 |   13847.67090 |      36.50000 |      37.00000 | 
     60.86874 |      59.92689 |       0.01643 |       0.00490 |       0.01533 |       1.00000 |       1.00000 |      37.04180 |      36.63297 |   13845.56543 |    9790.93359 |    4048.33105 |   13845.86914 |      36.50000 |      37.00000 | 
     60.73436 |      60.58770 |       0.01647 |       0.00490 |       0.01533 |       1.00000 |       1.00000 |      37.04180 |      36.63301 |   13843.78320 |    9786.59668 |    4050.88501 |   13844.08691 |      36.50000 |      37.00000 | 
     59.89167 |      33.40683 |       0.01670 |       0.00490 |       0.01533 |       1.00000 |       1.00000 |      37.04181 |      36.63305 |   13841.81250 |    9781.80273 |    4053.70874 |   13842.11621 |      36.50000 |      37.00000 | 
     60.42854 |      45.26935 |       0.01655 |       0.00490 |       0.01533 |       1.00000 |       1.00000 |      37.04181 |      36.63309 |   13840.12891 |    9777.71387 |    4056.11377 |   13840.43262 |      36.50000 |      37.00000 | 
     62.13965 |      59.57346 |       0.01609 |       0.00490 |       0.01533 |       1.00000 |       1.00000 |      37.04181 |      36.63313 |   13838.52148 |    9773.81641 |    4058.40332 |   13838.82520 |      36.50000 |      37.00000 | 
     61.37442 |      59.78001 |       0.01629 |       0.00490 |       0.01533 |       1.00000 |       1.00000 |      37.04181 |      36.63316 |   13836.72363 |    9769.46289 |    4060.95923 |   13837.02734 |      36.50000 |      37.00000 | 
     60.95739 |      60.35367 |       0.01640 |       0.00490 |       0.01533 |       1.00000 |       1.00000 |      37.04182 |      36.63321 |   13834.93359 |    9765.13379 |    4063.49756 |   13835.23730 |      36.50000 |      37.00000 | 
     60.72886 |      59.95923 |       0.01647 |       0.00515 |       0.01531 |       1.00000 |       1.00000 |      37.04182 |      36.63324 |   13833.14746 |    9760.82422 |    4066.02197 |   13833.45020 |      36.50000 |      37.00000 | 
     60.34474 |      60.60606 |       0.01657 |       0.00515 |       0.01531 |       1.00000 |       1.00000 |      37.04182 |      36.63328 |   13831.33887 |    9756.46094 |    4068.57666 |   13831.64160 |      36.50000 |      37.00000 | 
     60.30582 |      59.86232 |       0.01658 |       0.00515 |       0.01531 |       1.00000 |       1.00000 |      37.04182 |      36.63332 |   13829.55371 |    9756.26758 |    4066.98511 |   13829.85547 |      36.50000 |      37.00000 | 
     59.75013 |      33.74389 |       0.01674 |       0.00515 |       0.01531 |       1.00000 |       1.00000 |      37.04183 |      36.63336 |   13827.60059 |    9752.61816 |    4068.68164 |   13827.90332 |      36.50000 |      37.00000 | 
     63.30159 |      59.81219 |       0.01580 |       0.00515 |       0.01531 |       1.00000 |       1.00000 |      37.04183 |      36.63340 |   13826.11035 |    9749.83496 |    4069.97314 |   13826.41211 |      36.50000 |      37.00000 | 
     62.23105 |      60.22282 |       0.01607 |       0.00515 |       0.01531 |       1.00000 |       1.00000 |      37.04183 |      36.63343 |   13824.32324 |    9746.50781 |    4071.51465 |   13824.62500 |      36.50000 |      37.00000 | 
     61.48977 |      60.26638 |       0.01626 |       0.00515 |       0.01531 |       1.00000 |       1.00000 |      37.04183 |      36.63347 |   13822.53223 |    9742.45215 |    4073.77954 |   13822.83496 |      36.50000 |      37.00000 | 
     60.92500 |      60.05285 |       0.01641 |       0.00515 |       0.01531 |       1.00000 |       1.00000 |      37.04184 |      36.63351 |   13820.73535 |    9737.67188 |    4076.76147 |   13821.03711 |      36.50000 |      37.00000 | 
     60.68369 |      61.53089 |       0.01648 |       0.00515 |       0.01531 |       1.00000 |       1.00000 |      37.04184 |      36.63355 |   13818.94922 |    9732.92969 |    4079.71753 |   13819.25098 |      36.50000 |      37.00000 | 
     60.40690 |      59.76215 |       0.01655 |       0.00515 |       0.01531 |       1.00000 |       1.00000 |      37.04184 |      36.63359 |   13817.15332 |    9728.17578 |    4082.67603 |   13817.45605 |      36.50000 |      37.00000 | 
     60.32727 |      60.53635 |       0.01658 |       0.00515 |       0.01531 |       1.00000 |       1.00000 |      37.04184 |      36.63363 |   13815.36719 |    9723.45020 |    4085.61572 |   13815.66602 |      36.50000 |      37.00000 | 
     60.17677 |      59.64096 |       0.01662 |       0.00515 |       0.01531 |       1.00000 |       1.00000 |      37.04185 |      36.63367 |   13813.57422 |    9718.71191 |    4088.56128 |   13813.87305 |      36.50000 |      37.00000 | 
     57.25688 |      58.92752 |       0.01747 |       0.00515 |       0.01531 |       1.00000 |       1.00000 |      37.04185 |      36.63372 |   13811.32129 |    9712.77246 |    4092.24902 |   13811.62012 |      36.50000 |      37.00000 | 
     58.19731 |      59.77286 |       0.01718 |       0.00515 |       0.01531 |       1.00000 |       1.00000 |      37.04185 |      36.63376 |   13809.53809 |    9708.07617 |    4095.15991 |   13809.83594 |      36.50000 |      37.00000 | 
     56.17791 |      60.59137 |       0.01780 |       0.00515 |       0.01531 |       1.00000 |       1.00000 |      37.04185 |      36.63381 |   13807.30664 |    9702.21387 |    4098.79053 |   13807.60547 |      36.50000 |      37.00000 | 
     57.47173 |      60.77919 |       0.01740 |       0.00515 |       0.01531 |       1.00000 |       1.00000 |      37.04185 |      36.63385 |   13805.52441 |    9697.53418 |    4101.68945 |   13805.82324 |      36.50000 |      37.00000 | 
     54.64456 |      34.14484 |       0.01830 |       0.00515 |       0.01531 |       1.00000 |       1.00000 |      37.04186 |      36.63388 |   13803.87305 |    9693.21387 |    4104.35693 |   13804.17188 |      36.50000 |      37.00000 | 
     56.32010 |      60.37553 |       0.01776 |       0.00515 |       0.01531 |       1.00000 |       1.00000 |      37.04186 |      36.63392 |   13802.08691 |    9688.53711 |    4107.24756 |   13802.38574 |      36.50000 |      37.00000 | 
     54.99589 |      60.85316 |       0.01818 |       0.00515 |       0.01531 |       1.00000 |       1.00000 |      37.04186 |      36.63396 |   13800.00293 |    9683.09668 |    4110.60352 |   13800.30176 |      36.50000 |      37.00000 | 
     56.65848 |      60.94588 |       0.01765 |       0.00515 |       0.01531 |       1.00000 |       1.00000 |      37.04186 |      36.63401 |   13798.22363 |    9678.45703 |    4113.46582 |   13798.52246 |      36.50000 |      37.00000 | 
     61.71923 |     121.30034 |       0.01620 |       0.00515 |       0.01637 |       1.00000 |       1.00000 |      37.04187 |      36.63405 |   13796.13477 |    9673.01758 |    4116.81494 |   13796.43164 |      36.50000 |      37.00000 | 
     61.35550 |      57.95758 |       0.01630 |       0.00515 |       0.01637 |       1.00000 |       1.00000 |      37.04187 |      36.63409 |   13794.16406 |    9665.46289 |    4122.40088 |   13794.46094 |      36.50000 |      37.00000 | 
     61.03591 |      59.78716 |       0.01638 |       0.00515 |       0.01637 |       1.00000 |       1.00000 |      37.04187 |      36.63413 |   13792.39062 |    9660.22559 |    4125.86230 |   13792.68750 |      36.50000 |      37.00000 | 
     60.59635 |      59.93407 |       0.01650 |       0.00515 |       0.01637 |       1.00000 |       1.00000 |      37.04187 |      36.63417 |   13790.59277 |    9654.92383 |    4129.36719 |   13790.88965 |      36.50000 |      37.00000 | 
     60.39861 |      59.50610 |       0.01656 |       0.00515 |       0.01637 |       1.00000 |       1.00000 |      37.04187 |      36.63421 |   13788.80566 |    9649.66406 |    4132.84131 |   13789.10254 |      36.50000 |      37.00000 | 
     58.91430 |      66.44518 |       0.01697 |       0.00515 |       0.01637 |       1.00000 |       1.00000 |      37.04187 |      36.63425 |   13786.87207 |    9643.98340 |    4136.58789 |   13787.16992 |      36.50000 |      37.00000 | 
     60.70900 |      60.50705 |       0.01647 |       0.00515 |       0.01637 |       1.00000 |       1.00000 |      37.04187 |      36.63429 |   13785.23340 |    9639.17090 |    4139.76172 |   13785.53125 |      36.50000 |      37.00000 | 
     60.50200 |      60.45949 |       0.01653 |       0.00515 |       0.01637 |       1.00000 |       1.00000 |      37.04188 |      36.63433 |   13783.44824 |    9633.93066 |    4143.21484 |   13783.74512 |      36.50000 |      37.00000 | 
     60.32858 |      59.70506 |       0.01658 |       0.00515 |       0.01637 |       1.00000 |       1.00000 |      37.04188 |      36.63437 |   13781.66016 |    9628.69238 |    4146.66650 |   13781.95703 |      36.50000 |      37.00000 | 
     60.29591 |      60.24822 |       0.01658 |       0.00515 |       0.01637 |       1.00000 |       1.00000 |      37.04188 |      36.63441 |   13779.87891 |    9623.48242 |    4150.09375 |   13780.17578 |      36.50000 |      37.00000 | 
     60.10530 |      59.54507 |       0.01664 |       0.00515 |       0.01637 |       1.00000 |       1.00000 |      37.04188 |      36.63445 |   13778.08301 |    9618.22949 |    4153.55078 |   13778.37793 |      36.50000 |      37.00000 | 
     59.93168 |      59.51318 |       0.01669 |       0.00515 |       0.01637 |       1.00000 |       1.00000 |      37.04188 |      36.63449 |   13776.28320 |    9612.98047 |    4157.00195 |   13776.57910 |      36.50000 |      37.00000 | 
     59.98438 |      60.01320 |       0.01667 |       0.00515 |       0.01637 |       1.00000 |       1.00000 |      37.04188 |      36.63453 |   13774.49805 |    9607.77344 |    4160.42383 |   13774.79395 |      36.50000 |      37.00000 | 
     59.95084 |      59.42830 |       0.01668 |       0.00515 |       0.01637 |       1.00000 |       1.00000 |      37.04189 |      36.63457 |   13772.70801 |    9602.55762 |    4163.84912 |   13773.00293 |      36.50000 |      37.00000 | 
     59.96568 |      60.12506 |       0.01668 |       0.00515 |       0.01637 |       1.00000 |       1.00000 |      37.04189 |      36.63461 |   13770.91797 |    9597.35352 |    4167.26367 |   13771.21387 |      36.50000 |      37.00000 | 
     60.01389 |      59.19962 |       0.01666 |       0.00515 |       0.01637 |       1.00000 |       1.00000 |      37.04189 |      36.63464 |   13769.13574 |    9593.93652 |    4168.89844 |   13769.43164 |      36.50000 |      37.00000 | 
     60.06331 |      60.55835 |       0.01665 |       0.00515 |       0.01637 |       1.00000 |       1.00000 |      37.04189 |      36.63468 |   13767.35254 |    9588.54492 |    4172.50684 |   13767.64844 |      36.50000 |      37.00000 | 
     60.10537 |      59.92689 |       0.01664 |       0.00515 |       0.01637 |       1.00000 |       1.00000 |      37.04189 |      36.63472 |   13765.55664 |    9583.12012 |    4176.13525 |   13765.85254 |      36.50000 |      37.00000 | 
     60.15412 |      60.44487 |       0.01662 |       0.00515 |       0.01637 |       1.00000 |       1.00000 |      37.04189 |      36.63476 |   13763.77637 |    9577.74609 |    4179.72900 |   13764.07227 |      36.50000 |      37.00000 | 
     60.11563 |      60.29181 |       0.01663 |       0.00515 |       0.01637 |       1.00000 |       1.00000 |      37.04189 |      36.63480 |   13761.98828 |    9572.35547 |    4183.33008 |   13762.28320 |      36.50000 |      37.00000 | 
     60.00791 |      59.37185 |       0.01666 |       0.00582 |       0.01549 |       1.00000 |       1.00000 |      37.04189 |      36.63484 |   13760.19434 |    9566.95996 |    4186.93262 |   13760.48926 |      36.50000 |      37.00000 | 
     60.49691 |     109.75744 |       0.01653 |       0.00582 |       0.01549 |       1.00000 |       1.00000 |      37.04189 |      36.63488 |   13758.41211 |    9561.60645 |    4190.50342 |   13758.70801 |      36.50000 |      37.00000 | 
     60.31212 |      60.21920 |       0.01658 |       0.00582 |       0.01549 |       1.00000 |       1.00000 |      37.04189 |      36.63492 |   13756.62109 |    9556.23242 |    4194.08789 |   13756.91699 |      36.50000 |      37.00000 | 
     60.21249 |      60.09615 |       0.01661 |       0.00582 |       0.01549 |       1.00000 |       1.00000 |      37.04189 |      36.63496 |   13754.83301 |    9550.87109 |    4197.66064 |   13755.12695 |      36.50000 |      37.00000 | 
     60.27913 |      63.03978 |       0.01659 |       0.00582 |       0.01549 |       1.00000 |       1.00000 |      37.04190 |      36.63500 |   13753.05273 |    9545.53711 |    4201.21387 |   13753.34668 |      36.50000 |      37.00000 | 
     60.10227 |      59.31902 |       0.01664 |       0.00582 |       0.01549 |       1.00000 |       1.00000 |      37.04190 |      36.63504 |   13751.25684 |    9540.16504 |    4204.78955 |   13751.55078 |      36.50000 |      37.00000 | 
     60.11150 |      59.94126 |       0.01664 |       0.00582 |       0.01549 |       1.00000 |       1.00000 |      37.04190 |      36.63508 |   13749.47363 |    9534.83594 |    4208.33594 |   13749.76660 |      36.50000 |      37.00000 | 
     60.01675 |      59.33662 |       0.01666 |       0.00582 |       0.01549 |       1.00000 |       1.00000 |      37.04190 |      36.63512 |   13747.67969 |    9529.47949 |    4211.89746 |   13747.97363 |      36.50000 |      37.00000 | 
     57.23865 |      59.12612 |       0.01747 |       0.00582 |       0.01549 |       1.00000 |       1.00000 |      37.04190 |      36.63517 |   13745.44434 |    9522.82422 |    4216.31787 |   13745.73828 |      36.50000 |      37.00000 | 
     58.21432 |      60.66121 |       0.01718 |       0.00582 |       0.01549 |       1.00000 |       1.00000 |      37.04190 |      36.63520 |   13743.66309 |    9517.52637 |    4219.83594 |   13743.95703 |      36.50000 |      37.00000 | 
     56.17775 |      59.96282 |       0.01780 |       0.00582 |       0.01549 |       1.00000 |       1.00000 |      37.04190 |      36.63525 |   13741.41602 |    9504.66895 |    4230.44434 |   13741.70898 |      36.50000 |      37.00000 | 
     57.43507 |      60.67593 |       0.01741 |       0.00582 |       0.01549 |       1.00000 |       1.00000 |      37.04190 |      36.63530 |   13739.62988 |    9497.99316 |    4235.33594 |   13739.92383 |      36.50000 |      37.00000 | 
     54.62138 |      33.97547 |       0.01831 |       0.00582 |       0.01549 |       1.00000 |       1.00000 |      37.04190 |      36.63533 |   13737.97559 |    9491.81445 |    4239.85986 |   13738.26953 |      36.50000 |      37.00000 | 
     56.37040 |      60.21194 |       0.01774 |       0.00582 |       0.01549 |       1.00000 |       1.00000 |      37.04190 |      36.63537 |   13736.19238 |    9485.15918 |    4244.73193 |   13736.48340 |      36.50000 |      37.00000 | 
     54.91586 |      59.93766 |       0.01821 |       0.00582 |       0.01549 |       1.00000 |       1.00000 |      37.04190 |      36.63542 |   13733.92773 |    9476.71680 |    4250.90967 |   13734.21875 |      36.50000 |      37.00000 | 
     56.63821 |      60.84946 |       0.01766 |       0.00582 |       0.01549 |       1.00000 |       1.00000 |      37.04190 |      36.63546 |   13732.15137 |    9470.10059 |    4255.74902 |   13732.44141 |      36.50000 |      37.00000 | 
     57.64376 |      60.33183 |       0.01735 |       0.00582 |       0.01549 |       1.00000 |       1.00000 |      37.04190 |      36.63550 |   13730.35254 |    9463.40430 |    4260.64746 |   13730.64355 |      36.50000 |      37.00000 | 
     58.38970 |      60.06006 |       0.01713 |       0.00582 |       0.01549 |       1.00000 |       1.00000 |      37.04190 |      36.63554 |   13728.56055 |    9456.74316 |    4265.51660 |   13728.85156 |      36.50000 |      37.00000 | 
     58.87254 |      59.99160 |       0.01699 |       0.00582 |       0.01549 |       1.00000 |       1.00000 |      37.04190 |      36.63558 |   13726.76562 |    9450.07227 |    4270.39307 |   13727.05664 |      36.50000 |      37.00000 | 
     62.34157 |      59.91253 |       0.01604 |       0.00497 |       0.01511 |       1.00000 |       1.00000 |      37.04190 |      36.63562 |   13724.68262 |    9442.34082 |    4276.04053 |   13724.97363 |      36.50000 |      37.00000 | 
     58.69569 |      60.46680 |       0.01704 |       0.00497 |       0.01511 |       1.00000 |       1.00000 |      37.04190 |      36.63567 |   13722.43359 |    9433.99805 |    4282.13330 |   13722.72363 |      36.50000 |      37.00000 | 
     63.06546 |     120.62726 |       0.01586 |       0.00497 |       0.01511 |       1.00000 |       1.00000 |      37.04190 |      36.63570 |   13720.94531 |    9428.48438 |    4286.15967 |   13721.23535 |      36.50000 |      37.00000 | 
     62.63572 |      60.23008 |       0.01597 |       0.00497 |       0.01511 |       1.00000 |       1.00000 |      37.04190 |      36.63576 |   13718.37891 |    9418.98145 |    4293.09619 |   13718.66895 |      36.50000 |      37.00000 | 
     61.70399 |      60.16123 |       0.01621 |       0.00497 |       0.01511 |       1.00000 |       1.00000 |      37.04190 |      36.63580 |   13716.58203 |    9412.33496 |    4297.94482 |   13716.87109 |      36.50000 |      37.00000 | 
     61.06893 |      59.67655 |       0.01637 |       0.00497 |       0.01511 |       1.00000 |       1.00000 |      37.04190 |      36.63584 |   13714.78516 |    9405.69629 |    4302.78809 |   13715.07422 |      36.50000 |      37.00000 | 
     60.71873 |      59.35423 |       0.01647 |       0.00497 |       0.01511 |       1.00000 |       1.00000 |      37.04190 |      36.63588 |   13712.99414 |    9399.08691 |    4307.60645 |   13713.28320 |      36.50000 |      37.00000 | 
     60.51834 |      60.13229 |       0.01652 |       0.00497 |       0.01511 |       1.00000 |       1.00000 |      37.04190 |      36.63592 |   13711.20508 |    9392.48438 |    4312.41943 |   13711.49414 |      36.50000 |      37.00000 | 
     60.33611 |      59.75143 |       0.01657 |       0.00497 |       0.01511 |       1.00000 |       1.00000 |      37.04190 |      36.63596 |   13709.41113 |    9385.86914 |    4317.24072 |   13709.70020 |      36.50000 |      37.00000 | 
     60.26849 |      59.93407 |       0.01659 |       0.00497 |       0.01511 |       1.00000 |       1.00000 |      37.04190 |      36.63600 |   13707.62305 |    9379.28418 |    4322.03711 |   13707.91113 |      36.50000 |      37.00000 | 
     60.12058 |      59.71932 |       0.01663 |       0.00497 |       0.01511 |       1.00000 |       1.00000 |      37.04190 |      36.63604 |   13705.82324 |    9372.67969 |    4326.84277 |   13706.11230 |      36.50000 |      37.00000 | 
     60.09261 |      60.14314 |       0.01664 |       0.00497 |       0.01511 |       1.00000 |       1.00000 |      37.04190 |      36.63608 |   13704.03027 |    9366.07129 |    4331.65723 |   13704.31934 |      36.50000 |      37.00000 | 
     60.07127 |      59.66587 |       0.01665 |       0.00497 |       0.01511 |       1.00000 |       1.00000 |      37.04190 |      36.63612 |   13702.23730 |    9359.47754 |    4336.45801 |   13702.52637 |      36.50000 |      37.00000 | 
     60.09973 |      60.50705 |       0.01664 |       0.00497 |       0.01511 |       1.00000 |       1.00000 |      37.04190 |      36.63616 |   13700.44727 |    9361.18848 |    4332.95752 |   13700.73633 |      36.50000 |      37.00000 | 
     59.97885 |      59.79788 |       0.01667 |       0.00497 |       0.01511 |       1.00000 |       1.00000 |      37.04190 |      36.63620 |   13698.64453 |    9359.07910 |    4333.26416 |   13698.93164 |      36.50000 |      37.00000 | 
     60.04364 |      59.94844 |       0.01665 |       0.00497 |       0.01511 |       1.00000 |       1.00000 |      37.04190 |      36.63624 |   13696.85547 |    9356.99023 |    4333.56348 |   13697.14258 |      36.50000 |      37.00000 | 
     60.03540 |      60.21557 |       0.01666 |       0.00497 |       0.01511 |       1.00000 |       1.00000 |      37.04190 |      36.63628 |   13695.05957 |    9354.89941 |    4333.85840 |   13695.34668 |      36.50000 |      37.00000 | 
     59.86474 |      58.98661 |       0.01670 |       0.00497 |       0.01511 |       1.00000 |       1.00000 |      37.04190 |      36.63631 |   13693.25098 |    9346.81641 |    4340.13379 |   13693.53809 |      36.50000 |      37.00000 | 
     60.00968 |      59.44950 |       0.01666 |       0.00497 |       0.01511 |       1.00000 |       1.00000 |      37.04190 |      36.63636 |   13691.46680 |    9343.77734 |    4341.38672 |   13691.75391 |      36.50000 |      37.00000 | 
     60.04541 |      60.76811 |       0.01665 |       0.00497 |       0.01511 |       1.00000 |       1.00000 |      37.04190 |      36.63639 |   13689.67285 |    9340.73438 |    4342.63672 |   13689.95996 |      36.50000 |      37.00000 | 
     59.99453 |      59.67655 |       0.01667 |       0.00478 |       0.01568 |       1.00000 |       1.00000 |      37.04190 |      36.63643 |   13687.87305 |    9337.67969 |    4343.89111 |   13688.16016 |      36.50000 |      37.00000 | 
     60.04525 |      60.74596 |       0.01665 |       0.00478 |       0.01568 |       1.00000 |       1.00000 |      37.04190 |      36.63647 |   13686.08008 |    9334.64258 |    4345.13623 |   13686.36719 |      36.50000 |      37.00000 | 
     60.02599 |      61.03888 |       0.01666 |       0.00478 |       0.01568 |       1.00000 |       1.00000 |      37.04190 |      36.63651 |   13684.28027 |    9331.59668 |    4346.38232 |   13684.56738 |      36.50000 |      37.00000 | 
     59.99621 |      60.00960 |       0.01667 |       0.00478 |       0.01568 |       1.00000 |       1.00000 |      37.04190 |      36.63655 |   13682.48145 |    9328.55762 |    4347.62256 |   13682.76855 |      36.50000 |      37.00000 | 
     59.94635 |      59.76215 |       0.01668 |       0.00478 |       0.01568 |       1.00000 |       1.00000 |      37.04190 |      36.63659 |   13680.67871 |    9325.51758 |    4348.86084 |   13680.96387 |      36.50000 |      37.00000 | 
     60.00521 |      60.37189 |       0.01667 |       0.00478 |       0.01568 |       1.00000 |       1.00000 |      37.04190 |      36.63663 |   13678.88477 |    9322.49023 |    4350.09326 |   13679.16992 |      36.50000 |      37.00000 | 
     60.93584 |     126.53423 |       0.01641 |       0.00478 |       0.01568 |       1.00000 |       1.00000 |      37.04190 |      36.63668 |   13676.93359 |    9319.20898 |    4351.42383 |   13677.21875 |      36.50000 |      37.00000 | 
     57.74728 |      58.93099 |       0.01732 |       0.00478 |       0.01568 |       1.00000 |       1.00000 |      37.04189 |      36.63673 |   13674.67969 |    9317.79004 |    4350.58887 |   13674.96484 |      36.50000 |      37.00000 | 
     58.51078 |      59.64452 |       0.01709 |       0.00478 |       0.01568 |       1.00000 |       1.00000 |      37.04189 |      36.63676 |   13672.88281 |    9315.58105 |    4351.00000 |   13673.16895 |      36.50000 |      37.00000 | 
     58.77261 |      58.97965 |       0.01701 |       0.00478 |       0.01568 |       1.00000 |       1.00000 |      37.04189 |      36.63679 |   13671.67773 |    9314.10156 |    4351.27490 |   13671.96289 |      36.50000 |      37.00000 | 
     53.37422 |      39.46953 |       0.01874 |       0.00478 |       0.01568 |       1.00000 |       1.00000 |      37.04189 |      36.63685 |   13669.12891 |    9310.98047 |    4351.84766 |   13669.41504 |      36.50000 |      37.00000 | 
     55.36900 |      59.42124 |       0.01806 |       0.00478 |       0.01568 |       1.00000 |       1.00000 |      37.04189 |      36.63689 |   13667.32812 |    9308.78027 |    4352.24658 |   13667.61426 |      36.50000 |      37.00000 | 
     56.89781 |      60.12506 |       0.01758 |       0.00478 |       0.01568 |       1.00000 |       1.00000 |      37.04189 |      36.63692 |   13665.53516 |    9306.58984 |    4352.64307 |   13665.82031 |      36.50000 |      37.00000 | 
     54.27745 |      33.49635 |       0.01842 |       0.00478 |       0.01568 |       1.00000 |       1.00000 |      37.04189 |      36.63696 |   13663.86328 |    9304.55273 |    4353.00928 |   13664.14941 |      36.50000 |      37.00000 | 
     56.12660 |      60.22282 |       0.01782 |       0.00478 |       0.01568 |       1.00000 |       1.00000 |      37.04189 |      36.63700 |   13662.07227 |    9302.37402 |    4353.39697 |   13662.35742 |      36.50000 |      37.00000 | 
     57.42386 |      60.79027 |       0.01741 |       0.00478 |       0.01568 |       1.00000 |       1.00000 |      37.04189 |      36.63704 |   13660.27734 |    9300.19043 |    4353.78564 |   13660.56250 |      36.50000 |      37.00000 | 
     58.21701 |      60.25548 |       0.01718 |       0.00478 |       0.01568 |       1.00000 |       1.00000 |      37.04189 |      36.63708 |   13658.47070 |    9297.99805 |    4354.17188 |   13658.75488 |      36.50000 |      37.00000 | 
     58.74069 |      59.65163 |       0.01702 |       0.00478 |       0.01568 |       1.00000 |       1.00000 |      37.04189 |      36.63712 |   13656.66504 |    9295.80859 |    4354.55469 |   13656.94824 |      36.50000 |      37.00000 | 
     59.15833 |      59.85515 |       0.01690 |       0.00478 |       0.01568 |       1.00000 |       1.00000 |      37.04189 |      36.63716 |   13654.86426 |    9293.63184 |    4354.93115 |   13655.14746 |      36.50000 |      37.00000 | 
     59.47149 |      60.39742 |       0.01681 |       0.00478 |       0.01568 |       1.00000 |       1.00000 |      37.04189 |      36.63720 |   13653.06445 |    9290.91699 |    4355.84619 |   13653.34863 |      36.50000 |      37.00000 | 
     59.58721 |      59.71219 |       0.01678 |       0.00475 |       0.01550 |       1.00000 |       1.00000 |      37.04188 |      36.63724 |   13651.25684 |    9288.61914 |    4356.33594 |   13651.54102 |      36.50000 |      37.00000 | 
     59.78712 |      60.35732 |       0.01673 |       0.00475 |       0.01550 |       1.00000 |       1.00000 |      37.04188 |      36.63728 |   13649.45996 |    9286.34082 |    4356.81738 |   13649.74414 |      36.50000 |      37.00000 | 
     59.83859 |      60.72752 |       0.01671 |       0.00475 |       0.01550 |       1.00000 |       1.00000 |      37.04188 |      36.63732 |   13647.65430 |    9284.05176 |    4357.30127 |   13647.93848 |      36.50000 |      37.00000 | 
     59.92091 |      60.25911 |       0.01669 |       0.00475 |       0.01550 |       1.00000 |       1.00000 |      37.04188 |      36.63734 |   13646.45605 |    9282.53516 |    4357.61914 |   13646.73926 |      36.50000 |      37.00000 | 
     60.33806 |      60.94960 |       0.01657 |       0.00475 |       0.01550 |       1.00000 |       1.00000 |      37.04188 |      36.63740 |   13643.88574 |    9279.28906 |    4358.29443 |   13644.16895 |      36.50000 |      37.00000 | 
     60.65662 |      59.79431 |       0.01649 |       0.00475 |       0.01550 |       1.00000 |       1.00000 |      37.04188 |      36.63744 |   13641.91797 |    9276.80762 |    4358.80908 |   13642.20117 |      36.50000 |      37.00000 | 
     57.13713 |      39.50383 |       0.01750 |       0.00475 |       0.01550 |       1.00000 |       1.00000 |      37.04187 |      36.63749 |   13639.63965 |    9273.94043 |    4359.39795 |   13639.92383 |      36.50000 |      37.00000 | 
     61.44068 |     121.05072 |       0.01628 |       0.00475 |       0.01550 |       1.00000 |       1.00000 |      37.04187 |      36.63753 |   13638.14355 |    9272.06152 |    4359.78125 |   13638.42773 |      36.50000 |      37.00000 | 
     57.29270 |      34.07968 |       0.01745 |       0.00475 |       0.01550 |       1.00000 |       1.00000 |      37.04187 |      36.63758 |   13635.87891 |    9269.21582 |    4360.36084 |   13636.15918 |      36.50000 |      37.00000 | 
     61.10670 |      59.55926 |       0.01636 |       0.00475 |       0.01550 |       1.00000 |       1.00000 |      37.04187 |      36.63760 |   13634.97461 |    9268.08203 |    4360.59180 |   13635.25488 |      36.50000 |      37.00000 | 
     61.71297 |     121.84721 |       0.01620 |       0.00475 |       0.01550 |       1.00000 |       1.00000 |      37.04187 |      36.63764 |   13633.02148 |    9265.63770 |    4361.08350 |   13633.30273 |      36.50000 |      37.00000 | 
     62.30384 |     119.94722 |       0.01605 |       0.00475 |       0.01550 |       1.00000 |       1.00000 |      37.04187 |      36.63770 |   13630.44434 |    9262.41406 |    4361.72949 |   13630.72461 |      36.50000 |      37.00000 | 
     57.94454 |      33.82721 |       0.01726 |       0.00475 |       0.01550 |       1.00000 |       1.00000 |      37.04187 |      36.63773 |   13628.77246 |    9263.13965 |    4359.33105 |   13629.05371 |      36.50000 |      37.00000 | 
     58.59555 |      59.98800 |       0.01707 |       0.00475 |       0.01550 |       1.00000 |       1.00000 |      37.04187 |      36.63777 |   13626.96582 |    9259.23242 |    4361.43115 |   13627.24609 |      36.50000 |      37.00000 | 
     59.04068 |      59.36832 |       0.01694 |       0.00475 |       0.01550 |       1.00000 |       1.00000 |      37.04187 |      36.63781 |   13625.15820 |    9255.33203 |    4363.52490 |   13625.43945 |      36.50000 |      37.00000 | 
     59.38175 |      60.08893 |       0.01684 |       0.00475 |       0.01550 |       1.00000 |       1.00000 |      37.04186 |      36.63785 |   13623.35449 |    9251.44531 |    4365.60791 |   13623.63477 |      36.50000 |      37.00000 | 
     59.57396 |      59.96642 |       0.01679 |       0.00475 |       0.01550 |       1.00000 |       1.00000 |      37.04186 |      36.63789 |   13621.54590 |    9247.54785 |    4367.69727 |   13621.82617 |      36.50000 |      37.00000 | 
     59.81158 |      60.81615 |       0.01672 |       0.00475 |       0.01550 |       1.00000 |       1.00000 |      37.04186 |      36.63793 |   13619.74609 |    9243.67578 |    4369.76758 |   13620.02637 |      36.50000 |      37.00000 | 
     59.67959 |      59.69793 |       0.01676 |       0.00475 |       0.01550 |       1.00000 |       1.00000 |      37.04186 |      36.63797 |   13617.91797 |    9234.02344 |    4377.59424 |   13618.19922 |      36.50000 |      37.00000 | 
     59.77958 |      59.73716 |       0.01673 |       0.00475 |       0.01550 |       1.00000 |       1.00000 |      37.04186 |      36.63801 |   13616.11133 |    9227.37988 |    4382.42920 |   13616.38965 |      36.50000 |      37.00000 | 
     59.90205 |      60.00240 |       0.01669 |       0.00475 |       0.01550 |       1.00000 |       1.00000 |      37.04185 |      36.63805 |   13614.30664 |    9220.75684 |    4387.24854 |   13614.58594 |      36.50000 |      37.00000 | 
     59.91478 |      60.21194 |       0.01669 |       0.00456 |       0.01560 |       1.00000 |       1.00000 |      37.04185 |      36.63809 |   13612.49414 |    9214.10547 |    4392.08789 |   13612.77344 |      36.50000 |      37.00000 | 
     59.96814 |      59.94844 |       0.01668 |       0.00456 |       0.01560 |       1.00000 |       1.00000 |      37.04185 |      36.63813 |   13610.68750 |    9207.47656 |    4396.91016 |   13610.96582 |      36.50000 |      37.00000 | 
     56.79443 |      39.81367 |       0.01761 |       0.00456 |       0.01560 |       1.00000 |       1.00000 |      37.04185 |      36.63818 |   13608.41211 |    9199.13281 |    4402.97705 |   13608.69141 |      36.50000 |      37.00000 | 
     57.83205 |      59.43890 |       0.01729 |       0.00456 |       0.01560 |       1.00000 |       1.00000 |      37.04185 |      36.63822 |   13606.60449 |    9192.51074 |    4407.79297 |   13606.88281 |      36.50000 |      37.00000 | 
     58.55887 |      59.39301 |       0.01708 |       0.00456 |       0.01560 |       1.00000 |       1.00000 |      37.04185 |      36.63826 |   13604.79590 |    9185.89160 |    4412.60254 |   13605.07520 |      36.50000 |      37.00000 | 
     59.08567 |      60.16485 |       0.01692 |       0.00456 |       0.01560 |       1.00000 |       1.00000 |      37.04185 |      36.63830 |   13602.99121 |    9179.29297 |    4417.39795 |   13603.27051 |      36.50000 |      37.00000 | 
     55.91603 |      54.64182 |       0.01788 |       0.00456 |       0.01560 |       1.00000 |       1.00000 |      37.04184 |      36.63835 |   13600.63965 |    9167.38477 |    4426.95459 |   13600.91895 |      36.50000 |      37.00000 | 
     57.86918 |      61.19202 |       0.01728 |       0.00456 |       0.01560 |       1.00000 |       1.00000 |      37.04184 |      36.63839 |   13598.90137 |    9160.63574 |    4431.96533 |   13599.18066 |      36.50000 |      37.00000 | 
     56.17568 |      85.52126 |       0.01780 |       0.00456 |       0.01560 |       1.00000 |       1.00000 |      37.04184 |      36.63844 |   13596.61719 |    9151.76953 |    4438.54639 |   13596.89453 |      36.50000 |      37.00000 | 
     52.55563 |      43.90008 |       0.01903 |       0.00456 |       0.01560 |       1.00000 |       1.00000 |      37.04184 |      36.63849 |   13594.26758 |    9142.66016 |    4445.30615 |   13594.54492 |      36.50000 |      37.00000 | 
     53.52273 |      33.38787 |       0.01868 |       0.00456 |       0.01560 |       1.00000 |       1.00000 |      37.04184 |      36.63853 |   13592.21289 |    9134.69336 |    4451.21680 |   13592.49023 |      36.50000 |      37.00000 | 
     52.49268 |      34.55903 |       0.01905 |       0.00456 |       0.01560 |       1.00000 |       1.00000 |      37.04183 |      36.63858 |   13589.95215 |    9125.93750 |    4457.71289 |   13590.22949 |      36.50000 |      37.00000 | 
     54.68586 |      59.94844 |       0.01829 |       0.00456 |       0.01560 |       1.00000 |       1.00000 |      37.04183 |      36.63862 |   13588.13184 |    9118.89648 |    4462.93408 |   13588.40918 |      36.50000 |      37.00000 | 
     56.52833 |      61.09482 |       0.01769 |       0.00456 |       0.01560 |       1.00000 |       1.00000 |      37.04183 |      36.63866 |   13586.33789 |    9118.18066 |    4461.85596 |   13586.61523 |      36.50000 |      37.00000 | 
     54.18564 |      33.34222 |       0.01846 |       0.00456 |       0.01560 |       1.00000 |       1.00000 |      37.04183 |      36.63871 |   13584.04004 |    9111.98438 |    4465.75488 |   13584.31738 |      36.50000 |      37.00000 | 
     55.29045 |      44.83903 |       0.01809 |       0.00456 |       0.01560 |       1.00000 |       1.00000 |      37.04183 |      36.63874 |   13582.84375 |    9108.75586 |    4467.78662 |   13583.12109 |      36.50000 |      37.00000 | 
     51.10655 |      22.85923 |       0.01957 |       0.00456 |       0.01560 |       1.00000 |       1.00000 |      37.04182 |      36.63880 |   13580.04590 |    9101.22559 |    4472.52051 |   13580.32324 |      36.50000 |      37.00000 | 
     58.80230 |      60.19020 |       0.01701 |       0.00456 |       0.01560 |       1.00000 |       1.00000 |      37.04182 |      36.63883 |   13578.80273 |    9097.87598 |    4474.62695 |   13579.08008 |      36.50000 |      37.00000 | 
     63.09585 |     122.07031 |       0.01585 |       0.00456 |       0.01560 |       1.00000 |       1.00000 |      37.04182 |      36.63886 |   13577.29102 |    9093.80859 |    4477.18115 |   13577.56641 |      36.50000 |      37.00000 | 
     62.45065 |      59.61963 |       0.01601 |       0.00523 |       0.01487 |       1.00000 |       1.00000 |      37.04182 |      36.63890 |   13575.31250 |    9088.48633 |    4480.52490 |   13575.58789 |      36.50000 |      37.00000 | 
     61.64694 |      60.08532 |       0.01622 |       0.00523 |       0.01487 |       1.00000 |       1.00000 |      37.04182 |      36.63894 |   13573.50000 |    9083.62012 |    4483.57910 |   13573.77539 |      36.50000 |      37.00000 | 
     60.99239 |      59.40006 |       0.01640 |       0.00523 |       0.01487 |       1.00000 |       1.00000 |      37.04181 |      36.63898 |   13571.67676 |    9078.72168 |    4486.65332 |   13571.95215 |      36.50000 |      37.00000 | 
     60.56907 |      59.09816 |       0.01651 |       0.00523 |       0.01487 |       1.00000 |       1.00000 |      37.04181 |      36.63902 |   13569.85449 |    9073.83398 |    4489.71826 |   13570.12988 |      36.50000 |      37.00000 | 
     60.42346 |      59.88741 |       0.01655 |       0.00523 |       0.01487 |       1.00000 |       1.00000 |      37.04181 |      36.63906 |   13568.04395 |    9068.97949 |    4492.76270 |   13568.31934 |      36.50000 |      37.00000 | 
     60.15736 |      59.41064 |       0.01662 |       0.00523 |       0.01487 |       1.00000 |       1.00000 |      37.04181 |      36.63910 |   13566.21777 |    9064.08691 |    4495.82910 |   13566.49316 |      36.50000 |      37.00000 | 
     60.09953 |      60.24459 |       0.01664 |       0.00523 |       0.01487 |       1.00000 |       1.00000 |      37.04181 |      36.63914 |   13564.40039 |    9059.22168 |    4498.87695 |   13564.67676 |      36.50000 |      37.00000 | 
     60.14150 |      60.09254 |       0.01663 |       0.00523 |       0.01487 |       1.00000 |       1.00000 |      37.04181 |      36.63918 |   13562.59180 |    9054.38574 |    4501.90527 |   13562.86719 |      36.50000 |      37.00000 | 
     60.19020 |      60.37189 |       0.01661 |       0.00523 |       0.01487 |       1.00000 |       1.00000 |      37.04180 |      36.63922 |   13560.78418 |    9049.54590 |    4504.93652 |   13561.05957 |      36.50000 |      37.00000 | 
     64.25194 |     124.08488 |       0.01556 |       0.00523 |       0.01487 |       1.00000 |       1.00000 |      37.04180 |      36.63927 |   13558.67285 |    9040.45117 |    4511.92041 |   13558.94824 |      36.50000 |      37.00000 | 
     62.70375 |      59.62318 |       0.01595 |       0.00523 |       0.01487 |       1.00000 |       1.00000 |      37.04180 |      36.63931 |   13556.84961 |    9036.06836 |    4514.48096 |   13557.12500 |      36.50000 |      37.00000 | 
     61.80370 |      59.72289 |       0.01618 |       0.00523 |       0.01487 |       1.00000 |       1.00000 |      37.04179 |      36.63935 |   13555.03516 |    9031.70020 |    4517.03369 |   13555.30859 |      36.50000 |      37.00000 | 
     61.15465 |      59.81577 |       0.01635 |       0.00523 |       0.01487 |       1.00000 |       1.00000 |      37.04179 |      36.63939 |   13553.21484 |    9027.32812 |    4519.58447 |   13553.48828 |      36.50000 |      37.00000 | 
     60.82812 |      60.37918 |       0.01644 |       0.00523 |       0.01487 |       1.00000 |       1.00000 |      37.04179 |      36.63943 |   13551.40234 |    9022.97266 |    4522.12744 |   13551.67676 |      36.50000 |      37.00000 | 
     60.44671 |      59.42477 |       0.01654 |       0.00523 |       0.01487 |       1.00000 |       1.00000 |      37.04179 |      36.63947 |   13549.57422 |    9018.04199 |    4525.23047 |   13549.84863 |      36.50000 |      37.00000 | 
     60.30719 |      59.60186 |       0.01658 |       0.00523 |       0.01487 |       1.00000 |       1.00000 |      37.04179 |      36.63951 |   13547.75879 |    9012.82715 |    4528.63037 |   13548.03320 |      36.50000 |      37.00000 | 
     60.24859 |      60.15400 |       0.01660 |       0.00523 |       0.01487 |       1.00000 |       1.00000 |      37.04179 |      36.63955 |   13545.94434 |    9012.75781 |    4526.88428 |   13546.21875 |      36.50000 |      37.00000 | 
     60.04602 |      58.37712 |       0.01665 |       0.00523 |       0.01487 |       1.00000 |       1.00000 |      37.04178 |      36.63958 |   13544.11621 |    9008.83301 |    4528.98145 |   13544.39062 |      36.50000 |      37.00000 | 
     59.98172 |      60.16123 |       0.01667 |       0.00523 |       0.01487 |       1.00000 |       1.00000 |      37.04178 |      36.63963 |   13542.29492 |    9004.92285 |    4531.07080 |   13542.56836 |      36.50000 |      37.00000 | 
     59.93324 |      59.47071 |       0.01669 |       0.00523 |       0.01487 |       1.00000 |       1.00000 |      37.04178 |      36.63966 |   13540.47266 |    9001.01270 |    4533.16016 |   13540.74707 |      36.50000 |      37.00000 | 
     60.10451 |      59.83008 |       0.01664 |       0.00450 |       0.01543 |       1.00000 |       1.00000 |      37.04177 |      36.63971 |   13538.66895 |    8997.15039 |    4535.21875 |   13538.94238 |      36.50000 |      37.00000 | 
     60.08706 |      59.88383 |       0.01664 |       0.00450 |       0.01543 |       1.00000 |       1.00000 |      37.04177 |      36.63974 |   13536.85254 |    8993.25684 |    4537.29395 |   13537.12305 |      36.50000 |      37.00000 | 
     64.17558 |     120.77295 |       0.01558 |       0.00450 |       0.01543 |       1.00000 |       1.00000 |      37.04177 |      36.63978 |   13535.34570 |    8990.02930 |    4539.01416 |   13535.61621 |      36.50000 |      37.00000 | 
     59.10320 |      39.24031 |       0.01692 |       0.00450 |       0.01543 |       1.00000 |       1.00000 |      37.04177 |      36.63983 |   13533.03906 |    8985.09961 |    4541.63770 |   13533.30957 |      36.50000 |      37.00000 | 
     62.73062 |      59.08070 |       0.01594 |       0.00450 |       0.01543 |       1.00000 |       1.00000 |      37.04177 |      36.63985 |   13532.13379 |    8983.16016 |    4542.67236 |   13532.40430 |      36.50000 |      37.00000 | 
     62.31976 |      59.85515 |       0.01605 |       0.00450 |       0.01543 |       1.00000 |       1.00000 |      37.04176 |      36.63988 |   13530.32227 |    8979.29395 |    4544.72803 |   13530.59375 |      36.50000 |      37.00000 | 
     58.59862 |      59.36480 |       0.01707 |       0.00450 |       0.01543 |       1.00000 |       1.00000 |      37.04176 |      36.63993 |   13528.03711 |    8974.41309 |    4547.32275 |   13528.30762 |      36.50000 |      37.00000 | 
     58.95995 |      59.21715 |       0.01696 |       0.00450 |       0.01543 |       1.00000 |       1.00000 |      37.04176 |      36.63998 |   13526.20996 |    8970.51465 |    4549.39502 |   13526.48145 |      36.50000 |      37.00000 | 
     55.91536 |      33.34556 |       0.01788 |       0.00450 |       0.01543 |       1.00000 |       1.00000 |      37.04176 |      36.64003 |   13523.92480 |    8965.64160 |    4551.98193 |   13524.19531 |      36.50000 |      37.00000 | 
     57.24712 |      61.49305 |       0.01747 |       0.00450 |       0.01543 |       1.00000 |       1.00000 |      37.04176 |      36.64006 |   13522.10645 |    8961.76367 |    4554.04150 |   13522.37695 |      36.50000 |      37.00000 | 
     58.17286 |      60.60606 |       0.01719 |       0.00450 |       0.01543 |       1.00000 |       1.00000 |      37.04175 |      36.64011 |   13520.29004 |    8957.89648 |    4556.09229 |   13520.56055 |      36.50000 |      37.00000 | 
     55.20206 |      34.00666 |       0.01812 |       0.00450 |       0.01543 |       1.00000 |       1.00000 |      37.04175 |      36.64014 |   13518.61328 |    8958.04199 |    4554.26953 |   13518.88379 |      36.50000 |      37.00000 | 
     53.52211 |      40.01120 |       0.01868 |       0.00450 |       0.01543 |       1.00000 |       1.00000 |      37.04175 |      36.64019 |   13516.48535 |    8953.68359 |    4556.50049 |   13516.75586 |      36.50000 |      37.00000 | 
     55.06413 |      33.38341 |       0.01816 |       0.00450 |       0.01543 |       1.00000 |       1.00000 |      37.04174 |      36.64023 |   13514.49316 |    8949.59863 |    4558.59229 |   13514.76367 |      36.50000 |      37.00000 | 
     55.79226 |      39.77408 |       0.01792 |       0.00450 |       0.01543 |       1.00000 |       1.00000 |      37.04174 |      36.64026 |   13513.28613 |    8947.13477 |    4559.85059 |   13513.55566 |      36.50000 |      37.00000 | 
     56.60939 |      33.41687 |       0.01766 |       0.00450 |       0.01543 |       1.00000 |       1.00000 |      37.04174 |      36.64030 |   13511.29199 |    8943.05176 |    4561.93799 |   13511.56055 |      36.50000 |      37.00000 | 
     60.56145 |      60.04203 |       0.01651 |       0.00450 |       0.01543 |       1.00000 |       1.00000 |      37.04174 |      36.64034 |   13509.78516 |    8939.96777 |    4563.51514 |   13510.05371 |      36.50000 |      37.00000 | 
     60.35286 |      59.47778 |       0.01657 |       0.00450 |       0.01543 |       1.00000 |       1.00000 |      37.04173 |      36.64037 |   13507.96289 |    8936.24805 |    4565.41309 |   13508.23145 |      36.50000 |      37.00000 | 
     60.18759 |      59.02839 |       0.01661 |       0.00450 |       0.01543 |       1.00000 |       1.00000 |      37.04173 |      36.64042 |   13506.13867 |    8932.52930 |    4567.30811 |   13506.40820 |      36.50000 |      37.00000 | 
     60.20037 |      60.15761 |       0.01661 |       0.00450 |       0.01543 |       1.00000 |       1.00000 |      37.04173 |      36.64045 |   13504.32617 |    8927.77051 |    4570.25488 |   13504.59570 |      36.50000 |      37.00000 | 
     60.16211 |      60.31727 |       0.01662 |       0.00450 |       0.01543 |       1.00000 |       1.00000 |      37.04173 |      36.64049 |   13502.50781 |    8923.84082 |    4572.36621 |   13502.77637 |      36.50000 |      37.00000 | 
     59.99749 |      59.93766 |       0.01667 |       0.00404 |       0.01573 |       1.00000 |       1.00000 |      37.04173 |      36.64053 |   13500.67773 |    8918.70703 |    4575.66895 |   13500.94629 |      36.50000 |      37.00000 | 
     60.06834 |      60.15400 |       0.01665 |       0.00404 |       0.01573 |       1.00000 |       1.00000 |      37.04172 |      36.64057 |   13498.86133 |    8916.24121 |    4576.31934 |   13499.13086 |      36.50000 |      37.00000 | 
     60.13552 |      61.18079 |       0.01663 |       0.00404 |       0.01573 |       1.00000 |       1.00000 |      37.04172 |      36.64061 |   13497.04688 |    8913.77246 |    4576.97363 |   13497.31641 |      36.50000 |      37.00000 | 
     60.12200 |      60.59137 |       0.01663 |       0.00404 |       0.01573 |       1.00000 |       1.00000 |      37.04172 |      36.64065 |   13495.22949 |    8911.30859 |    4577.61963 |   13495.49805 |      36.50000 |      37.00000 | 
     57.24353 |      59.61252 |       0.01747 |       0.00404 |       0.01573 |       1.00000 |       1.00000 |      37.04171 |      36.64070 |   13492.92969 |    8908.19043 |    4578.43750 |   13493.19727 |      36.50000 |      37.00000 | 
     58.03468 |      58.54458 |       0.01723 |       0.00404 |       0.01573 |       1.00000 |       1.00000 |      37.04171 |      36.64074 |   13491.10254 |    8905.71680 |    4579.08398 |   13491.37012 |      36.50000 |      37.00000 | 
     58.84395 |      60.65017 |       0.01699 |       0.00404 |       0.01573 |       1.00000 |       1.00000 |      37.04171 |      36.64078 |   13489.29883 |    8903.27637 |    4579.72168 |   13489.56641 |      36.50000 |      37.00000 | 
     59.00963 |      59.10165 |       0.01695 |       0.00404 |       0.01573 |       1.00000 |       1.00000 |      37.04171 |      36.64082 |   13487.45996 |    8900.78223 |    4580.37549 |   13487.72656 |      36.50000 |      37.00000 | 
     59.32217 |      59.92689 |       0.01686 |       0.00404 |       0.01573 |       1.00000 |       1.00000 |      37.04170 |      36.64086 |   13485.63867 |    8898.32227 |    4581.01318 |   13485.90527 |      36.50000 |      37.00000 | 
     57.01900 |      49.99500 |       0.01754 |       0.00404 |       0.01573 |       1.00000 |       1.00000 |      37.04170 |      36.64091 |   13483.58496 |    8895.54980 |    4581.73438 |   13483.85254 |      36.50000 |      37.00000 | 
     60.23042 |      60.60239 |       0.01660 |       0.00404 |       0.01573 |       1.00000 |       1.00000 |      37.04170 |      36.64094 |   13482.00879 |    8893.42188 |    4582.28613 |   13482.27637 |      36.50000 |      37.00000 | 
     60.00827 |      59.42124 |       0.01666 |       0.00404 |       0.01573 |       1.00000 |       1.00000 |      37.04169 |      36.64098 |   13480.17578 |    8890.95410 |    4582.92041 |   13480.44238 |      36.50000 |      37.00000 | 
     60.08598 |      59.86948 |       0.01664 |       0.00404 |       0.01573 |       1.00000 |       1.00000 |      37.04169 |      36.64102 |   13478.36426 |    8888.51074 |    4583.55225 |   13478.63184 |      36.50000 |      37.00000 | 
     60.10603 |      59.52027 |       0.01664 |       0.00404 |       0.01573 |       1.00000 |       1.00000 |      37.04169 |      36.64106 |   13476.54980 |    8886.06738 |    4584.18115 |   13476.81738 |      36.50000 |      37.00000 | 
     60.16653 |      60.23734 |       0.01662 |       0.00404 |       0.01573 |       1.00000 |       1.00000 |      37.04169 |      36.64110 |   13474.73828 |    8883.62793 |    4584.80859 |   13475.00488 |      36.50000 |      37.00000 | 
     60.90940 |     120.71463 |       0.01642 |       0.00404 |       0.01573 |       1.00000 |       1.00000 |      37.04168 |      36.64114 |   13472.72656 |    8880.92383 |    4585.50098 |   13472.99219 |      36.50000 |      37.00000 | 
     57.77025 |      60.18658 |       0.01731 |       0.00404 |       0.01573 |       1.00000 |       1.00000 |      37.04168 |      36.64119 |   13470.42578 |    8876.70117 |    4587.42383 |   13470.69141 |      36.50000 |      37.00000 | 
     58.46018 |      59.88383 |       0.01711 |       0.00404 |       0.01573 |       1.00000 |       1.00000 |      37.04168 |      36.64123 |   13468.60352 |    8873.66797 |    4588.63232 |   13468.86914 |      36.50000 |      37.00000 | 
     58.84318 |      59.59831 |       0.01699 |       0.00404 |       0.01573 |       1.00000 |       1.00000 |      37.04168 |      36.64127 |   13466.77148 |    8870.62012 |    4589.85059 |   13467.03711 |      36.50000 |      37.00000 | 
     59.37361 |      61.10602 |       0.01684 |       0.00404 |       0.01573 |       1.00000 |       1.00000 |      37.04167 |      36.64131 |   13464.96484 |    8867.61816 |    4591.04492 |   13465.23047 |      36.50000 |      37.00000 | 
     59.52674 |      59.69793 |       0.01680 |       0.00498 |       0.01556 |       1.00000 |       1.00000 |      37.04167 |      36.64135 |   13463.13965 |    8864.58691 |    4592.25146 |   13463.40527 |      36.50000 |      37.00000 | 
     59.73126 |      59.60186 |       0.01674 |       0.00498 |       0.01556 |       1.00000 |       1.00000 |      37.04166 |      36.64139 |   13461.32324 |    8861.57227 |    4593.44971 |   13461.58887 |      36.50000 |      37.00000 | 
     59.90646 |      60.02041 |       0.01669 |       0.00498 |       0.01556 |       1.00000 |       1.00000 |      37.04166 |      36.64143 |   13459.51172 |    8858.56641 |    4594.64355 |   13459.77734 |      36.50000 |      37.00000 | 
     59.86167 |      60.12506 |       0.01671 |       0.00498 |       0.01556 |       1.00000 |       1.00000 |      37.04166 |      36.64147 |   13457.68359 |    8855.53418 |    4595.84814 |   13457.94922 |      36.50000 |      37.00000 | 
     59.97765 |      60.02401 |       0.01667 |       0.00498 |       0.01556 |       1.00000 |       1.00000 |      37.04166 |      36.64151 |   13455.87012 |    8852.52344 |    4597.04443 |   13456.13574 |      36.50000 |      37.00000 | 
     56.40680 |      33.69386 |       0.01773 |       0.00498 |       0.01556 |       1.00000 |       1.00000 |      37.04165 |      36.64155 |   13454.18457 |    8849.73438 |    4598.14941 |   13454.44922 |      36.50000 |      37.00000 | 
     57.66447 |      61.55361 |       0.01734 |       0.00498 |       0.01556 |       1.00000 |       1.00000 |      37.04165 |      36.64159 |   13452.37305 |    8846.73242 |    4599.33887 |   13452.63672 |      36.50000 |      37.00000 | 
     54.67705 |      32.74823 |       0.01829 |       0.00498 |       0.01556 |       1.00000 |       1.00000 |      37.04165 |      36.64162 |   13450.65723 |    8843.89453 |    4600.46143 |   13450.92090 |      36.50000 |      37.00000 | 
     53.32884 |      33.77123 |       0.01875 |       0.00498 |       0.01556 |       1.00000 |       1.00000 |      37.04165 |      36.64167 |   13448.38281 |    8840.12988 |    4601.95068 |   13448.64648 |      36.50000 |      37.00000 | 
     55.31964 |      60.54368 |       0.01808 |       0.00498 |       0.01556 |       1.00000 |       1.00000 |      37.04164 |      36.64171 |   13446.55664 |    8837.10547 |    4603.14893 |   13446.82031 |      36.50000 |      37.00000 | 
     56.88299 |      60.36825 |       0.01758 |       0.00498 |       0.01556 |       1.00000 |       1.00000 |      37.04164 |      36.64175 |   13444.74707 |    8834.12012 |    4604.32520 |   13445.01074 |      36.50000 |      37.00000 | 
     55.31633 |      60.51804 |       0.01808 |       0.00498 |       0.01556 |       1.00000 |       1.00000 |      37.04163 |      36.64180 |   13442.44336 |    8830.31055 |    4605.83105 |   13442.70703 |      36.50000 |      37.00000 | 
     54.33856 |      61.18453 |       0.01840 |       0.00498 |       0.01556 |       1.00000 |       1.00000 |      37.04163 |      36.64185 |   13440.15918 |    8826.54492 |    4607.31348 |   13440.42285 |      36.50000 |      37.00000 | 
     55.98752 |      59.56990 |       0.01786 |       0.00498 |       0.01556 |       1.00000 |       1.00000 |      37.04163 |      36.64190 |   13438.32910 |    8823.52539 |    4608.50342 |   13438.59277 |      36.50000 |      37.00000 | 
     57.19976 |      59.36480 |       0.01748 |       0.00498 |       0.01556 |       1.00000 |       1.00000 |      37.04163 |      36.64193 |   13436.50586 |    8820.51660 |    4609.68799 |   13436.76562 |      36.50000 |      37.00000 | 
     58.19550 |      60.03843 |       0.01718 |       0.00498 |       0.01556 |       1.00000 |       1.00000 |      37.04162 |      36.64197 |   13434.68555 |    8817.52051 |    4610.86377 |   13434.94629 |      36.50000 |      37.00000 | 
     58.75266 |      59.85157 |       0.01702 |       0.00498 |       0.01556 |       1.00000 |       1.00000 |      37.04162 |      36.64201 |   13432.86426 |    8811.15332 |    4615.40869 |   13433.12402 |      36.50000 |      37.00000 | 
     59.25344 |      60.55101 |       0.01688 |       0.00498 |       0.01556 |       1.00000 |       1.00000 |      37.04161 |      36.64205 |   13431.05371 |    8809.39941 |    4615.35205 |   13431.31348 |      36.50000 |      37.00000 | 
     59.48920 |      61.02771 |       0.01681 |       0.00498 |       0.01556 |       1.00000 |       1.00000 |      37.04161 |      36.64209 |   13429.23047 |    8807.63379 |    4615.29639 |   13429.49121 |      36.50000 |      37.00000 | 
     59.63908 |      60.45584 |       0.01677 |       0.00498 |       0.01556 |       1.00000 |       1.00000 |      37.04161 |      36.64213 |   13427.40918 |    8805.87012 |    4615.23779 |   13427.66992 |      36.50000 |      37.00000 | 
     59.75168 |      60.17571 |       0.01674 |       0.00465 |       0.01570 |       1.00000 |       1.00000 |      37.04161 |      36.64217 |   13425.58984 |    8804.10547 |    4615.18164 |   13425.84961 |      36.50000 |      37.00000 | 
     59.85409 |      60.20832 |       0.01671 |       0.00465 |       0.01570 |       1.00000 |       1.00000 |      37.04160 |      36.64221 |   13423.77051 |    8802.34668 |    4615.12256 |   13424.03125 |      36.50000 |      37.00000 | 
     59.84665 |      60.22645 |       0.01671 |       0.00465 |       0.01570 |       1.00000 |       1.00000 |      37.04160 |      36.64225 |   13421.94629 |    8796.38965 |    4619.25635 |   13422.20703 |      36.50000 |      37.00000 | 
     59.92664 |      59.40712 |       0.01669 |       0.00465 |       0.01570 |       1.00000 |       1.00000 |      37.04160 |      36.64229 |   13420.13086 |    8791.60156 |    4622.22754 |   13420.39160 |      36.50000 |      37.00000 | 
     58.39809 |      57.19515 |       0.01712 |       0.00465 |       0.01570 |       1.00000 |       1.00000 |      37.04160 |      36.64233 |   13418.16992 |    8786.43652 |    4625.43262 |   13418.43066 |      36.50000 |      37.00000 | 
     60.33148 |      60.37553 |       0.01658 |       0.00465 |       0.01570 |       1.00000 |       1.00000 |      37.04159 |      36.64237 |   13416.50098 |    8782.04395 |    4628.15527 |   13416.76172 |      36.50000 |      37.00000 | 
     60.22520 |      60.08532 |       0.01660 |       0.00465 |       0.01570 |       1.00000 |       1.00000 |      37.04159 |      36.64241 |   13414.68164 |    8777.25195 |    4631.12793 |   13414.94238 |      36.50000 |      37.00000 | 
     60.20772 |      59.92689 |       0.01661 |       0.00465 |       0.01570 |       1.00000 |       1.00000 |      37.04158 |      36.64245 |   13412.86816 |    8774.66602 |    4631.89990 |   13413.12891 |      36.50000 |      37.00000 | 
     60.11201 |      60.00240 |       0.01664 |       0.00465 |       0.01570 |       1.00000 |       1.00000 |      37.04158 |      36.64248 |   13411.65137 |    8771.77637 |    4633.57324 |   13411.91016 |      36.50000 |      37.00000 | 
     60.49950 |      59.55571 |       0.01653 |       0.00465 |       0.01570 |       1.00000 |       1.00000 |      37.04158 |      36.64252 |   13409.67578 |    8767.08105 |    4636.29346 |   13409.93457 |      36.50000 |      37.00000 | 
     57.57732 |      59.91253 |       0.01737 |       0.00465 |       0.01570 |       1.00000 |       1.00000 |      37.04158 |      36.64257 |   13407.39453 |    8761.66211 |    4639.43164 |   13407.65430 |      36.50000 |      37.00000 | 
     58.32178 |      60.08893 |       0.01715 |       0.00465 |       0.01570 |       1.00000 |       1.00000 |      37.04157 |      36.64261 |   13405.57227 |    8757.33496 |    4641.93701 |   13405.83105 |      36.50000 |      37.00000 | 
     58.68453 |      58.73370 |       0.01704 |       0.00465 |       0.01570 |       1.00000 |       1.00000 |      37.04157 |      36.64265 |   13403.73730 |    8752.98047 |    4644.45605 |   13403.99707 |      36.50000 |      37.00000 | 
     59.15717 |      58.91710 |       0.01690 |       0.00465 |       0.01570 |       1.00000 |       1.00000 |      37.04156 |      36.64269 |   13401.92578 |    8748.67871 |    4646.94531 |   13402.18457 |      36.50000 |      37.00000 | 
     59.62874 |      60.64281 |       0.01677 |       0.00465 |       0.01570 |       1.00000 |       1.00000 |      37.04156 |      36.64273 |   13400.12402 |    8744.40234 |    4649.41992 |   13400.38281 |      36.50000 |      37.00000 | 
     59.76702 |      59.89100 |       0.01673 |       0.00465 |       0.01570 |       1.00000 |       1.00000 |      37.04155 |      36.64277 |   13398.10254 |    8738.90039 |    4652.90039 |   13398.36133 |      36.50000 |      37.00000 | 
     56.23175 |      33.73705 |       0.01778 |       0.00465 |       0.01570 |       1.00000 |       1.00000 |      37.04154 |      36.64280 |   13396.24219 |    8735.93750 |    4654.00293 |   13396.50098 |      36.50000 |      37.00000 | 
     57.47614 |      59.85157 |       0.01740 |       0.00465 |       0.01570 |       1.00000 |       1.00000 |      37.04152 |      36.64283 |   13394.26074 |    8732.76855 |    4655.19043 |   13394.51953 |      36.50000 |      37.00000 | 
     58.21255 |      60.08893 |       0.01718 |       0.00465 |       0.01570 |       1.00000 |       1.00000 |      37.04151 |      36.64287 |   13392.21680 |    8729.40234 |    4656.51318 |   13392.47656 |      36.50000 |      37.00000 | 
     58.81682 |      59.48486 |       0.01700 |       0.00465 |       0.01570 |       1.00000 |       1.00000 |      37.04150 |      36.64291 |   13390.18555 |    8726.06934 |    4657.81445 |   13390.44238 |      36.50000 |      37.00000 | 
     56.08273 |      39.59769 |       0.01783 |       0.00510 |       0.01561 |       1.00000 |       1.00000 |      37.04148 |      36.64291 |   13387.62988 |    8725.22168 |    4656.10693 |   13387.88770 |      36.50000 |      37.00000 | 
     56.75629 |      58.49664 |       0.01762 |       0.00510 |       0.01561 |       1.00000 |       1.00000 |      37.04148 |      36.64289 |   13386.24805 |    8725.56445 |    4654.38232 |   13386.50586 |      36.50000 |      37.00000 | 
     46.23440 |      19.90000 |       0.02163 |       0.00510 |       0.01561 |       1.00000 |       1.00000 |      37.04149 |      36.64285 |   13384.18945 |    8725.64941 |    4652.23926 |   13384.44727 |      36.50000 |      37.00000 | 
     48.18455 |      61.86205 |       0.02075 |       0.00510 |       0.01561 |       1.00000 |       1.00000 |      37.04151 |      36.64278 |   13380.65234 |    8725.36133 |    4648.99023 |   13380.91113 |      36.50000 |      37.00000 | 
     51.56440 |      60.11422 |       0.01939 |       0.00510 |       0.01561 |       1.00000 |       1.00000 |      37.04152 |      36.64275 |   13378.60059 |    8725.16699 |    4647.13330 |   13378.86035 |      36.50000 |      37.00000 | 
     51.82210 |      60.79027 |       0.01930 |       0.00510 |       0.01561 |       1.00000 |       1.00000 |      37.04153 |      36.64270 |   13376.01074 |    8725.04883 |    4644.66064 |   13376.26953 |      36.50000 |      37.00000 | 
     54.32293 |      60.07810 |       0.01841 |       0.00510 |       0.01561 |       1.00000 |       1.00000 |      37.04153 |      36.64266 |   13373.95801 |    8727.29492 |    4640.36230 |   13374.21680 |      36.50000 |      37.00000 | 
     50.81511 |      40.25765 |       0.01968 |       0.00510 |       0.01561 |       1.00000 |       1.00000 |      37.04155 |      36.64260 |   13370.99805 |    8726.87207 |    4637.82520 |   13371.25781 |      36.50000 |      37.00000 | 
     53.44515 |      58.80623 |       0.01871 |       0.00510 |       0.01561 |       1.00000 |       1.00000 |      37.04155 |      36.64257 |   13368.92383 |    8726.59766 |    4636.02539 |   13369.18262 |      36.50000 |      37.00000 | 
     51.93710 |      34.25244 |       0.01925 |       0.00510 |       0.01561 |       1.00000 |       1.00000 |      37.04156 |      36.64253 |   13367.03613 |    8726.36914 |    4634.36523 |   13367.29492 |      36.50000 |      37.00000 | 
     54.36205 |      59.65875 |       0.01840 |       0.00510 |       0.01561 |       1.00000 |       1.00000 |      37.04157 |      36.64249 |   13364.96680 |    8726.23438 |    4632.43164 |   13365.22656 |      36.50000 |      37.00000 | 
     53.70918 |      59.93407 |       0.01862 |       0.00510 |       0.01561 |       1.00000 |       1.00000 |      37.04158 |      36.64244 |   13362.35449 |    8726.15332 |    4629.90039 |   13362.61426 |      36.50000 |      37.00000 | 
     53.26436 |      59.38242 |       0.01877 |       0.00510 |       0.01561 |       1.00000 |       1.00000 |      37.04158 |      36.64240 |   13359.75684 |    8724.49805 |    4628.95752 |   13360.01660 |      36.50000 |      37.00000 | 
     55.25460 |      60.08532 |       0.01810 |       0.00510 |       0.01561 |       1.00000 |       1.00000 |      37.04159 |      36.64235 |   13357.70312 |    8724.94434 |    4626.45801 |   13357.96387 |      36.50000 |      37.00000 | 
     56.85049 |      60.90505 |       0.01759 |       0.00510 |       0.01561 |       1.00000 |       1.00000 |      37.04160 |      36.64231 |   13355.68652 |    8725.41016 |    4623.97461 |   13355.94727 |      36.50000 |      37.00000 | 
     57.85976 |      60.72752 |       0.01728 |       0.00510 |       0.01561 |       1.00000 |       1.00000 |      37.04160 |      36.64228 |   13353.67285 |    8725.89160 |    4621.47998 |   13353.93359 |      36.50000 |      37.00000 | 
     58.61432 |      60.98305 |       0.01706 |       0.00510 |       0.01561 |       1.00000 |       1.00000 |      37.04161 |      36.64224 |   13351.67773 |    8726.38281 |    4618.99463 |   13351.93848 |      36.50000 |      37.00000 | 
     59.01304 |      59.49548 |       0.01695 |       0.00510 |       0.01561 |       1.00000 |       1.00000 |      37.04161 |      36.64220 |   13349.68555 |    8727.35547 |    4616.02783 |   13349.94629 |      36.50000 |      37.00000 | 
     55.77483 |      33.86387 |       0.01793 |       0.00510 |       0.01561 |       1.00000 |       1.00000 |      37.04162 |      36.64216 |   13347.86328 |    8725.16113 |    4616.40137 |   13348.12402 |      36.50000 |      37.00000 | 
     56.69239 |      33.64058 |       0.01764 |       0.00510 |       0.01561 |       1.00000 |       1.00000 |      37.04163 |      36.64212 |   13345.71875 |    8722.56836 |    4616.84814 |   13345.97949 |      36.50000 |      37.00000 | 
     57.69896 |      59.55571 |       0.01733 |       0.00465 |       0.01608 |       1.00000 |       1.00000 |      37.04163 |      36.64208 |   13343.75488 |    8720.19434 |    4617.25977 |   13344.01562 |      36.50000 |      37.00000 | 
     58.44073 |      59.88024 |       0.01711 |       0.00465 |       0.01608 |       1.00000 |       1.00000 |      37.04164 |      36.64204 |   13341.80469 |    8717.82812 |    4617.67529 |   13342.06543 |      36.50000 |      37.00000 | 
     58.88807 |      59.66231 |       0.01698 |       0.00465 |       0.01608 |       1.00000 |       1.00000 |      37.04165 |      36.64200 |   13339.85645 |    8715.46484 |    4618.08984 |   13340.11719 |      36.50000 |      37.00000 | 
     59.22516 |      59.56636 |       0.01688 |       0.00465 |       0.01608 |       1.00000 |       1.00000 |      37.04165 |      36.64196 |   13337.91797 |    8713.10742 |    4618.50928 |   13338.17871 |      36.50000 |      37.00000 | 
     59.49952 |      60.31727 |       0.01681 |       0.00465 |       0.01608 |       1.00000 |       1.00000 |      37.04166 |      36.64193 |   13335.98926 |    8715.56934 |    4614.11865 |   13336.25000 |      36.50000 |      37.00000 | 
     59.71161 |      59.66231 |       0.01675 |       0.00465 |       0.01608 |       1.00000 |       1.00000 |      37.04167 |      36.64188 |   13334.07031 |    8714.30273 |    4613.46631 |   13334.33398 |      36.50000 |      37.00000 | 
     59.79868 |      60.83095 |       0.01672 |       0.00465 |       0.01608 |       1.00000 |       1.00000 |      37.04167 |      36.64185 |   13332.14844 |    8713.02832 |    4612.81934 |   13332.41309 |      36.50000 |      37.00000 | 
     59.76509 |      59.94485 |       0.01673 |       0.00465 |       0.01608 |       1.00000 |       1.00000 |      37.04168 |      36.64181 |   13330.22559 |    8711.75391 |    4612.17041 |   13330.48926 |      36.50000 |      37.00000 | 
     59.82343 |      59.44596 |       0.01672 |       0.00465 |       0.01608 |       1.00000 |       1.00000 |      37.04169 |      36.64177 |   13328.31543 |    8710.47852 |    4611.53564 |   13328.58008 |      36.50000 |      37.00000 | 
     60.41351 |      94.38414 |       0.01655 |       0.00465 |       0.01608 |       1.00000 |       1.00000 |      37.04169 |      36.64173 |   13326.41504 |    8709.21094 |    4610.90332 |   13326.67871 |      36.50000 |      37.00000 | 
     60.38022 |      60.91247 |       0.01656 |       0.00465 |       0.01608 |       1.00000 |       1.00000 |      37.04170 |      36.64169 |   13324.52344 |    8707.94629 |    4610.27637 |   13324.78809 |      36.50000 |      37.00000 | 
     60.27722 |      60.47778 |       0.01659 |       0.00465 |       0.01608 |       1.00000 |       1.00000 |      37.04171 |      36.64165 |   13322.62988 |    8706.67383 |    4609.65479 |   13322.89453 |      36.50000 |      37.00000 | 
     60.22887 |      60.36825 |       0.01660 |       0.00465 |       0.01608 |       1.00000 |       1.00000 |      37.04171 |      36.64161 |   13320.74219 |    8705.40039 |    4609.04053 |   13321.00684 |      36.50000 |      37.00000 | 
     60.20365 |      60.48509 |       0.01661 |       0.00465 |       0.01608 |       1.00000 |       1.00000 |      37.04172 |      36.64157 |   13318.85840 |    8704.12500 |    4608.43164 |   13319.12207 |      36.50000 |      37.00000 | 
     60.04639 |      59.50610 |       0.01665 |       0.00465 |       0.01608 |       1.00000 |       1.00000 |      37.04173 |      36.64153 |   13316.96484 |    8702.84082 |    4607.82275 |   13317.22852 |      36.50000 |      37.00000 | 
     63.62918 |      60.23371 |       0.01572 |       0.00465 |       0.01608 |       1.00000 |       1.00000 |      37.04173 |      36.64150 |   13315.40723 |    8701.77637 |    4607.32910 |   13315.67090 |      36.50000 |      37.00000 | 
     60.64053 |      47.52174 |       0.01649 |       0.00465 |       0.01608 |       1.00000 |       1.00000 |      37.04174 |      36.64146 |   13313.16797 |    8700.24023 |    4606.62598 |   13313.43359 |      36.50000 |      37.00000 | 
     60.27132 |      58.34306 |       0.01659 |       0.00465 |       0.01608 |       1.00000 |       1.00000 |      37.04175 |      36.64141 |   13311.28125 |    8698.94238 |    4606.03711 |   13311.54688 |      36.50000 |      37.00000 | 
     60.93494 |     102.63779 |       0.01641 |       0.00465 |       0.01608 |       1.00000 |       1.00000 |      37.04175 |      36.64138 |   13309.42676 |    8697.66113 |    4605.46436 |   13309.69238 |      36.50000 |      37.00000 | 
     60.46496 |      59.14710 |       0.01654 |       0.00465 |       0.01608 |       1.00000 |       1.00000 |      37.04176 |      36.64134 |   13307.54199 |    8696.35059 |    4604.89014 |   13307.80762 |      36.50000 |      37.00000 | 
     60.43808 |      59.63029 |       0.01655 |       0.00513 |       0.01584 |       1.00000 |       1.00000 |      37.04177 |      36.64130 |   13305.68848 |    8695.05176 |    4604.33545 |   13305.95410 |      36.50000 |      37.00000 | 
     60.23876 |      59.55571 |       0.01660 |       0.00513 |       0.01584 |       1.00000 |       1.00000 |      37.04177 |      36.64126 |   13303.81738 |    8693.74023 |    4603.77539 |   13304.08301 |      36.50000 |      37.00000 | 
     60.25120 |      60.36825 |       0.01660 |       0.00513 |       0.01584 |       1.00000 |       1.00000 |      37.04178 |      36.64122 |   13301.96094 |    8692.42773 |    4603.23193 |   13302.22656 |      36.50000 |      37.00000 | 
     60.10962 |      59.68011 |       0.01664 |       0.00513 |       0.01584 |       1.00000 |       1.00000 |      37.04179 |      36.64118 |   13300.09277 |    8691.09766 |    4602.69336 |   13300.35840 |      36.50000 |      37.00000 | 
     60.12135 |      60.56569 |       0.01663 |       0.00513 |       0.01584 |       1.00000 |       1.00000 |      37.04180 |      36.64114 |   13298.23340 |    8690.27637 |    4601.65576 |   13298.49902 |      36.50000 |      37.00000 | 
     56.53739 |      34.06923 |       0.01769 |       0.00513 |       0.01584 |       1.00000 |       1.00000 |      37.04180 |      36.64111 |   13296.52051 |    8688.51758 |    4601.70166 |   13296.78613 |      36.50000 |      37.00000 | 
     57.64515 |      60.80136 |       0.01735 |       0.00513 |       0.01584 |       1.00000 |       1.00000 |      37.04181 |      36.64107 |   13294.66113 |    8686.60645 |    4601.75342 |   13294.92676 |      36.50000 |      37.00000 | 
     54.99873 |      44.82496 |       0.01818 |       0.00513 |       0.01584 |       1.00000 |       1.00000 |      37.04182 |      36.64104 |   13293.11523 |    8685.00391 |    4601.80908 |   13293.38086 |      36.50000 |      37.00000 | 
     56.55922 |      60.23371 |       0.01768 |       0.00513 |       0.01584 |       1.00000 |       1.00000 |      37.04182 |      36.64100 |   13291.25586 |    8683.07715 |    4601.87793 |   13291.52344 |      36.50000 |      37.00000 | 
     57.69816 |      60.14676 |       0.01733 |       0.00513 |       0.01584 |       1.00000 |       1.00000 |      37.04183 |      36.64096 |   13289.40430 |    8681.14355 |    4601.95898 |   13289.67188 |      36.50000 |      37.00000 | 
     54.84504 |      34.28415 |       0.01823 |       0.00513 |       0.01584 |       1.00000 |       1.00000 |      37.04184 |      36.64092 |   13287.69727 |    8679.35547 |    4602.04004 |   13287.96484 |      36.50000 |      37.00000 | 
     54.03844 |      44.37148 |       0.01851 |       0.00513 |       0.01584 |       1.00000 |       1.00000 |      37.04185 |      36.64088 |   13285.60449 |    8677.15430 |    4602.14893 |   13285.87207 |      36.50000 |      37.00000 | 
     58.27766 |     107.45756 |       0.01716 |       0.00513 |       0.01584 |       1.00000 |       1.00000 |      37.04185 |      36.64085 |   13283.95312 |    8675.40625 |    4602.24512 |   13284.22070 |      36.50000 |      37.00000 | 
     56.05264 |      39.68884 |       0.01784 |       0.00513 |       0.01584 |       1.00000 |       1.00000 |      37.04186 |      36.64080 |   13281.82422 |    8673.14160 |    4602.38135 |   13282.09180 |      36.50000 |      37.00000 | 
     60.13421 |      59.90894 |       0.01663 |       0.00513 |       0.01584 |       1.00000 |       1.00000 |      37.04187 |      36.64077 |   13280.29004 |    8671.50293 |    4602.48535 |   13280.55664 |      36.50000 |      37.00000 | 
     60.01879 |      59.62318 |       0.01666 |       0.00513 |       0.01584 |       1.00000 |       1.00000 |      37.04188 |      36.64073 |   13278.42871 |    8669.51172 |    4602.61670 |   13278.69629 |      36.50000 |      37.00000 | 
     60.07102 |      59.63385 |       0.01665 |       0.00513 |       0.01584 |       1.00000 |       1.00000 |      37.04189 |      36.64069 |   13276.58203 |    8667.52051 |    4602.76074 |   13276.84961 |      36.50000 |      37.00000 | 
     59.96785 |      59.72289 |       0.01668 |       0.00513 |       0.01584 |       1.00000 |       1.00000 |      37.04189 |      36.64065 |   13274.71875 |    8665.50000 |    4602.91699 |   13274.98633 |      36.50000 |      37.00000 | 
     59.98367 |      59.61963 |       0.01667 |       0.00513 |       0.01584 |       1.00000 |       1.00000 |      37.04190 |      36.64061 |   13272.86621 |    8663.48438 |    4603.08008 |   13273.13379 |      36.50000 |      37.00000 | 
     54.73735 |      26.15268 |       0.01827 |       0.00513 |       0.01584 |       1.00000 |       1.00000 |      37.04191 |      36.64057 |   13270.83203 |    8659.78906 |    4604.74219 |   13271.09961 |      36.50000 |      37.00000 | 
     60.66960 |      57.67013 |       0.01648 |       0.00513 |       0.01584 |       1.00000 |       1.00000 |      37.04192 |      36.64054 |   13269.43652 |    8658.45410 |    4604.68213 |   13269.70605 |      36.50000 |      37.00000 | 
     60.53516 |      59.94126 |       0.01652 |       0.00550 |       0.01531 |       1.00000 |       1.00000 |      37.04192 |      36.64050 |   13267.59180 |    8656.68555 |    4604.60449 |   13267.86133 |      36.50000 |      37.00000 | 
     63.96995 |      60.57669 |       0.01563 |       0.00550 |       0.01531 |       1.00000 |       1.00000 |      37.04193 |      36.64046 |   13265.44141 |    8654.60938 |    4604.53076 |   13265.71094 |      36.50000 |      37.00000 | 
     62.44205 |      60.25185 |       0.01601 |       0.00550 |       0.01531 |       1.00000 |       1.00000 |      37.04194 |      36.64042 |   13263.57031 |    8652.79199 |    4604.47705 |   13263.83984 |      36.50000 |      37.00000 | 
     61.26092 |      58.05515 |       0.01632 |       0.00550 |       0.01531 |       1.00000 |       1.00000 |      37.04195 |      36.64038 |   13261.68555 |    8650.95508 |    4604.42969 |   13261.95508 |      36.50000 |      37.00000 | 
     61.34470 |      61.88885 |       0.01630 |       0.00550 |       0.01531 |       1.00000 |       1.00000 |      37.04196 |      36.64035 |   13259.87402 |    8649.17383 |    4604.39795 |   13260.14258 |      36.50000 |      37.00000 | 
     64.36411 |      59.08419 |       0.01554 |       0.00550 |       0.01531 |       1.00000 |       1.00000 |      37.04197 |      36.64031 |   13258.31836 |    8647.63672 |    4604.38037 |   13258.58691 |      36.50000 |      37.00000 | 
     62.80059 |      59.09816 |       0.01592 |       0.00550 |       0.01531 |       1.00000 |       1.00000 |      37.04197 |      36.64027 |   13256.45605 |    8647.91211 |    4602.24268 |   13256.72559 |      36.50000 |      37.00000 | 
     61.74672 |      59.02142 |       0.01620 |       0.00550 |       0.01531 |       1.00000 |       1.00000 |      37.04198 |      36.64024 |   13254.58984 |    8647.00488 |    4601.28369 |   13254.85938 |      36.50000 |      37.00000 | 
     61.33466 |      60.67961 |       0.01630 |       0.00550 |       0.01531 |       1.00000 |       1.00000 |      37.04199 |      36.64020 |   13252.74707 |    8646.10156 |    4600.34375 |   13253.01562 |      36.50000 |      37.00000 | 
     63.89110 |      60.32455 |       0.01565 |       0.00550 |       0.01531 |       1.00000 |       1.00000 |      37.04200 |      36.64015 |   13250.57715 |    8645.00879 |    4599.26611 |   13250.84668 |      36.50000 |      37.00000 | 
     62.49605 |      60.13229 |       0.01600 |       0.00550 |       0.01531 |       1.00000 |       1.00000 |      37.04201 |      36.64011 |   13248.70996 |    8644.05957 |    4598.34814 |   13248.97852 |      36.50000 |      37.00000 | 
     61.63559 |      61.05379 |       0.01622 |       0.00550 |       0.01531 |       1.00000 |       1.00000 |      37.04202 |      36.64008 |   13246.84375 |    8643.10156 |    4597.44092 |   13247.11426 |      36.50000 |      37.00000 | 
     64.59914 |      59.76572 |       0.01548 |       0.00550 |       0.01531 |       1.00000 |       1.00000 |      37.04203 |      36.64003 |   13244.67676 |    8641.95703 |    4596.41797 |   13244.94727 |      36.50000 |      37.00000 | 
     62.89717 |      59.13311 |       0.01590 |       0.00550 |       0.01531 |       1.00000 |       1.00000 |      37.04204 |      36.63999 |   13242.80469 |    8640.95898 |    4595.54443 |   13243.07520 |      36.50000 |      37.00000 | 
     61.89297 |      59.52027 |       0.01616 |       0.00550 |       0.01531 |       1.00000 |       1.00000 |      37.04205 |      36.63995 |   13240.93750 |    8639.95215 |    4594.68408 |   13241.20801 |      36.50000 |      37.00000 | 
     61.32575 |      60.00240 |       0.01631 |       0.00550 |       0.01531 |       1.00000 |       1.00000 |      37.04206 |      36.63992 |   13239.07715 |    8638.92578 |    4593.84961 |   13239.34766 |      36.50000 |      37.00000 | 
     60.89622 |      60.48143 |       0.01642 |       0.00550 |       0.01531 |       1.00000 |       1.00000 |      37.04207 |      36.63988 |   13237.20996 |    8637.88867 |    4593.02100 |   13237.48047 |      36.50000 |      37.00000 | 
     64.61707 |     120.09127 |       0.01548 |       0.00550 |       0.01531 |       1.00000 |       1.00000 |      37.04208 |      36.63984 |   13235.03223 |    8636.65527 |    4592.07666 |   13235.30273 |      36.50000 |      37.00000 | 
     63.04118 |      60.19382 |       0.01586 |       0.00550 |       0.01531 |       1.00000 |       1.00000 |      37.04209 |      36.63978 |   13232.36816 |    8635.11426 |    4590.95361 |   13232.63965 |      36.50000 |      37.00000 | 
     61.95476 |      59.94485 |       0.01614 |       0.00550 |       0.01531 |       1.00000 |       1.00000 |      37.04210 |      36.63974 |   13230.49219 |    8634.01465 |    4590.17676 |   13230.76270 |      36.50000 |      37.00000 | 
     61.21328 |      59.35423 |       0.01634 |       0.00469 |       0.01511 |       1.00000 |       1.00000 |      37.04211 |      36.63971 |   13228.61328 |    8632.89551 |    4589.41699 |   13228.88379 |      36.50000 |      37.00000 | 
     60.89703 |      60.43391 |       0.01642 |       0.00469 |       0.01511 |       1.00000 |       1.00000 |      37.04212 |      36.63967 |   13226.74707 |    8627.66504 |    4592.78223 |   13227.01855 |      36.50000 |      37.00000 | 
     60.51844 |      59.68724 |       0.01652 |       0.00469 |       0.01511 |       1.00000 |       1.00000 |      37.04213 |      36.63963 |   13224.86523 |    8627.88086 |    4590.68262 |   13225.13574 |      36.50000 |      37.00000 | 
     60.37955 |      60.22282 |       0.01656 |       0.00469 |       0.01511 |       1.00000 |       1.00000 |      37.04214 |      36.63959 |   13222.99219 |    8628.08301 |    4588.60840 |   13223.26660 |      36.50000 |      37.00000 | 
     60.36715 |      60.42296 |       0.01657 |       0.00469 |       0.01511 |       1.00000 |       1.00000 |      37.04215 |      36.63955 |   13221.12598 |    8628.26367 |    4586.56104 |   13221.39941 |      36.50000 |      37.00000 | 
     57.34892 |      59.67299 |       0.01744 |       0.00469 |       0.01511 |       1.00000 |       1.00000 |      37.04216 |      36.63950 |   13218.74707 |    8628.47168 |    4583.97412 |   13219.02051 |      36.50000 |      37.00000 | 
     54.78656 |      34.52562 |       0.01825 |       0.00469 |       0.01511 |       1.00000 |       1.00000 |      37.04218 |      36.63947 |   13217.04102 |    8628.60547 |    4582.13477 |   13217.31543 |      36.50000 |      37.00000 | 
     56.25229 |      59.37890 |       0.01778 |       0.00469 |       0.01511 |       1.00000 |       1.00000 |      37.04219 |      36.63943 |   13215.14355 |    8628.73926 |    4580.10352 |   13215.41797 |      36.50000 |      37.00000 | 
     57.49135 |      60.49607 |       0.01739 |       0.00469 |       0.01511 |       1.00000 |       1.00000 |      37.04219 |      36.63940 |   13213.26562 |    8628.84961 |    4578.11475 |   13213.54004 |      36.50000 |      37.00000 | 
     55.04933 |      34.21377 |       0.01817 |       0.00469 |       0.01511 |       1.00000 |       1.00000 |      37.04221 |      36.63935 |   13210.91699 |    8628.96191 |    4575.65381 |   13211.19141 |      36.50000 |      37.00000 | 
     56.43496 |      59.30143 |       0.01772 |       0.00469 |       0.01511 |       1.00000 |       1.00000 |      37.04222 |      36.63931 |   13209.01660 |    8629.04102 |    4573.67432 |   13209.29004 |      36.50000 |      37.00000 | 
     57.53564 |      58.89628 |       0.01738 |       0.00469 |       0.01511 |       1.00000 |       1.00000 |      37.04223 |      36.63927 |   13207.13086 |    8629.09766 |    4571.73193 |   13207.40430 |      36.50000 |      37.00000 | 
     58.38632 |      60.56935 |       0.01713 |       0.00469 |       0.01511 |       1.00000 |       1.00000 |      37.04224 |      36.63924 |   13205.24902 |    8628.91406 |    4570.03418 |   13205.52344 |      36.50000 |      37.00000 | 
     58.98055 |      60.31363 |       0.01695 |       0.00469 |       0.01511 |       1.00000 |       1.00000 |      37.04225 |      36.63920 |   13203.36816 |    8628.21777 |    4568.84961 |   13203.64258 |      36.50000 |      37.00000 | 
     62.83643 |      59.81935 |       0.01591 |       0.00469 |       0.01511 |       1.00000 |       1.00000 |      37.04226 |      36.63915 |   13201.16699 |    8627.37988 |    4567.48682 |   13201.44336 |      36.50000 |      37.00000 | 
     61.74703 |      60.01680 |       0.01620 |       0.00469 |       0.01511 |       1.00000 |       1.00000 |      37.04227 |      36.63912 |   13199.26465 |    8626.63770 |    4566.32568 |   13199.54102 |      36.50000 |      37.00000 | 
     61.11089 |      59.25575 |       0.01636 |       0.00469 |       0.01511 |       1.00000 |       1.00000 |      37.04229 |      36.63908 |   13197.37109 |    8625.87988 |    4565.18994 |   13197.64648 |      36.50000 |      37.00000 | 
     60.84328 |      60.58770 |       0.01644 |       0.00469 |       0.01511 |       1.00000 |       1.00000 |      37.04230 |      36.63904 |   13195.48730 |    8625.11816 |    4564.06787 |   13195.76367 |      36.50000 |      37.00000 | 
     60.02050 |      33.72567 |       0.01666 |       0.00469 |       0.01511 |       1.00000 |       1.00000 |      37.04231 |      36.63900 |   13193.41992 |    8624.25684 |    4562.86133 |   13193.69629 |      36.50000 |      37.00000 | 
     62.96011 |      58.82699 |       0.01588 |       0.00469 |       0.01511 |       1.00000 |       1.00000 |      37.04232 |      36.63897 |   13191.83887 |    8623.58789 |    4561.94922 |   13192.11426 |      36.50000 |      37.00000 | 
     61.98963 |      59.83724 |       0.01613 |       0.00472 |       0.01495 |       1.00000 |       1.00000 |      37.04233 |      36.63893 |   13189.94629 |    8622.77246 |    4560.87256 |   13190.22266 |      36.50000 |      37.00000 | 
     61.46833 |      60.80136 |       0.01627 |       0.00472 |       0.01495 |       1.00000 |       1.00000 |      37.04234 |      36.63890 |   13188.06250 |    8621.93945 |    4559.82178 |   13188.33789 |      36.50000 |      37.00000 | 
     64.53329 |      59.91612 |       0.01550 |       0.00472 |       0.01495 |       1.00000 |       1.00000 |      37.04235 |      36.63887 |   13186.47754 |    8621.23145 |    4558.94531 |   13186.75391 |      36.50000 |      37.00000 | 
     62.82166 |      59.70862 |       0.01592 |       0.00472 |       0.01495 |       1.00000 |       1.00000 |      37.04237 |      36.63883 |   13184.56543 |    8620.03418 |    4558.23096 |   13184.84180 |      36.50000 |      37.00000 | 
     61.97826 |      60.87539 |       0.01613 |       0.00472 |       0.01495 |       1.00000 |       1.00000 |      37.04238 |      36.63879 |   13182.67578 |    8619.25586 |    4557.11768 |   13182.95117 |      36.50000 |      37.00000 | 
     64.97559 |      59.38948 |       0.01539 |       0.00472 |       0.01495 |       1.00000 |       1.00000 |      37.04239 |      36.63876 |   13181.09570 |    8618.59473 |    4556.19922 |   13181.37109 |      36.50000 |      37.00000 | 
     63.15850 |      60.12867 |       0.01583 |       0.00472 |       0.01495 |       1.00000 |       1.00000 |      37.04240 |      36.63872 |   13179.18555 |    8617.77930 |    4555.10645 |   13179.46191 |      36.50000 |      37.00000 | 
     62.14549 |      60.23008 |       0.01609 |       0.00472 |       0.01495 |       1.00000 |       1.00000 |      37.04241 |      36.63869 |   13177.28809 |    8616.95020 |    4554.03613 |   13177.56543 |      36.50000 |      37.00000 | 
     64.35349 |      59.01446 |       0.01554 |       0.00472 |       0.01495 |       1.00000 |       1.00000 |      37.04243 |      36.63865 |   13175.06738 |    8615.96191 |    4552.80371 |   13175.34473 |      36.50000 |      37.00000 | 
     62.81894 |      59.83724 |       0.01592 |       0.00472 |       0.01495 |       1.00000 |       1.00000 |      37.04244 |      36.63861 |   13173.16016 |    8614.00488 |    4552.85400 |   13173.43750 |      36.50000 |      37.00000 | 
     65.94112 |     120.65637 |       0.01517 |       0.00472 |       0.01495 |       1.00000 |       1.00000 |      37.04245 |      36.63857 |   13170.94434 |    8613.94531 |    4550.69775 |   13171.22168 |      36.50000 |      37.00000 | 
     63.82405 |      59.80503 |       0.01567 |       0.00472 |       0.01495 |       1.00000 |       1.00000 |      37.04247 |      36.63853 |   13169.03613 |    8613.87598 |    4548.85889 |   13169.31348 |      36.50000 |      37.00000 | 
     62.43596 |      59.71219 |       0.01602 |       0.00472 |       0.01495 |       1.00000 |       1.00000 |      37.04248 |      36.63849 |   13167.12207 |    8613.78320 |    4547.03809 |   13167.39941 |      36.50000 |      37.00000 | 
     65.24252 |      60.13591 |       0.01533 |       0.00472 |       0.01495 |       1.00000 |       1.00000 |      37.04249 |      36.63845 |   13164.91309 |    8613.65430 |    4544.95752 |   13165.19043 |      36.50000 |      37.00000 | 
     63.27625 |      59.49548 |       0.01580 |       0.00472 |       0.01495 |       1.00000 |       1.00000 |      37.04250 |      36.63841 |   13162.99219 |    8613.52051 |    4543.17090 |   13163.26953 |      36.50000 |      37.00000 | 
     62.14135 |      60.69066 |       0.01609 |       0.00472 |       0.01495 |       1.00000 |       1.00000 |      37.04252 |      36.63837 |   13161.08008 |    8613.37500 |    4541.40381 |   13161.35742 |      36.50000 |      37.00000 | 
     64.96345 |      59.97721 |       0.01539 |       0.00472 |       0.01495 |       1.00000 |       1.00000 |      37.04253 |      36.63833 |   13158.86133 |    8613.17285 |    4539.38623 |   13159.13867 |      36.50000 |      37.00000 | 
     63.13583 |      59.98080 |       0.01584 |       0.00472 |       0.01495 |       1.00000 |       1.00000 |      37.04255 |      36.63829 |   13156.94043 |    8612.98047 |    4537.65820 |   13157.21777 |      36.50000 |      37.00000 | 
     62.15807 |      61.36852 |       0.01609 |       0.00472 |       0.01495 |       1.00000 |       1.00000 |      37.04256 |      36.63826 |   13155.03320 |    8612.77148 |    4535.96045 |   13155.31055 |      36.50000 |      37.00000 | 
     64.32834 |      59.03188 |       0.01555 |       0.00513 |       0.01445 |       1.00000 |       1.00000 |      37.04258 |      36.63822 |   13152.79883 |    8612.50391 |    4533.99316 |   13153.07812 |      36.50000 |      37.00000 | 
     62.78325 |      60.30999 |       0.01593 |       0.00513 |       0.01445 |       1.00000 |       1.00000 |      37.04259 |      36.63818 |   13150.87988 |    8612.24805 |    4532.33057 |   13151.15918 |      36.50000 |      37.00000 | 
     66.20641 |     117.67474 |       0.01510 |       0.00513 |       0.01445 |       1.00000 |       1.00000 |      37.04260 |      36.63815 |   13149.29492 |    8612.02734 |    4530.96631 |   13149.57422 |      36.50000 |      37.00000 | 
     63.91556 |      59.76215 |       0.01565 |       0.00513 |       0.01445 |       1.00000 |       1.00000 |      37.04262 |      36.63810 |   13146.55957 |    8611.61133 |    4528.64697 |   13146.83887 |      36.50000 |      37.00000 | 
     62.53588 |      59.65163 |       0.01599 |       0.00513 |       0.01445 |       1.00000 |       1.00000 |      37.04263 |      36.63806 |   13144.64160 |    8611.29883 |    4527.04053 |   13144.91992 |      36.50000 |      37.00000 | 
     58.11936 |      33.75983 |       0.01721 |       0.00513 |       0.01445 |       1.00000 |       1.00000 |      37.04264 |      36.63803 |   13142.87012 |    8610.98730 |    4525.58154 |   13143.14941 |      36.50000 |      37.00000 | 
     58.77636 |      61.68270 |       0.01701 |       0.00513 |       0.01445 |       1.00000 |       1.00000 |      37.04266 |      36.63799 |   13140.95605 |    8613.96875 |    4520.68604 |   13141.23535 |      36.50000 |      37.00000 | 
     59.17529 |      60.10338 |       0.01690 |       0.00513 |       0.01445 |       1.00000 |       1.00000 |      37.04268 |      36.63796 |   13139.03809 |    8614.20898 |    4518.52783 |   13139.31738 |      36.50000 |      37.00000 | 
     59.39567 |      59.65875 |       0.01684 |       0.00513 |       0.01445 |       1.00000 |       1.00000 |      37.04269 |      36.63792 |   13137.11621 |    8614.41504 |    4516.40088 |   13137.39551 |      36.50000 |      37.00000 | 
     56.21510 |      34.40446 |       0.01779 |       0.00513 |       0.01445 |       1.00000 |       1.00000 |      37.04271 |      36.63788 |   13134.72754 |    8614.64258 |    4513.78320 |   13135.00586 |      36.50000 |      37.00000 | 
     60.87342 |      59.50256 |       0.01643 |       0.00513 |       0.01445 |       1.00000 |       1.00000 |      37.04272 |      36.63784 |   13132.48242 |    8617.91504 |    4508.26611 |   13132.76172 |      36.50000 |      37.00000 | 
     60.50750 |      60.02401 |       0.01653 |       0.00513 |       0.01445 |       1.00000 |       1.00000 |      37.04274 |      36.63780 |   13130.55566 |    8622.45605 |    4501.79834 |   13130.83398 |      36.50000 |      37.00000 | 
     64.41784 |     119.91846 |       0.01552 |       0.00513 |       0.01445 |       1.00000 |       1.00000 |      37.04276 |      36.63776 |   13128.32324 |    8617.97559 |    4504.04639 |   13128.60352 |      36.50000 |      37.00000 | 
     62.93656 |      61.39112 |       0.01589 |       0.00513 |       0.01445 |       1.00000 |       1.00000 |      37.04277 |      36.63772 |   13126.40430 |    8614.09766 |    4506.00586 |   13126.68359 |      36.50000 |      37.00000 | 
     66.06250 |     122.69939 |       0.01514 |       0.00513 |       0.01445 |       1.00000 |       1.00000 |      37.04279 |      36.63768 |   13124.16895 |    8609.54883 |    4508.31934 |   13124.45020 |      36.50000 |      37.00000 | 
     63.71869 |      59.50256 |       0.01569 |       0.00513 |       0.01445 |       1.00000 |       1.00000 |      37.04280 |      36.63765 |   13122.22949 |    8605.58594 |    4510.34131 |   13122.51074 |      36.50000 |      37.00000 | 
     62.51641 |      60.39742 |       0.01600 |       0.00513 |       0.01445 |       1.00000 |       1.00000 |      37.04282 |      36.63761 |   13120.31445 |    8601.65625 |    4512.35693 |   13120.59570 |      36.50000 |      37.00000 | 
     65.04685 |      58.78895 |       0.01537 |       0.00513 |       0.01445 |       1.00000 |       1.00000 |      37.04283 |      36.63757 |   13118.07031 |    8597.01953 |    4514.74902 |   13118.35059 |      36.50000 |      37.00000 | 
     63.19029 |      59.19612 |       0.01583 |       0.00513 |       0.01445 |       1.00000 |       1.00000 |      37.04285 |      36.63754 |   13116.13965 |    8583.37402 |    4526.46436 |   13116.42090 |      36.50000 |      37.00000 | 
     65.15842 |      59.97361 |       0.01535 |       0.00503 |       0.01423 |       1.00000 |       1.00000 |      37.04287 |      36.63749 |   13113.90918 |    8579.39355 |    4528.21387 |   13114.19043 |      36.50000 |      37.00000 | 
     63.25292 |      60.09615 |       0.01581 |       0.00503 |       0.01423 |       1.00000 |       1.00000 |      37.04288 |      36.63746 |   13111.97656 |    8575.93164 |    4529.74268 |   13112.25684 |      36.50000 |      37.00000 | 
     66.29276 |     121.27092 |       0.01508 |       0.00503 |       0.01423 |       1.00000 |       1.00000 |      37.04290 |      36.63742 |   13109.74512 |    8571.92285 |    4531.52148 |   13110.02539 |      36.50000 |      37.00000 | 
     63.97053 |      59.77286 |       0.01563 |       0.00503 |       0.01423 |       1.00000 |       1.00000 |      37.04292 |      36.63738 |   13107.81055 |    8568.42969 |    4533.07910 |   13108.09180 |      36.50000 |      37.00000 | 
     66.75494 |     121.38869 |       0.01498 |       0.00503 |       0.01423 |       1.00000 |       1.00000 |      37.04293 |      36.63734 |   13105.57715 |    8564.38379 |    4534.89258 |   13105.85840 |      36.50000 |      37.00000 | 
     64.24947 |      59.85873 |       0.01556 |       0.00503 |       0.01423 |       1.00000 |       1.00000 |      37.04295 |      36.63731 |   13103.64258 |    8560.86719 |    4536.47412 |   13103.92383 |      36.50000 |      37.00000 | 
     62.67102 |      59.30143 |       0.01596 |       0.00503 |       0.01423 |       1.00000 |       1.00000 |      37.04296 |      36.63728 |   13101.70801 |    8557.33203 |    4538.07520 |   13101.98926 |      36.50000 |      37.00000 | 
     65.28697 |      59.80503 |       0.01532 |       0.00503 |       0.01423 |       1.00000 |       1.00000 |      37.04298 |      36.63723 |   13099.47266 |    8553.23438 |    4539.93652 |   13099.75391 |      36.50000 |      37.00000 | 
     63.17451 |      58.71646 |       0.01583 |       0.00503 |       0.01423 |       1.00000 |       1.00000 |      37.04300 |      36.63720 |   13097.52539 |    8549.65137 |    4541.57324 |   13097.80566 |      36.50000 |      37.00000 | 
     66.32848 |     120.90437 |       0.01508 |       0.00503 |       0.01423 |       1.00000 |       1.00000 |      37.04302 |      36.63716 |   13095.30176 |    8545.54297 |    4543.45850 |   13095.58691 |      36.50000 |      37.00000 | 
     63.91434 |      59.41418 |       0.01565 |       0.00503 |       0.01423 |       1.00000 |       1.00000 |      37.04303 |      36.63712 |   13093.36035 |    8541.93848 |    4545.12061 |   13093.64453 |      36.50000 |      37.00000 | 
     66.07391 |      59.65163 |       0.01513 |       0.00503 |       0.01423 |       1.00000 |       1.00000 |      37.04305 |      36.63708 |   13091.12305 |    8537.77148 |    4547.05029 |   13091.40723 |      36.50000 |      37.00000 | 
     63.83356 |      59.61963 |       0.01567 |       0.00503 |       0.01423 |       1.00000 |       1.00000 |      37.04307 |      36.63705 |   13089.18750 |    8530.01660 |    4552.87012 |   13089.47168 |      36.50000 |      37.00000 | 
     62.36909 |      60.09977 |       0.01603 |       0.00503 |       0.01423 |       1.00000 |       1.00000 |      37.04309 |      36.63702 |   13087.24707 |    8527.23438 |    4553.71143 |   13087.53125 |      36.50000 |      37.00000 | 
     65.15476 |      59.16109 |       0.01535 |       0.00503 |       0.01423 |       1.00000 |       1.00000 |      37.04311 |      36.63698 |   13085.01855 |    8524.02441 |    4554.69238 |   13085.30273 |      36.50000 |      37.00000 | 
     63.30914 |      58.69233 |       0.01580 |       0.00503 |       0.01423 |       1.00000 |       1.00000 |      37.04312 |      36.63694 |   13083.08887 |    8521.23242 |    4555.55518 |   13083.37305 |      36.50000 |      37.00000 | 
     62.62011 |      60.98305 |       0.01597 |       0.00503 |       0.01423 |       1.00000 |       1.00000 |      37.04313 |      36.63692 |   13081.81348 |    8519.37988 |    4556.13184 |   13082.09766 |      36.50000 |      37.00000 | 
     65.68071 |      60.27364 |       0.01523 |       0.00503 |       0.01423 |       1.00000 |       1.00000 |      37.04316 |      36.63688 |   13079.29199 |    8515.70312 |    4557.28760 |   13079.57617 |      36.50000 |      37.00000 | 
     63.71125 |      61.35346 |       0.01570 |       0.00503 |       0.01423 |       1.00000 |       1.00000 |      37.04317 |      36.63684 |   13077.36328 |    8512.87402 |    4558.18896 |   13077.64746 |      36.50000 |      37.00000 | 
     65.78648 |      59.05279 |       0.01520 |       0.00522 |       0.01399 |       1.00000 |       1.00000 |      37.04319 |      36.63680 |   13075.11230 |    8509.55566 |    4559.25537 |   13075.39648 |      36.50000 |      37.00000 | 
     63.56854 |      57.95422 |       0.01573 |       0.00522 |       0.01399 |       1.00000 |       1.00000 |      37.04321 |      36.63677 |   13073.17285 |    8506.68652 |    4560.18555 |   13073.45703 |      36.50000 |      37.00000 | 
     65.92310 |      59.85515 |       0.01517 |       0.00522 |       0.01399 |       1.00000 |       1.00000 |      37.04323 |      36.63673 |   13070.94043 |    8503.36719 |    4561.27197 |   13071.22461 |      36.50000 |      37.00000 | 
     63.76539 |      59.93048 |       0.01568 |       0.00522 |       0.01399 |       1.00000 |       1.00000 |      37.04325 |      36.63670 |   13069.00586 |    8500.47559 |    4562.22900 |   13069.29199 |      36.50000 |      37.00000 | 
     62.62051 |      61.03516 |       0.01597 |       0.00522 |       0.01399 |       1.00000 |       1.00000 |      37.04327 |      36.63667 |   13067.08984 |    8499.10840 |    4561.68164 |   13067.37598 |      36.50000 |      37.00000 | 
     57.93728 |      34.05415 |       0.01726 |       0.00522 |       0.01399 |       1.00000 |       1.00000 |      37.04329 |      36.63662 |   13064.67188 |    8496.01465 |    4562.35693 |   13064.95801 |      36.50000 |      37.00000 | 
     58.63106 |      61.70173 |       0.01706 |       0.00522 |       0.01399 |       1.00000 |       1.00000 |      37.04330 |      36.63659 |   13062.74512 |    8493.53027 |    4562.91406 |   13063.03125 |      36.50000 |      37.00000 | 
     59.06876 |      60.15400 |       0.01693 |       0.00522 |       0.01399 |       1.00000 |       1.00000 |      37.04332 |      36.63655 |   13060.81641 |    8491.03320 |    4563.48193 |   13061.10254 |      36.50000 |      37.00000 | 
     59.20647 |      59.02142 |       0.01689 |       0.00522 |       0.01399 |       1.00000 |       1.00000 |      37.04334 |      36.63652 |   13058.87305 |    8488.49805 |    4564.07373 |   13059.15918 |      36.50000 |      37.00000 | 
     59.66704 |      60.52902 |       0.01676 |       0.00522 |       0.01399 |       1.00000 |       1.00000 |      37.04336 |      36.63649 |   13056.96680 |    8485.99414 |    4564.67139 |   13057.25293 |      36.50000 |      37.00000 | 
     59.78584 |      60.23734 |       0.01673 |       0.00522 |       0.01399 |       1.00000 |       1.00000 |      37.04338 |      36.63646 |   13055.04004 |    8483.44824 |    4565.29053 |   13055.32520 |      36.50000 |      37.00000 | 
     64.10944 |     121.21212 |       0.01560 |       0.00522 |       0.01399 |       1.00000 |       1.00000 |      37.04340 |      36.63642 |   13052.79883 |    8480.46582 |    4566.03174 |   13053.08496 |      36.50000 |      37.00000 | 
     62.63015 |      59.95923 |       0.01597 |       0.00522 |       0.01399 |       1.00000 |       1.00000 |      37.04342 |      36.63639 |   13050.86523 |    8477.87402 |    4566.69043 |   13051.15137 |      36.50000 |      37.00000 | 
     65.85148 |     122.39902 |       0.01519 |       0.00522 |       0.01399 |       1.00000 |       1.00000 |      37.04344 |      36.63635 |   13048.62500 |    8474.85254 |    4567.47070 |   13048.91016 |      36.50000 |      37.00000 | 
     63.69357 |      60.46315 |       0.01570 |       0.00522 |       0.01399 |       1.00000 |       1.00000 |      37.04346 |      36.63631 |   13046.68750 |    8472.22363 |    4568.16211 |   13046.97363 |      36.50000 |      37.00000 | 
     66.55829 |     124.16190 |       0.01502 |       0.00522 |       0.01399 |       1.00000 |       1.00000 |      37.04348 |      36.63628 |   13044.44824 |    8463.39551 |    4574.75195 |   13044.73438 |      36.50000 |      37.00000 | 
     64.11249 |      60.04564 |       0.01560 |       0.00522 |       0.01399 |       1.00000 |       1.00000 |      37.04350 |      36.63625 |   13042.50879 |    8463.09277 |    4573.11475 |   13042.79492 |      36.50000 |      37.00000 | 
     62.79574 |      60.93103 |       0.01592 |       0.00522 |       0.01399 |       1.00000 |       1.00000 |      37.04352 |      36.63621 |   13040.58887 |    8462.77344 |    4571.51465 |   13040.87500 |      36.50000 |      37.00000 | 
     65.44804 |      59.03885 |       0.01528 |       0.00522 |       0.01399 |       1.00000 |       1.00000 |      37.04353 |      36.63618 |   13038.97656 |    8462.49023 |    4570.18506 |   13039.26270 |      36.50000 |      37.00000 | 
     63.55719 |      60.35732 |       0.01573 |       0.00522 |       0.01399 |       1.00000 |       1.00000 |      37.04355 |      36.63615 |   13037.05078 |    8462.13281 |    4568.61621 |   13037.33789 |      36.50000 |      37.00000 | 
     65.79961 |      59.32957 |       0.01520 |       0.00529 |       0.01450 |       1.00000 |       1.00000 |      37.04358 |      36.63612 |   13034.80859 |    8461.69629 |    4566.81055 |   13035.09570 |      36.50000 |      37.00000 | 
     63.75949 |      62.49609 |       0.01568 |       0.00529 |       0.01450 |       1.00000 |       1.00000 |      37.04359 |      36.63609 |   13032.87695 |    8461.29492 |    4565.28125 |   13033.16504 |      36.50000 |      37.00000 | 
     66.28868 |      59.57700 |       0.01509 |       0.00529 |       0.01450 |       1.00000 |       1.00000 |      37.04361 |      36.63606 |   13031.27637 |    8460.94727 |    4564.02832 |   13031.56348 |      36.50000 |      37.00000 | 
     63.93940 |      59.74429 |       0.01564 |       0.00529 |       0.01450 |       1.00000 |       1.00000 |      37.04363 |      36.63603 |   13029.33789 |    8460.50488 |    4562.53125 |   13029.62598 |      36.50000 |      37.00000 | 
     66.05112 |      59.40712 |       0.01514 |       0.00529 |       0.01450 |       1.00000 |       1.00000 |      37.04365 |      36.63599 |   13027.09766 |    8459.97461 |    4560.82178 |   13027.38574 |      36.50000 |      37.00000 | 
     63.78651 |      59.38595 |       0.01568 |       0.00529 |       0.01450 |       1.00000 |       1.00000 |      37.04367 |      36.63596 |   13025.16016 |    8459.49512 |    4559.36377 |   13025.44727 |      36.50000 |      37.00000 | 
     65.97667 |      59.33662 |       0.01516 |       0.00529 |       0.01450 |       1.00000 |       1.00000 |      37.04369 |      36.63592 |   13022.92383 |    8458.91309 |    4557.71045 |   13023.21094 |      36.50000 |      37.00000 | 
     63.85645 |      60.98305 |       0.01566 |       0.00529 |       0.01450 |       1.00000 |       1.00000 |      37.04371 |      36.63589 |   13020.99414 |    8458.38477 |    4556.30811 |   13021.28223 |      36.50000 |      37.00000 | 
     65.98577 |      59.38948 |       0.01515 |       0.00529 |       0.01450 |       1.00000 |       1.00000 |      37.04374 |      36.63585 |   13018.75391 |    8457.75586 |    4554.69629 |   13019.04102 |      36.50000 |      37.00000 | 
     63.78410 |      59.69437 |       0.01568 |       0.00529 |       0.01450 |       1.00000 |       1.00000 |      37.04375 |      36.63582 |   13016.81934 |    8457.18555 |    4553.33105 |   13017.10645 |      36.50000 |      37.00000 | 
     65.60118 |      60.47778 |       0.01524 |       0.00529 |       0.01450 |       1.00000 |       1.00000 |      37.04378 |      36.63579 |   13014.59180 |    8456.50781 |    4551.78125 |   13014.87891 |      36.50000 |      37.00000 | 
     63.44487 |      59.69080 |       0.01576 |       0.00529 |       0.01450 |       1.00000 |       1.00000 |      37.04380 |      36.63575 |   13012.64844 |    8444.51270 |    4561.83447 |   13012.93555 |      36.50000 |      37.00000 | 
     65.65540 |      58.99705 |       0.01523 |       0.00529 |       0.01450 |       1.00000 |       1.00000 |      37.04382 |      36.63572 |   13010.40332 |    8445.07129 |    4559.03125 |   13010.69141 |      36.50000 |      37.00000 | 
     67.83851 |     121.37395 |       0.01474 |       0.00529 |       0.01450 |       1.00000 |       1.00000 |      37.04385 |      36.63568 |   13008.17285 |    8445.60938 |    4556.26172 |   13008.45996 |      36.50000 |      37.00000 | 
     64.84021 |      59.56636 |       0.01542 |       0.00529 |       0.01450 |       1.00000 |       1.00000 |      37.04387 |      36.63565 |   13006.23145 |    8446.06836 |    4553.86182 |   13006.52051 |      36.50000 |      37.00000 | 
     63.32453 |      61.23699 |       0.01579 |       0.00529 |       0.01450 |       1.00000 |       1.00000 |      37.04389 |      36.63562 |   13004.31934 |    8446.51074 |    4551.50830 |   13004.60938 |      36.50000 |      37.00000 | 
     65.79585 |      59.35423 |       0.01520 |       0.00529 |       0.01450 |       1.00000 |       1.00000 |      37.04391 |      36.63560 |   13002.70605 |    8445.93359 |    4550.47070 |   13002.99609 |      36.50000 |      37.00000 | 
     63.75648 |      60.29181 |       0.01568 |       0.00529 |       0.01450 |       1.00000 |       1.00000 |      37.04393 |      36.63557 |   13000.78125 |    8446.65430 |    4547.82568 |   13001.07031 |      36.50000 |      37.00000 | 
     65.87339 |      58.78895 |       0.01518 |       0.00529 |       0.01450 |       1.00000 |       1.00000 |      37.04395 |      36.63553 |   12998.54004 |    8447.47754 |    4544.76123 |   12998.82910 |      36.50000 |      37.00000 | 
     63.85207 |      61.40243 |       0.01566 |       0.00538 |       0.01417 |       1.00000 |       1.00000 |      37.04397 |      36.63550 |   12996.61719 |    8448.16992 |    4542.14648 |   12996.90625 |      36.50000 |      37.00000 | 
     65.50198 |      59.95923 |       0.01527 |       0.00538 |       0.01417 |       1.00000 |       1.00000 |      37.04399 |      36.63547 |   12994.37988 |    8448.96484 |    4539.11475 |   12994.66895 |      36.50000 |      37.00000 | 
     63.37880 |      58.74750 |       0.01578 |       0.00538 |       0.01417 |       1.00000 |       1.00000 |      37.04402 |      36.63544 |   12992.44141 |    8449.63867 |    4536.50000 |   12992.73047 |      36.50000 |      37.00000 | 
     62.25746 |      60.84946 |       0.01606 |       0.00538 |       0.01417 |       1.00000 |       1.00000 |      37.04404 |      36.63541 |   12990.51953 |    8450.29785 |    4533.91992 |   12990.80859 |      36.50000 |      37.00000 | 
     61.60736 |      60.30635 |       0.01623 |       0.00538 |       0.01417 |       1.00000 |       1.00000 |      37.04406 |      36.63538 |   12988.60742 |    8450.93945 |    4531.36621 |   12988.89648 |      36.50000 |      37.00000 | 
     61.10935 |      61.04633 |       0.01636 |       0.00538 |       0.01417 |       1.00000 |       1.00000 |      37.04408 |      36.63535 |   12986.68652 |    8451.57422 |    4528.81104 |   12986.97559 |      36.50000 |      37.00000 | 
     60.76440 |      60.20107 |       0.01646 |       0.00538 |       0.01417 |       1.00000 |       1.00000 |      37.04410 |      36.63532 |   12984.76562 |    8452.19727 |    4526.26709 |   12985.05469 |      36.50000 |      37.00000 | 
     60.46237 |      59.89817 |       0.01654 |       0.00538 |       0.01417 |       1.00000 |       1.00000 |      37.04412 |      36.63529 |   12982.83789 |    8452.81250 |    4523.72461 |   12983.12695 |      36.50000 |      37.00000 | 
     60.34619 |      59.25575 |       0.01657 |       0.00538 |       0.01417 |       1.00000 |       1.00000 |      37.04414 |      36.63526 |   12980.91992 |    8454.82324 |    4519.79541 |   12981.20898 |      36.50000 |      37.00000 | 
     61.45242 |     118.92020 |       0.01627 |       0.00538 |       0.01417 |       1.00000 |       1.00000 |      37.04418 |      36.63522 |   12978.19434 |    8455.79785 |    4516.09521 |   12978.48340 |      36.50000 |      37.00000 | 
     60.79180 |      59.32606 |       0.01645 |       0.00538 |       0.01417 |       1.00000 |       1.00000 |      37.04420 |      36.63519 |   12976.25781 |    8456.46973 |    4513.48633 |   12976.54688 |      36.50000 |      37.00000 | 
     64.10046 |      59.02142 |       0.01560 |       0.00538 |       0.01417 |       1.00000 |       1.00000 |      37.04422 |      36.63515 |   12974.03125 |    8457.22949 |    4510.50098 |   12974.32031 |      36.50000 |      37.00000 | 
     62.51620 |      58.83045 |       0.01600 |       0.00538 |       0.01417 |       1.00000 |       1.00000 |      37.04425 |      36.63512 |   12972.09668 |    8457.87012 |    4507.92529 |   12972.38770 |      36.50000 |      37.00000 | 
     65.24358 |      59.44243 |       0.01533 |       0.00538 |       0.01417 |       1.00000 |       1.00000 |      37.04427 |      36.63509 |   12969.87207 |    8458.58887 |    4504.98145 |   12970.16113 |      36.50000 |      37.00000 | 
     63.16051 |      59.06675 |       0.01583 |       0.00538 |       0.01417 |       1.00000 |       1.00000 |      37.04429 |      36.63506 |   12967.92969 |    8459.20312 |    4502.42480 |   12968.22070 |      36.50000 |      37.00000 | 
     65.71847 |      59.91971 |       0.01522 |       0.00538 |       0.01417 |       1.00000 |       1.00000 |      37.04432 |      36.63503 |   12965.71094 |    8459.88477 |    4499.52441 |   12966.00098 |      36.50000 |      37.00000 | 
     63.55272 |      59.45657 |       0.01573 |       0.00538 |       0.01417 |       1.00000 |       1.00000 |      37.04434 |      36.63500 |   12963.77637 |    8460.45996 |    4497.01465 |   12964.06641 |      36.50000 |      37.00000 | 
     66.54722 |     124.00793 |       0.01503 |       0.00538 |       0.01417 |       1.00000 |       1.00000 |      37.04437 |      36.63497 |   12961.55371 |    8464.33887 |    4490.91406 |   12961.84473 |      36.50000 |      37.00000 | 
     64.19745 |      60.69066 |       0.01558 |       0.00538 |       0.01417 |       1.00000 |       1.00000 |      37.04439 |      36.63494 |   12959.62891 |    8446.84863 |    4506.47998 |   12959.91992 |      36.50000 |      37.00000 | 
     66.78663 |     120.42389 |       0.01497 |       0.00526 |       0.01465 |       1.00000 |       1.00000 |      37.04442 |      36.63491 |   12957.39258 |    8449.62305 |    4501.46826 |   12957.68359 |      36.50000 |      37.00000 | 
     64.28944 |      60.04924 |       0.01555 |       0.00526 |       0.01465 |       1.00000 |       1.00000 |      37.04444 |      36.63488 |   12955.46582 |    8452.00879 |    4497.15527 |   12955.75586 |      36.50000 |      37.00000 | 
     66.22542 |      59.47778 |       0.01510 |       0.00526 |       0.01465 |       1.00000 |       1.00000 |      37.04447 |      36.63485 |   12953.22949 |    8454.77051 |    4492.15723 |   12953.52051 |      36.50000 |      37.00000 | 
     63.81982 |      59.18911 |       0.01567 |       0.00526 |       0.01465 |       1.00000 |       1.00000 |      37.04449 |      36.63482 |   12951.29297 |    8457.15918 |    4487.83252 |   12951.58398 |      36.50000 |      37.00000 | 
     66.04178 |      59.38242 |       0.01514 |       0.00526 |       0.01465 |       1.00000 |       1.00000 |      37.04452 |      36.63478 |   12949.06934 |    8459.89355 |    4482.87500 |   12949.36035 |      36.50000 |      37.00000 | 
     63.99301 |      60.34639 |       0.01563 |       0.00526 |       0.01465 |       1.00000 |       1.00000 |      37.04454 |      36.63476 |   12947.15723 |    8462.24023 |    4478.61523 |   12947.44727 |      36.50000 |      37.00000 | 
     62.63038 |      60.48143 |       0.01597 |       0.00526 |       0.01465 |       1.00000 |       1.00000 |      37.04456 |      36.63473 |   12945.23828 |    8464.58887 |    4474.34912 |   12945.52930 |      36.50000 |      37.00000 | 
     65.38737 |      59.61607 |       0.01529 |       0.00526 |       0.01465 |       1.00000 |       1.00000 |      37.04458 |      36.63471 |   12943.63867 |    8466.54102 |    4470.79541 |   12943.92871 |      36.50000 |      37.00000 | 
     63.39254 |      58.85122 |       0.01577 |       0.00526 |       0.01465 |       1.00000 |       1.00000 |      37.04461 |      36.63468 |   12941.71289 |    8468.88867 |    4466.52246 |   12942.00391 |      36.50000 |      37.00000 | 
     65.65637 |      58.83045 |       0.01523 |       0.00526 |       0.01465 |       1.00000 |       1.00000 |      37.04463 |      36.63465 |   12939.48145 |    8471.60254 |    4461.57764 |   12939.77148 |      36.50000 |      37.00000 | 
     63.62594 |      59.76929 |       0.01572 |       0.00526 |       0.01465 |       1.00000 |       1.00000 |      37.04465 |      36.63462 |   12937.55957 |    8473.93164 |    4457.32764 |   12937.85059 |      36.50000 |      37.00000 | 
     65.35641 |      59.46717 |       0.01530 |       0.00526 |       0.01465 |       1.00000 |       1.00000 |      37.04468 |      36.63459 |   12935.33105 |    8476.62793 |    4452.40283 |   12935.62207 |      36.50000 |      37.00000 | 
     63.53854 |      61.73220 |       0.01574 |       0.00526 |       0.01465 |       1.00000 |       1.00000 |      37.04471 |      36.63456 |   12933.41602 |    8478.93555 |    4448.17871 |   12933.70996 |      36.50000 |      37.00000 | 
     66.15942 |      60.42661 |       0.01512 |       0.00526 |       0.01465 |       1.00000 |       1.00000 |      37.04473 |      36.63454 |   12931.82520 |    8480.85059 |    4444.67236 |   12932.11621 |      36.50000 |      37.00000 | 
     63.88650 |      60.42296 |       0.01565 |       0.00526 |       0.01465 |       1.00000 |       1.00000 |      37.04475 |      36.63451 |   12929.89746 |    8483.16406 |    4440.43262 |   12930.19238 |      36.50000 |      37.00000 | 
     65.87000 |      58.36008 |       0.01518 |       0.00526 |       0.01465 |       1.00000 |       1.00000 |      37.04478 |      36.63448 |   12927.65918 |    8485.84473 |    4435.51270 |   12927.95312 |      36.50000 |      37.00000 | 
     63.89854 |      60.36825 |       0.01565 |       0.00526 |       0.01465 |       1.00000 |       1.00000 |      37.04480 |      36.63446 |   12925.75098 |    8488.12012 |    4431.32910 |   12926.04492 |      36.50000 |      37.00000 | 
     66.27975 |      59.05977 |       0.01509 |       0.00526 |       0.01465 |       1.00000 |       1.00000 |      37.04482 |      36.63443 |   12924.15137 |    8490.02539 |    4427.82422 |   12924.44531 |      36.50000 |      37.00000 | 
     63.98629 |      59.02142 |       0.01563 |       0.00526 |       0.01465 |       1.00000 |       1.00000 |      37.04485 |      36.63441 |   12922.22949 |    8492.30957 |    4423.61816 |   12922.52344 |      36.50000 |      37.00000 | 
     65.61193 |      60.09977 |       0.01524 |       0.00516 |       0.01431 |       1.00000 |       1.00000 |      37.04488 |      36.63438 |   12920.00293 |    8494.94629 |    4418.75635 |   12920.29785 |      36.50000 |      37.00000 | 
     63.65253 |      61.19577 |       0.01571 |       0.00516 |       0.01431 |       1.00000 |       1.00000 |      37.04490 |      36.63435 |   12918.08594 |    8497.20996 |    4414.57471 |   12918.37988 |      36.50000 |      37.00000 | 
     65.73772 |      59.62674 |       0.01521 |       0.00516 |       0.01431 |       1.00000 |       1.00000 |      37.04493 |      36.63432 |   12915.84668 |    8499.84570 |    4409.69971 |   12916.14062 |      36.50000 |      37.00000 | 
     63.83813 |      60.51804 |       0.01566 |       0.00516 |       0.01431 |       1.00000 |       1.00000 |      37.04495 |      36.63430 |   12913.94043 |    8502.08496 |    4405.55371 |   12914.23438 |      36.50000 |      37.00000 | 
     62.48335 |      59.61252 |       0.01600 |       0.00516 |       0.01431 |       1.00000 |       1.00000 |      37.04498 |      36.63427 |   12912.02148 |    8504.32910 |    4401.39062 |   12912.31543 |      36.50000 |      37.00000 | 
     61.66354 |      60.00960 |       0.01622 |       0.00516 |       0.01431 |       1.00000 |       1.00000 |      37.04500 |      36.63425 |   12910.10742 |    8506.56348 |    4397.24268 |   12910.40137 |      36.50000 |      37.00000 | 
     61.68055 |     123.00123 |       0.01621 |       0.00516 |       0.01431 |       1.00000 |       1.00000 |      37.04503 |      36.63422 |   12908.02539 |    8508.98535 |    4392.73877 |   12908.31934 |      36.50000 |      37.00000 | 
     61.12934 |      59.93766 |       0.01636 |       0.00516 |       0.01431 |       1.00000 |       1.00000 |      37.04505 |      36.63419 |   12906.11133 |    8511.20312 |    4388.60693 |   12906.40625 |      36.50000 |      37.00000 | 
     60.78358 |      59.79073 |       0.01645 |       0.00516 |       0.01431 |       1.00000 |       1.00000 |      37.04507 |      36.63418 |   12904.82910 |    8512.68750 |    4385.84082 |   12905.12305 |      36.50000 |      37.00000 | 
     57.69941 |      59.48132 |       0.01733 |       0.00516 |       0.01431 |       1.00000 |       1.00000 |      37.04510 |      36.63414 |   12902.43164 |    8515.44922 |    4380.68066 |   12902.72559 |      36.50000 |      37.00000 | 
     62.60322 |     125.12512 |       0.01597 |       0.00516 |       0.01431 |       1.00000 |       1.00000 |      37.04513 |      36.63412 |   12900.20996 |    8515.11816 |    4378.79053 |   12900.50391 |      36.50000 |      37.00000 | 
     61.59661 |      59.59476 |       0.01623 |       0.00516 |       0.01431 |       1.00000 |       1.00000 |      37.04515 |      36.63409 |   12898.28418 |    8518.26758 |    4373.71533 |   12898.57812 |      36.50000 |      37.00000 | 
     61.15937 |      61.04261 |       0.01635 |       0.00516 |       0.01431 |       1.00000 |       1.00000 |      37.04518 |      36.63407 |   12896.37891 |    8521.37500 |    4368.70215 |   12896.67285 |      36.50000 |      37.00000 | 
     64.31348 |      59.71932 |       0.01555 |       0.00516 |       0.01431 |       1.00000 |       1.00000 |      37.04520 |      36.63405 |   12894.78223 |    8523.96777 |    4364.51318 |   12895.07617 |      36.50000 |      37.00000 | 
     66.86456 |     120.26458 |       0.01496 |       0.00516 |       0.01431 |       1.00000 |       1.00000 |      37.04523 |      36.63402 |   12892.55273 |    8533.82617 |    4352.42529 |   12892.84668 |      36.50000 |      37.00000 | 
     64.27219 |      59.11214 |       0.01556 |       0.00516 |       0.01431 |       1.00000 |       1.00000 |      37.04525 |      36.63400 |   12890.62695 |    8535.58984 |    4348.73584 |   12890.92090 |      36.50000 |      37.00000 | 
     66.91859 |     121.58054 |       0.01494 |       0.00516 |       0.01431 |       1.00000 |       1.00000 |      37.04528 |      36.63396 |   12888.40527 |    8537.61133 |    4344.49316 |   12888.70020 |      36.50000 |      37.00000 | 
     64.42035 |      59.97361 |       0.01552 |       0.00516 |       0.01431 |       1.00000 |       1.00000 |      37.04531 |      36.63394 |   12886.48926 |    8539.34277 |    4340.84521 |   12886.78516 |      36.50000 |      37.00000 | 
     62.94533 |      61.28953 |       0.01589 |       0.00516 |       0.01431 |       1.00000 |       1.00000 |      37.04534 |      36.63392 |   12884.57910 |    8541.05762 |    4337.21973 |   12884.87500 |      36.50000 |      37.00000 | 
     65.62753 |      59.46010 |       0.01524 |       0.00516 |       0.01431 |       1.00000 |       1.00000 |      37.04536 |      36.63390 |   12882.98438 |    8542.48340 |    4334.20020 |   12883.27930 |      36.50000 |      37.00000 | 
     63.50756 |      58.95879 |       0.01575 |       0.00532 |       0.01454 |       1.00000 |       1.00000 |      37.04538 |      36.63387 |   12881.05957 |    8547.40137 |    4327.35645 |   12881.35547 |      36.50000 |      37.00000 | 
     65.39013 |      59.85157 |       0.01529 |       0.00532 |       0.01454 |       1.00000 |       1.00000 |      37.04541 |      36.63385 |   12878.84570 |    8548.69824 |    4323.84570 |   12879.14160 |      36.50000 |      37.00000 | 
     63.30113 |      59.49548 |       0.01580 |       0.00532 |       0.01454 |       1.00000 |       1.00000 |      37.04544 |      36.63382 |   12876.91504 |    8549.81250 |    4320.80029 |   12877.21094 |      36.50000 |      37.00000 | 
     62.30791 |      59.85515 |       0.01605 |       0.00532 |       0.01454 |       1.00000 |       1.00000 |      37.04546 |      36.63380 |   12875.01660 |    8550.89453 |    4317.82178 |   12875.31250 |      36.50000 |      37.00000 | 
     64.64057 |      60.25911 |       0.01547 |       0.00532 |       0.01454 |       1.00000 |       1.00000 |      37.04549 |      36.63378 |   12873.41797 |    8551.79590 |    4315.32080 |   12873.71387 |      36.50000 |      37.00000 | 
     67.18969 |     122.68433 |       0.01488 |       0.00532 |       0.01454 |       1.00000 |       1.00000 |      37.04552 |      36.63375 |   12871.19922 |    8553.02832 |    4311.86914 |   12871.49512 |      36.50000 |      37.00000 | 
     64.57459 |      60.04203 |       0.01549 |       0.00532 |       0.01454 |       1.00000 |       1.00000 |      37.04554 |      36.63373 |   12869.28223 |    8554.08008 |    4308.90088 |   12869.57812 |      36.50000 |      37.00000 | 
     62.98782 |      61.23699 |       0.01588 |       0.00532 |       0.01454 |       1.00000 |       1.00000 |      37.04557 |      36.63371 |   12867.36719 |    8555.11426 |    4305.95068 |   12867.66309 |      36.50000 |      37.00000 | 
     65.01372 |      60.65385 |       0.01538 |       0.00532 |       0.01454 |       1.00000 |       1.00000 |      37.04560 |      36.63368 |   12865.14453 |    8556.29785 |    4302.54541 |   12865.44043 |      36.50000 |      37.00000 | 
     63.20340 |      60.44853 |       0.01582 |       0.00532 |       0.01454 |       1.00000 |       1.00000 |      37.04563 |      36.63366 |   12863.22363 |    8557.30469 |    4299.61816 |   12863.51953 |      36.50000 |      37.00000 | 
     65.96065 |      59.88383 |       0.01516 |       0.00532 |       0.01454 |       1.00000 |       1.00000 |      37.04565 |      36.63364 |   12861.64160 |    8558.12305 |    4297.21729 |   12861.93750 |      36.50000 |      37.00000 | 
     63.75439 |      60.87168 |       0.01569 |       0.00532 |       0.01454 |       1.00000 |       1.00000 |      37.04567 |      36.63362 |   12859.71582 |    8559.10449 |    4294.31006 |   12860.01172 |      36.50000 |      37.00000 | 
     66.28159 |      59.39301 |       0.01509 |       0.00532 |       0.01454 |       1.00000 |       1.00000 |      37.04570 |      36.63360 |   12858.12891 |    8559.90234 |    4291.92529 |   12858.42480 |      36.50000 |      37.00000 | 
     63.97103 |      59.55571 |       0.01563 |       0.00532 |       0.01454 |       1.00000 |       1.00000 |      37.04572 |      36.63358 |   12856.20996 |    8560.85645 |    4289.05225 |   12856.50586 |      36.50000 |      37.00000 | 
     66.71300 |     121.66930 |       0.01499 |       0.00532 |       0.01454 |       1.00000 |       1.00000 |      37.04575 |      36.63355 |   12853.98926 |    8561.93945 |    4285.74854 |   12854.28516 |      36.50000 |      37.00000 | 
     64.24957 |      58.73025 |       0.01556 |       0.00532 |       0.01454 |       1.00000 |       1.00000 |      37.04578 |      36.63353 |   12852.07324 |    8562.85840 |    4282.91260 |   12852.36914 |      36.50000 |      37.00000 | 
     62.80918 |      59.90176 |       0.01592 |       0.00532 |       0.01454 |       1.00000 |       1.00000 |      37.04581 |      36.63351 |   12850.16406 |    8563.75879 |    4280.10400 |   12850.45996 |      36.50000 |      37.00000 | 
     65.95498 |     122.36906 |       0.01516 |       0.00532 |       0.01454 |       1.00000 |       1.00000 |      37.04584 |      36.63348 |   12847.94141 |    8564.78906 |    4276.85156 |   12848.23730 |      36.50000 |      37.00000 | 
     63.77906 |      59.97361 |       0.01568 |       0.00532 |       0.01454 |       1.00000 |       1.00000 |      37.04586 |      36.63346 |   12846.02246 |    8565.66211 |    4274.05957 |   12846.31836 |      36.50000 |      37.00000 | 
     62.50255 |      60.61708 |       0.01600 |       0.00532 |       0.01454 |       1.00000 |       1.00000 |      37.04589 |      36.63344 |   12844.11230 |    8566.51758 |    4271.29443 |   12844.40820 |      36.50000 |      37.00000 | 
     65.13734 |      59.86590 |       0.01535 |       0.00573 |       0.01475 |       1.00000 |       1.00000 |      37.04593 |      36.63342 |   12841.88672 |    8567.49414 |    4268.09131 |   12842.18262 |      36.50000 |      37.00000 | 
     63.28629 |      59.64808 |       0.01580 |       0.00573 |       0.01475 |       1.00000 |       1.00000 |      37.04595 |      36.63340 |   12839.97070 |    8568.31836 |    4265.35205 |   12840.26660 |      36.50000 |      37.00000 | 
     62.15440 |      59.83366 |       0.01609 |       0.00573 |       0.01475 |       1.00000 |       1.00000 |      37.04598 |      36.63337 |   12838.05859 |    8569.12695 |    4262.63086 |   12838.35449 |      36.50000 |      37.00000 | 
     61.52447 |      60.93845 |       0.01625 |       0.00573 |       0.01475 |       1.00000 |       1.00000 |      37.04601 |      36.63335 |   12836.15625 |    8569.91504 |    4259.93994 |   12836.45215 |      36.50000 |      37.00000 | 
     60.89144 |      59.37537 |       0.01642 |       0.00573 |       0.01475 |       1.00000 |       1.00000 |      37.04603 |      36.63333 |   12834.23535 |    8570.69824 |    4257.23584 |   12834.53125 |      36.50000 |      37.00000 | 
     60.62360 |      59.39301 |       0.01650 |       0.00573 |       0.01475 |       1.00000 |       1.00000 |      37.04606 |      36.63331 |   12832.32812 |    8571.45898 |    4254.56787 |   12832.62402 |      36.50000 |      37.00000 | 
     57.59126 |      60.46315 |       0.01736 |       0.00573 |       0.01475 |       1.00000 |       1.00000 |      37.04609 |      36.63329 |   12829.93457 |    8572.39258 |    4251.24023 |   12830.23047 |      36.50000 |      37.00000 | 
     58.51262 |      61.54982 |       0.01709 |       0.00573 |       0.01475 |       1.00000 |       1.00000 |      37.04612 |      36.63327 |   12828.03516 |    8573.11621 |    4248.61768 |   12828.33301 |      36.50000 |      37.00000 | 
     58.93980 |      59.81219 |       0.01697 |       0.00573 |       0.01475 |       1.00000 |       1.00000 |      37.04615 |      36.63325 |   12826.11914 |    8573.83008 |    4245.98779 |   12826.41699 |      36.50000 |      37.00000 | 
     55.83647 |      33.91670 |       0.01791 |       0.00573 |       0.01475 |       1.00000 |       1.00000 |      37.04618 |      36.63322 |   12823.72266 |    8574.70215 |    4242.71973 |   12824.02051 |      36.50000 |      37.00000 | 
     60.71772 |      59.79073 |       0.01647 |       0.00573 |       0.01475 |       1.00000 |       1.00000 |      37.04622 |      36.63320 |   12821.49902 |    8575.49121 |    4239.70703 |   12821.79688 |      36.50000 |      37.00000 | 
     60.42965 |      60.17209 |       0.01655 |       0.00573 |       0.01475 |       1.00000 |       1.00000 |      37.04625 |      36.63318 |   12819.58203 |    8576.15527 |    4237.12646 |   12819.87988 |      36.50000 |      37.00000 | 
     64.41859 |     122.97098 |       0.01552 |       0.00573 |       0.01475 |       1.00000 |       1.00000 |      37.04628 |      36.63316 |   12817.36328 |    8576.90137 |    4234.16162 |   12817.66113 |      36.50000 |      37.00000 | 
     62.69758 |      59.33662 |       0.01595 |       0.00573 |       0.01475 |       1.00000 |       1.00000 |      37.04630 |      36.63314 |   12815.43652 |    8577.53418 |    4231.60107 |   12815.73438 |      36.50000 |      37.00000 | 
     65.93778 |     122.72951 |       0.01517 |       0.00573 |       0.01475 |       1.00000 |       1.00000 |      37.04634 |      36.63311 |   12813.22070 |    8580.40039 |    4226.51855 |   12813.51855 |      36.50000 |      37.00000 | 
     63.82644 |      60.47778 |       0.01567 |       0.00573 |       0.01475 |       1.00000 |       1.00000 |      37.04636 |      36.63309 |   12811.30762 |    8580.41895 |    4224.58740 |   12811.60547 |      36.50000 |      37.00000 | 
     65.94838 |      59.59831 |       0.01516 |       0.00573 |       0.01475 |       1.00000 |       1.00000 |      37.04640 |      36.63307 |   12809.08008 |    8580.42480 |    4222.35352 |   12809.37695 |      36.50000 |      37.00000 | 
     63.89495 |      60.64281 |       0.01565 |       0.00573 |       0.01475 |       1.00000 |       1.00000 |      37.04642 |      36.63305 |   12807.17188 |    8580.41504 |    4220.45459 |   12807.46875 |      36.50000 |      37.00000 | 
     66.03521 |      60.03482 |       0.01514 |       0.00573 |       0.01475 |       1.00000 |       1.00000 |      37.04646 |      36.63303 |   12804.94629 |    8580.38965 |    4218.25488 |   12805.24316 |      36.50000 |      37.00000 | 
     63.82389 |      60.17571 |       0.01567 |       0.00530 |       0.01449 |       1.00000 |       1.00000 |      37.04649 |      36.63301 |   12803.02734 |    8580.35156 |    4216.37451 |   12803.32520 |      36.50000 |      37.00000 | 
     66.57153 |     120.43839 |       0.01502 |       0.00530 |       0.01449 |       1.00000 |       1.00000 |      37.04652 |      36.63299 |   12800.80566 |    8580.29297 |    4214.21143 |   12801.10352 |      36.50000 |      37.00000 | 
     63.99535 |      59.14010 |       0.01563 |       0.00530 |       0.01449 |       1.00000 |       1.00000 |      37.04655 |      36.63297 |   12798.87500 |    8580.22656 |    4212.34570 |   12799.17285 |      36.50000 |      37.00000 | 
     66.22990 |      60.01680 |       0.01510 |       0.00530 |       0.01449 |       1.00000 |       1.00000 |      37.04658 |      36.63295 |   12796.66699 |    8580.13770 |    4210.22803 |   12796.96387 |      36.50000 |      37.00000 | 
     63.80663 |      59.38595 |       0.01567 |       0.00530 |       0.01449 |       1.00000 |       1.00000 |      37.04661 |      36.63293 |   12794.73730 |    8580.04395 |    4208.39209 |   12795.03516 |      36.50000 |      37.00000 | 
     66.73013 |     121.62491 |       0.01499 |       0.00530 |       0.01449 |       1.00000 |       1.00000 |      37.04664 |      36.63292 |   12792.53125 |    8579.91992 |    4206.31104 |   12792.82910 |      36.50000 |      37.00000 | 
     64.19367 |      59.54507 |       0.01558 |       0.00530 |       0.01449 |       1.00000 |       1.00000 |      37.04667 |      36.63290 |   12790.60840 |    8579.79883 |    4204.50928 |   12790.90625 |      36.50000 |      37.00000 | 
     66.14296 |      59.04233 |       0.01512 |       0.00530 |       0.01449 |       1.00000 |       1.00000 |      37.04670 |      36.63288 |   12788.38281 |    8579.64258 |    4202.43994 |   12788.68066 |      36.50000 |      37.00000 | 
     63.90452 |      59.20312 |       0.01565 |       0.00530 |       0.01449 |       1.00000 |       1.00000 |      37.04673 |      36.63286 |   12786.46875 |    8579.49219 |    4200.67529 |   12786.76660 |      36.50000 |      37.00000 | 
     66.18491 |      60.18658 |       0.01511 |       0.00530 |       0.01449 |       1.00000 |       1.00000 |      37.04677 |      36.63284 |   12784.26074 |    8579.30566 |    4198.65381 |   12784.55762 |      36.50000 |      37.00000 | 
     63.78751 |      58.90669 |       0.01568 |       0.00530 |       0.01449 |       1.00000 |       1.00000 |      37.04679 |      36.63282 |   12782.33301 |    8579.12598 |    4196.90527 |   12782.62988 |      36.50000 |      37.00000 | 
     65.99937 |      59.75143 |       0.01515 |       0.00530 |       0.01449 |       1.00000 |       1.00000 |      37.04683 |      36.63280 |   12780.11621 |    8578.90332 |    4194.91113 |   12780.41406 |      36.50000 |      37.00000 | 
     63.75705 |      59.06326 |       0.01568 |       0.00530 |       0.01449 |       1.00000 |       1.00000 |      37.04686 |      36.63279 |   12778.19629 |    8578.69727 |    4193.19727 |   12778.49414 |      36.50000 |      37.00000 | 
     65.96908 |      59.29440 |       0.01516 |       0.00530 |       0.01449 |       1.00000 |       1.00000 |      37.04689 |      36.63277 |   12775.97949 |    8578.44336 |    4191.23535 |   12776.27734 |      36.50000 |      37.00000 | 
     63.90590 |      60.59137 |       0.01565 |       0.00530 |       0.01449 |       1.00000 |       1.00000 |      37.04692 |      36.63275 |   12774.07227 |    8578.20898 |    4189.56250 |   12774.37012 |      36.50000 |      37.00000 | 
     66.29675 |      59.34366 |       0.01508 |       0.00530 |       0.01449 |       1.00000 |       1.00000 |      37.04694 |      36.63274 |   12772.47852 |    8580.07715 |    4186.10010 |   12772.77637 |      36.50000 |      37.00000 | 
     64.07894 |      60.37553 |       0.01561 |       0.00530 |       0.01449 |       1.00000 |       1.00000 |      37.04697 |      36.63272 |   12770.56934 |    8579.30957 |    4184.95898 |   12770.86621 |      36.50000 |      37.00000 | 
     66.71252 |     120.22121 |       0.01499 |       0.00530 |       0.01449 |       1.00000 |       1.00000 |      37.04701 |      36.63270 |   12768.34570 |    8578.39746 |    4183.64600 |   12768.64258 |      36.50000 |      37.00000 | 
     64.31361 |      60.54735 |       0.01555 |       0.00530 |       0.01449 |       1.00000 |       1.00000 |      37.04704 |      36.63268 |   12766.43359 |    8577.59863 |    4182.53320 |   12766.73145 |      36.50000 |      37.00000 | 
     66.91026 |     122.98610 |       0.01495 |       0.00544 |       0.01456 |       1.00000 |       1.00000 |      37.04707 |      36.63267 |   12764.21289 |    8576.65430 |    4181.25635 |   12764.51074 |      36.50000 |      37.00000 | 
     64.32654 |      59.51318 |       0.01555 |       0.00544 |       0.01456 |       1.00000 |       1.00000 |      37.04710 |      36.63265 |   12762.29199 |    8575.82324 |    4180.16699 |   12762.58887 |      36.50000 |      37.00000 | 
     62.91503 |      60.06728 |       0.01589 |       0.00544 |       0.01456 |       1.00000 |       1.00000 |      37.04713 |      36.63263 |   12760.38965 |    8574.98730 |    4179.10156 |   12760.68652 |      36.50000 |      37.00000 | 
     66.29527 |     121.27092 |       0.01508 |       0.00544 |       0.01456 |       1.00000 |       1.00000 |      37.04715 |      36.63262 |   12758.80664 |    8574.28223 |    4178.22314 |   12759.10449 |      36.50000 |      37.00000 | 
     60.40641 |      39.87718 |       0.01655 |       0.00544 |       0.01456 |       1.00000 |       1.00000 |      37.04719 |      36.63260 |   12756.39844 |    8573.18945 |    4176.90674 |   12756.69531 |      36.50000 |      37.00000 | 
     60.14317 |      59.55926 |       0.01663 |       0.00544 |       0.01456 |       1.00000 |       1.00000 |      37.04722 |      36.63259 |   12754.47754 |    8572.30371 |    4175.87305 |   12754.77539 |      36.50000 |      37.00000 | 
     60.14232 |      59.54507 |       0.01663 |       0.00544 |       0.01456 |       1.00000 |       1.00000 |      37.04725 |      36.63257 |   12752.57520 |    8571.41113 |    4174.86279 |   12752.87305 |      36.50000 |      37.00000 | 
     60.11858 |      59.52735 |       0.01663 |       0.00544 |       0.01456 |       1.00000 |       1.00000 |      37.04728 |      36.63256 |   12750.67090 |    8570.50684 |    4173.86182 |   12750.96777 |      36.50000 |      37.00000 | 
     60.22103 |      61.11722 |       0.01661 |       0.00544 |       0.01456 |       1.00000 |       1.00000 |      37.04731 |      36.63254 |   12748.77441 |    8569.59082 |    4172.88232 |   12749.07227 |      36.50000 |      37.00000 | 
     60.89734 |      59.98080 |       0.01642 |       0.00544 |       0.01456 |       1.00000 |       1.00000 |      37.04735 |      36.63252 |   12746.04980 |    8568.25195 |    4171.49561 |   12746.34863 |      36.50000 |      37.00000 | 
     60.52114 |      59.80503 |       0.01652 |       0.00544 |       0.01456 |       1.00000 |       1.00000 |      37.04738 |      36.63251 |   12744.13281 |    8567.29590 |    4170.53564 |   12744.43066 |      36.50000 |      37.00000 | 
     64.41767 |     121.27092 |       0.01552 |       0.00544 |       0.01456 |       1.00000 |       1.00000 |      37.04742 |      36.63249 |   12741.91113 |    8566.16992 |    4169.44092 |   12742.20898 |      36.50000 |      37.00000 | 
     62.83720 |      60.00240 |       0.01591 |       0.00544 |       0.01456 |       1.00000 |       1.00000 |      37.04745 |      36.63248 |   12739.99805 |    8565.18457 |    4168.51221 |   12740.29492 |      36.50000 |      37.00000 | 
     66.03757 |     124.51749 |       0.01514 |       0.00544 |       0.01456 |       1.00000 |       1.00000 |      37.04748 |      36.63246 |   12737.78223 |    8564.02734 |    4167.45410 |   12738.08008 |      36.50000 |      37.00000 | 
     63.73888 |      59.54153 |       0.01569 |       0.00544 |       0.01456 |       1.00000 |       1.00000 |      37.04751 |      36.63245 |   12735.85840 |    8563.00586 |    4166.55078 |   12736.15625 |      36.50000 |      37.00000 | 
     66.09097 |      60.41201 |       0.01513 |       0.00544 |       0.01456 |       1.00000 |       1.00000 |      37.04755 |      36.63243 |   12733.65039 |    8561.81836 |    4165.52979 |   12733.94824 |      36.50000 |      37.00000 | 
     63.83068 |      60.19020 |       0.01567 |       0.00544 |       0.01456 |       1.00000 |       1.00000 |      37.04758 |      36.63242 |   12731.73047 |    8560.77148 |    4164.65771 |   12732.02832 |      36.50000 |      37.00000 | 
     62.40661 |      58.93099 |       0.01602 |       0.00544 |       0.01456 |       1.00000 |       1.00000 |      37.04761 |      36.63240 |   12729.81445 |    8554.86328 |    4168.64990 |   12730.11230 |      36.50000 |      37.00000 | 
     64.78948 |      59.23469 |       0.01543 |       0.00544 |       0.01456 |       1.00000 |       1.00000 |      37.04763 |      36.63239 |   12728.22852 |    8565.74121 |    4156.18652 |   12728.52637 |      36.50000 |      37.00000 | 
     63.18851 |      61.11349 |       0.01583 |       0.00535 |       0.01473 |       1.00000 |       1.00000 |      37.04766 |      36.63238 |   12726.32520 |    8574.38184 |    4145.64258 |   12726.62305 |      36.50000 |      37.00000 | 
     65.67431 |      58.34306 |       0.01523 |       0.00535 |       0.01473 |       1.00000 |       1.00000 |      37.04769 |      36.63237 |   12724.72559 |    8570.08691 |    4148.33740 |   12725.02539 |      36.50000 |      37.00000 | 
     63.70187 |      59.75143 |       0.01570 |       0.00535 |       0.01473 |       1.00000 |       1.00000 |      37.04771 |      36.63236 |   12722.82031 |    8564.97949 |    4151.53906 |   12723.11816 |      36.50000 |      37.00000 | 
     65.79593 |      58.72335 |       0.01520 |       0.00535 |       0.01473 |       1.00000 |       1.00000 |      37.04775 |      36.63234 |   12720.59473 |    8559.02832 |    4155.26562 |   12720.89453 |      36.50000 |      37.00000 | 
     63.83091 |      60.87909 |       0.01567 |       0.00535 |       0.01473 |       1.00000 |       1.00000 |      37.04778 |      36.63233 |   12718.69238 |    8553.94922 |    4158.44238 |   12718.99023 |      36.50000 |      37.00000 | 
     65.51726 |      60.28454 |       0.01526 |       0.00535 |       0.01473 |       1.00000 |       1.00000 |      37.04782 |      36.63232 |   12716.47461 |    8548.03906 |    4162.13477 |   12716.77441 |      36.50000 |      37.00000 | 
     63.58719 |      60.99421 |       0.01573 |       0.00535 |       0.01473 |       1.00000 |       1.00000 |      37.04785 |      36.63231 |   12714.56445 |    8542.95996 |    4165.30371 |   12714.86426 |      36.50000 |      37.00000 | 
     65.97449 |      59.07721 |       0.01516 |       0.00535 |       0.01473 |       1.00000 |       1.00000 |      37.04787 |      36.63229 |   12712.96484 |    8538.71289 |    4167.95068 |   12713.26465 |      36.50000 |      37.00000 | 
     63.86349 |      59.83008 |       0.01566 |       0.00535 |       0.01473 |       1.00000 |       1.00000 |      37.04790 |      36.63228 |   12711.05664 |    8533.65332 |    4171.10303 |   12711.35547 |      36.50000 |      37.00000 | 
     66.45231 |      59.73716 |       0.01505 |       0.00535 |       0.01473 |       1.00000 |       1.00000 |      37.04793 |      36.63227 |   12709.47949 |    8529.48242 |    4173.69629 |   12709.77930 |      36.50000 |      37.00000 | 
     64.16123 |      60.34639 |       0.01559 |       0.00535 |       0.01473 |       1.00000 |       1.00000 |      37.04796 |      36.63226 |   12707.57031 |    8524.43750 |    4176.83105 |   12707.86914 |      36.50000 |      37.00000 | 
     66.79863 |     122.39902 |       0.01497 |       0.00535 |       0.01473 |       1.00000 |       1.00000 |      37.04799 |      36.63225 |   12705.34961 |    8518.58594 |    4180.46191 |   12705.64941 |      36.50000 |      37.00000 | 
     64.32951 |      60.47412 |       0.01554 |       0.00535 |       0.01473 |       1.00000 |       1.00000 |      37.04802 |      36.63224 |   12703.43555 |    8513.54883 |    4183.58496 |   12703.73438 |      36.50000 |      37.00000 | 
     66.28941 |      59.65163 |       0.01509 |       0.00535 |       0.01473 |       1.00000 |       1.00000 |      37.04806 |      36.63222 |   12701.21387 |    8507.71875 |    4187.19385 |   12701.51367 |      36.50000 |      37.00000 | 
     63.83038 |      58.78895 |       0.01567 |       0.00535 |       0.01473 |       1.00000 |       1.00000 |      37.04809 |      36.63221 |   12699.28711 |    8502.67285 |    4190.31250 |   12699.58496 |      36.50000 |      37.00000 | 
     66.15913 |      60.23008 |       0.01512 |       0.00535 |       0.01473 |       1.00000 |       1.00000 |      37.04813 |      36.63220 |   12697.08496 |    8496.91602 |    4193.86768 |   12697.38477 |      36.50000 |      37.00000 | 
     63.84977 |      59.73002 |       0.01566 |       0.00535 |       0.01473 |       1.00000 |       1.00000 |      37.04816 |      36.63219 |   12695.16504 |    8491.90723 |    4196.95654 |   12695.46387 |      36.50000 |      37.00000 | 
     66.42547 |      59.76929 |       0.01505 |       0.00535 |       0.01473 |       1.00000 |       1.00000 |      37.04818 |      36.63218 |   12693.58691 |    8487.79785 |    4199.48682 |   12693.88574 |      36.50000 |      37.00000 | 
     63.84169 |      58.25469 |       0.01566 |       0.00535 |       0.01473 |       1.00000 |       1.00000 |      37.04821 |      36.63217 |   12691.65430 |    8482.77734 |    4202.57617 |   12691.95410 |      36.50000 |      37.00000 | 
     66.06976 |      59.17860 |       0.01514 |       0.00535 |       0.01473 |       1.00000 |       1.00000 |      37.04825 |      36.63216 |   12689.44727 |    8478.23242 |    4204.91406 |   12689.74707 |      36.50000 |      37.00000 | 
     63.97992 |      60.13952 |       0.01563 |       0.00535 |       0.01460 |       1.00000 |       1.00000 |      37.04828 |      36.63214 |   12687.54492 |    8472.99219 |    4208.25146 |   12687.84375 |      36.50000 |      37.00000 | 
     65.57777 |      59.66231 |       0.01525 |       0.00535 |       0.01460 |       1.00000 |       1.00000 |      37.04832 |      36.63213 |   12685.32617 |    8466.89746 |    4212.12842 |   12685.62598 |      36.50000 |      37.00000 | 
     63.53941 |      60.09615 |       0.01574 |       0.00535 |       0.01460 |       1.00000 |       1.00000 |      37.04835 |      36.63213 |   12683.41211 |    8461.64746 |    4215.46289 |   12683.71094 |      36.50000 |      37.00000 | 
     62.39374 |      59.97721 |       0.01603 |       0.00535 |       0.01460 |       1.00000 |       1.00000 |      37.04838 |      36.63211 |   12681.51172 |    8456.44434 |    4218.76660 |   12681.81055 |      36.50000 |      37.00000 | 
     61.59412 |      60.16847 |       0.01624 |       0.00535 |       0.01460 |       1.00000 |       1.00000 |      37.04841 |      36.63211 |   12679.60547 |    8451.23828 |    4222.06592 |   12679.90527 |      36.50000 |      37.00000 | 
     60.97832 |      59.95204 |       0.01640 |       0.00535 |       0.01460 |       1.00000 |       1.00000 |      37.04844 |      36.63210 |   12677.69141 |    8446.02148 |    4225.36865 |   12677.99121 |      36.50000 |      37.00000 | 
     60.57066 |      59.39301 |       0.01651 |       0.00535 |       0.01460 |       1.00000 |       1.00000 |      37.04847 |      36.63209 |   12675.77930 |    8440.81543 |    4228.66260 |   12676.07910 |      36.50000 |      37.00000 | 
     60.48219 |      60.13952 |       0.01653 |       0.00535 |       0.01460 |       1.00000 |       1.00000 |      37.04850 |      36.63208 |   12673.88281 |    8435.66699 |    4231.91504 |   12674.18262 |      36.50000 |      37.00000 | 
     60.26801 |      59.83008 |       0.01659 |       0.00535 |       0.01460 |       1.00000 |       1.00000 |      37.04853 |      36.63207 |   12671.97168 |    8430.48828 |    4235.18213 |   12672.27148 |      36.50000 |      37.00000 | 
     60.21188 |      59.77644 |       0.01661 |       0.00535 |       0.01460 |       1.00000 |       1.00000 |      37.04856 |      36.63206 |   12670.06934 |    8425.34375 |    4238.42432 |   12670.36914 |      36.50000 |      37.00000 | 
     60.07759 |      60.42296 |       0.01665 |       0.00535 |       0.01460 |       1.00000 |       1.00000 |      37.04860 |      36.63205 |   12668.15723 |    8420.18164 |    4241.67480 |   12668.45703 |      36.50000 |      37.00000 | 
     63.63974 |      59.72289 |       0.01571 |       0.00535 |       0.01460 |       1.00000 |       1.00000 |      37.04862 |      36.63205 |   12666.58008 |    8415.93457 |    4244.34473 |   12666.87988 |      36.50000 |      37.00000 | 
     62.40356 |      60.48143 |       0.01602 |       0.00535 |       0.01460 |       1.00000 |       1.00000 |      37.04865 |      36.63203 |   12664.67383 |    8410.80664 |    4247.56543 |   12664.97266 |      36.50000 |      37.00000 | 
     65.00812 |      59.69793 |       0.01538 |       0.00535 |       0.01460 |       1.00000 |       1.00000 |      37.04869 |      36.63203 |   12662.44922 |    8404.83789 |    4251.31006 |   12662.74805 |      36.50000 |      37.00000 | 
     63.32859 |      60.77180 |       0.01579 |       0.00535 |       0.01460 |       1.00000 |       1.00000 |      37.04872 |      36.63202 |   12660.54590 |    8400.28418 |    4253.96045 |   12660.84473 |      36.50000 |      37.00000 | 
     65.78033 |      58.88935 |       0.01520 |       0.00535 |       0.01460 |       1.00000 |       1.00000 |      37.04874 |      36.63201 |   12658.94727 |    8395.86914 |    4256.77783 |   12659.24707 |      36.50000 |      37.00000 | 
     67.91025 |     120.59817 |       0.01473 |       0.00535 |       0.01460 |       1.00000 |       1.00000 |      37.04878 |      36.63200 |   12656.73828 |    8389.77344 |    4260.66357 |   12657.03711 |      36.50000 |      37.00000 | 
     65.02383 |      59.98080 |       0.01538 |       0.00535 |       0.01460 |       1.00000 |       1.00000 |      37.04881 |      36.63200 |   12654.82812 |    8384.51367 |    4264.01318 |   12655.12695 |      36.50000 |      37.00000 | 
     67.34527 |     120.58363 |       0.01485 |       0.00535 |       0.01460 |       1.00000 |       1.00000 |      37.04885 |      36.63198 |   12652.60938 |    8378.41699 |    4267.89062 |   12652.90820 |      36.50000 |      37.00000 | 
     64.51614 |      59.10165 |       0.01550 |       0.00535 |       0.01460 |       1.00000 |       1.00000 |      37.04888 |      36.63198 |   12650.68652 |    8373.14551 |    4271.23926 |   12650.98535 |      36.50000 |      37.00000 | 
     66.40232 |      59.48840 |       0.01506 |       0.00465 |       0.01385 |       1.00000 |       1.00000 |      37.04892 |      36.63197 |   12648.47168 |    8367.08594 |    4275.08447 |   12648.77051 |      36.50000 |      37.00000 | 
     64.08739 |      59.87666 |       0.01560 |       0.00465 |       0.01385 |       1.00000 |       1.00000 |      37.04895 |      36.63196 |   12646.56152 |    8361.87305 |    4278.38770 |   12646.86133 |      36.50000 |      37.00000 | 
     66.09709 |      58.76131 |       0.01513 |       0.00465 |       0.01385 |       1.00000 |       1.00000 |      37.04898 |      36.63195 |   12644.34277 |    8355.82715 |    4282.21533 |   12644.64258 |      36.50000 |      37.00000 | 
     64.09769 |      62.08866 |       0.01560 |       0.00465 |       0.01385 |       1.00000 |       1.00000 |      37.04902 |      36.63195 |   12642.44727 |    8350.67383 |    4285.47266 |   12642.74707 |      36.50000 |      37.00000 | 
     66.46021 |      60.30272 |       0.01505 |       0.00465 |       0.01385 |       1.00000 |       1.00000 |      37.04904 |      36.63194 |   12640.85645 |    8346.35645 |    4288.19922 |   12641.15625 |      36.50000 |      37.00000 | 
     63.98362 |      58.80623 |       0.01563 |       0.00465 |       0.01385 |       1.00000 |       1.00000 |      37.04907 |      36.63194 |   12638.93555 |    8341.15137 |    4291.48193 |   12639.23438 |      36.50000 |      37.00000 | 
     66.55724 |      59.60186 |       0.01502 |       0.00465 |       0.01385 |       1.00000 |       1.00000 |      37.04910 |      36.63193 |   12637.36230 |    8336.90137 |    4294.16016 |   12637.66211 |      36.50000 |      37.00000 | 
     64.16872 |      59.60186 |       0.01558 |       0.00465 |       0.01385 |       1.00000 |       1.00000 |      37.04913 |      36.63192 |   12635.45117 |    8331.74316 |    4297.40576 |   12635.75098 |      36.50000 |      37.00000 | 
     65.65068 |      59.25575 |       0.01523 |       0.00465 |       0.01385 |       1.00000 |       1.00000 |      37.04917 |      36.63192 |   12633.23242 |    8325.76855 |    4301.16260 |   12633.53027 |      36.50000 |      37.00000 | 
     63.66776 |      60.70540 |       0.01571 |       0.00465 |       0.01385 |       1.00000 |       1.00000 |      37.04920 |      36.63191 |   12631.32520 |    8320.64648 |    4304.37842 |   12631.62500 |      36.50000 |      37.00000 | 
     66.20501 |      59.37185 |       0.01510 |       0.00465 |       0.01385 |       1.00000 |       1.00000 |      37.04922 |      36.63191 |   12629.74219 |    8316.40137 |    4307.04004 |   12630.04102 |      36.50000 |      37.00000 | 
     63.95943 |      60.40836 |       0.01563 |       0.00465 |       0.01385 |       1.00000 |       1.00000 |      37.04926 |      36.63190 |   12627.83105 |    8311.28516 |    4310.24512 |   12628.13086 |      36.50000 |      37.00000 | 
     66.06423 |      60.13591 |       0.01514 |       0.00465 |       0.01385 |       1.00000 |       1.00000 |      37.04929 |      36.63190 |   12625.61523 |    8305.37012 |    4313.94434 |   12625.91504 |      36.50000 |      37.00000 | 
     63.92031 |      60.62443 |       0.01564 |       0.00465 |       0.01385 |       1.00000 |       1.00000 |      37.04932 |      36.63189 |   12623.70801 |    8299.27246 |    4318.13477 |   12624.00586 |      36.50000 |      37.00000 | 
     66.31131 |      59.23118 |       0.01508 |       0.00465 |       0.01385 |       1.00000 |       1.00000 |      37.04935 |      36.63189 |   12622.12012 |    8295.22461 |    4320.59424 |   12622.41895 |      36.50000 |      37.00000 | 
     68.16809 |     120.72920 |       0.01467 |       0.00465 |       0.01385 |       1.00000 |       1.00000 |      37.04939 |      36.63188 |   12619.90527 |    8289.59668 |    4324.00635 |   12620.20312 |      36.50000 |      37.00000 | 
     65.15579 |      59.85515 |       0.01535 |       0.00465 |       0.01385 |       1.00000 |       1.00000 |      37.04942 |      36.63187 |   12617.99512 |    8284.75098 |    4326.94189 |   12618.29199 |      36.50000 |      37.00000 | 
     67.42445 |     122.56404 |       0.01483 |       0.00465 |       0.01385 |       1.00000 |       1.00000 |      37.04945 |      36.63187 |   12615.77832 |    8279.14453 |    4330.33252 |   12616.07617 |      36.50000 |      37.00000 | 
     64.64500 |      59.47778 |       0.01547 |       0.00465 |       0.01385 |       1.00000 |       1.00000 |      37.04949 |      36.63187 |   12613.86230 |    8274.31152 |    4333.25049 |   12614.16016 |      36.50000 |      37.00000 | 
     66.44301 |      59.35070 |       0.01505 |       0.00465 |       0.01385 |       1.00000 |       1.00000 |      37.04952 |      36.63186 |   12611.64355 |    8268.72461 |    4336.61816 |   12611.94141 |      36.50000 |      37.00000 | 
     64.21227 |      60.45949 |       0.01557 |       0.00500 |       0.01432 |       1.00000 |       1.00000 |      37.04956 |      36.63186 |   12609.74219 |    8263.94922 |    4339.49121 |   12610.04004 |      36.50000 |      37.00000 | 
     65.72949 |      60.31727 |       0.01521 |       0.00500 |       0.01432 |       1.00000 |       1.00000 |      37.04959 |      36.63185 |   12607.52637 |    8258.39551 |    4342.82861 |   12607.82422 |      36.50000 |      37.00000 | 
     63.55753 |      59.10864 |       0.01573 |       0.00500 |       0.01432 |       1.00000 |       1.00000 |      37.04963 |      36.63185 |   12605.60840 |    8253.60156 |    4345.70557 |   12605.90625 |      36.50000 |      37.00000 | 
     62.35168 |      60.59872 |       0.01604 |       0.00500 |       0.01432 |       1.00000 |       1.00000 |      37.04966 |      36.63184 |   12603.70508 |    8248.85547 |    4348.54883 |   12604.00293 |      36.50000 |      37.00000 | 
     61.60570 |      60.83465 |       0.01623 |       0.00500 |       0.01432 |       1.00000 |       1.00000 |      37.04969 |      36.63184 |   12601.80469 |    8244.12500 |    4351.37842 |   12602.10254 |      36.50000 |      37.00000 | 
     61.05416 |      59.33662 |       0.01638 |       0.00500 |       0.01432 |       1.00000 |       1.00000 |      37.04972 |      36.63184 |   12599.90234 |    8239.40234 |    4354.19727 |   12600.19922 |      36.50000 |      37.00000 | 
     60.66164 |      59.46717 |       0.01648 |       0.00500 |       0.01432 |       1.00000 |       1.00000 |      37.04975 |      36.63184 |   12597.99512 |    8234.68359 |    4357.01123 |   12598.29297 |      36.50000 |      37.00000 | 
     60.46579 |      60.16123 |       0.01654 |       0.00500 |       0.01432 |       1.00000 |       1.00000 |      37.04978 |      36.63183 |   12596.09375 |    8229.98730 |    4359.80566 |   12596.39160 |      36.50000 |      37.00000 | 
     60.43400 |      59.98080 |       0.01655 |       0.00500 |       0.01432 |       1.00000 |       1.00000 |      37.04980 |      36.63183 |   12594.83203 |    8226.87207 |    4361.66016 |   12595.12988 |      36.50000 |      37.00000 | 
     60.95792 |      59.12961 |       0.01640 |       0.00500 |       0.01432 |       1.00000 |       1.00000 |      37.04985 |      36.63182 |   12592.12012 |    8222.10645 |    4363.71387 |   12592.41797 |      36.50000 |      37.00000 | 
     60.67044 |      61.14712 |       0.01648 |       0.00500 |       0.01432 |       1.00000 |       1.00000 |      37.04988 |      36.63182 |   12590.21777 |    8216.57324 |    4367.34326 |   12590.51562 |      36.50000 |      37.00000 | 
     64.02987 |      60.02761 |       0.01562 |       0.00500 |       0.01432 |       1.00000 |       1.00000 |      37.04990 |      36.63182 |   12588.63672 |    8211.98340 |    4370.35254 |   12588.93457 |      36.50000 |      37.00000 | 
     62.58483 |      60.30999 |       0.01598 |       0.00500 |       0.01432 |       1.00000 |       1.00000 |      37.04994 |      36.63182 |   12586.72656 |    8206.44043 |    4373.98486 |   12587.02441 |      36.50000 |      37.00000 | 
     65.37363 |      59.03188 |       0.01530 |       0.00500 |       0.01432 |       1.00000 |       1.00000 |      37.04996 |      36.63182 |   12585.14258 |    8201.85352 |    4376.98779 |   12585.44043 |      36.50000 |      37.00000 | 
     63.53519 |      61.04261 |       0.01574 |       0.00500 |       0.01432 |       1.00000 |       1.00000 |      37.05000 |      36.63181 |   12583.24121 |    8196.35156 |    4380.58838 |   12583.53906 |      36.50000 |      37.00000 | 
     66.06573 |      59.38948 |       0.01514 |       0.00500 |       0.01432 |       1.00000 |       1.00000 |      37.05002 |      36.63181 |   12581.65527 |    8191.76953 |    4383.58447 |   12581.95312 |      36.50000 |      37.00000 | 
     67.98499 |     120.83132 |       0.01471 |       0.00500 |       0.01432 |       1.00000 |       1.00000 |      37.05006 |      36.63181 |   12579.44043 |    8185.37695 |    4387.76221 |   12579.73730 |      36.50000 |      37.00000 | 
     65.33804 |      81.56607 |       0.01531 |       0.00500 |       0.01432 |       1.00000 |       1.00000 |      37.05009 |      36.63181 |   12577.53027 |    8179.87012 |    4391.35840 |   12577.82715 |      36.50000 |      37.00000 | 
     66.93578 |      60.00240 |       0.01494 |       0.00500 |       0.01432 |       1.00000 |       1.00000 |      37.05013 |      36.63181 |   12575.31641 |    8173.49658 |    4395.51807 |   12575.61426 |      36.50000 |      37.00000 | 
     64.38333 |      60.30635 |       0.01553 |       0.00500 |       0.01432 |       1.00000 |       1.00000 |      37.05016 |      36.63181 |   12573.40332 |    8168.00244 |    4399.10010 |   12573.70117 |      36.50000 |      37.00000 | 
     66.79223 |      60.07810 |       0.01497 |       0.00486 |       0.01382 |       1.00000 |       1.00000 |      37.05019 |      36.63181 |   12571.82715 |    8163.47559 |    4402.05078 |   12572.12500 |      36.50000 |      37.00000 | 
     68.47175 |     122.21951 |       0.01460 |       0.00486 |       0.01382 |       1.00000 |       1.00000 |      37.05022 |      36.63180 |   12569.61230 |    8157.12354 |    4406.18701 |   12569.91016 |      36.50000 |      37.00000 | 
     65.36016 |      60.59872 |       0.01530 |       0.00486 |       0.01382 |       1.00000 |       1.00000 |      37.05025 |      36.63180 |   12567.70215 |    8151.65527 |    4409.74512 |   12568.00000 |      36.50000 |      37.00000 | 
     67.58640 |     123.01636 |       0.01480 |       0.00486 |       0.01382 |       1.00000 |       1.00000 |      37.05029 |      36.63180 |   12565.48926 |    8145.33008 |    4413.85791 |   12565.78711 |      36.50000 |      37.00000 | 
     64.68719 |      59.22066 |       0.01546 |       0.00486 |       0.01382 |       1.00000 |       1.00000 |      37.05032 |      36.63180 |   12563.57031 |    8139.85596 |    4417.41357 |   12563.86816 |      36.50000 |      37.00000 | 
     66.95874 |      59.26277 |       0.01493 |       0.00486 |       0.01382 |       1.00000 |       1.00000 |      37.05035 |      36.63180 |   12561.99219 |    8136.48438 |    4419.20557 |   12562.29004 |      36.50000 |      37.00000 | 
     64.50872 |      60.74965 |       0.01550 |       0.00486 |       0.01382 |       1.00000 |       1.00000 |      37.05038 |      36.63180 |   12560.08887 |    8130.91455 |    4422.87354 |   12560.38672 |      36.50000 |      37.00000 | 
     66.69100 |      59.24522 |       0.01499 |       0.00486 |       0.01382 |       1.00000 |       1.00000 |      37.05041 |      36.63180 |   12558.49805 |    8126.26318 |    4425.93359 |   12558.79590 |      36.50000 |      37.00000 | 
     68.42404 |     121.13870 |       0.01461 |       0.00486 |       0.01382 |       1.00000 |       1.00000 |      37.05045 |      36.63180 |   12556.29004 |    8119.81445 |    4430.17334 |   12556.58789 |      36.50000 |      37.00000 | 
     65.28564 |      60.20470 |       0.01532 |       0.00486 |       0.01382 |       1.00000 |       1.00000 |      37.05048 |      36.63180 |   12554.37793 |    8114.24609 |    4433.83008 |   12554.67578 |      36.50000 |      37.00000 | 
     66.81237 |      59.12262 |       0.01497 |       0.00486 |       0.01382 |       1.00000 |       1.00000 |      37.05051 |      36.63180 |   12552.15918 |    8107.79395 |    4438.06348 |   12552.45703 |      36.50000 |      37.00000 | 
     68.52722 |     122.01073 |       0.01459 |       0.00486 |       0.01382 |       1.00000 |       1.00000 |      37.05055 |      36.63180 |   12549.95117 |    8101.38135 |    4442.26904 |   12550.24902 |      36.50000 |      37.00000 | 
     65.36674 |      59.44596 |       0.01530 |       0.00486 |       0.01382 |       1.00000 |       1.00000 |      37.05058 |      36.63180 |   12548.04199 |    8095.84668 |    4445.89355 |   12548.33984 |      36.50000 |      37.00000 | 
     66.88248 |      59.47778 |       0.01495 |       0.00486 |       0.01382 |       1.00000 |       1.00000 |      37.05062 |      36.63180 |   12545.82324 |    8089.42725 |    4450.09473 |   12546.12109 |      36.50000 |      37.00000 | 
     68.51261 |     121.44765 |       0.01460 |       0.00486 |       0.01382 |       1.00000 |       1.00000 |      37.05066 |      36.63181 |   12543.60938 |    8083.03223 |    4454.27588 |   12543.90723 |      36.50000 |      37.00000 | 
     65.42268 |      60.51071 |       0.01529 |       0.00486 |       0.01382 |       1.00000 |       1.00000 |      37.05069 |      36.63181 |   12541.70508 |    8077.54248 |    4457.86084 |   12542.00293 |      36.50000 |      37.00000 | 
     66.89735 |      59.61607 |       0.01495 |       0.00486 |       0.01382 |       1.00000 |       1.00000 |      37.05072 |      36.63181 |   12539.48438 |    8071.15625 |    4462.02734 |   12539.78223 |      36.50000 |      37.00000 | 
     64.38138 |      59.88383 |       0.01553 |       0.00486 |       0.01382 |       1.00000 |       1.00000 |      37.05075 |      36.63181 |   12537.57617 |    8065.67334 |    4465.60059 |   12537.87402 |      36.50000 |      37.00000 | 
     66.67133 |      59.16460 |       0.01500 |       0.00486 |       0.01382 |       1.00000 |       1.00000 |      37.05078 |      36.63181 |   12535.99219 |    8061.12695 |    4468.56445 |   12536.29004 |      36.50000 |      37.00000 | 
     68.37052 |     120.14899 |       0.01463 |       0.00472 |       0.01347 |       1.00000 |       1.00000 |      37.05082 |      36.63181 |   12533.78027 |    8056.41504 |    4471.06494 |   12534.07812 |      36.50000 |      37.00000 | 
     65.19392 |      59.31550 |       0.01534 |       0.00472 |       0.01347 |       1.00000 |       1.00000 |      37.05085 |      36.63181 |   12531.86621 |    8050.58105 |    4474.98291 |   12532.16406 |      36.50000 |      37.00000 | 
     67.56858 |     124.20818 |       0.01480 |       0.00472 |       0.01347 |       1.00000 |       1.00000 |      37.05089 |      36.63182 |   12529.66406 |    8043.88184 |    4479.48096 |   12529.96191 |      36.50000 |      37.00000 | 
     64.72461 |      60.13952 |       0.01545 |       0.00472 |       0.01347 |       1.00000 |       1.00000 |      37.05092 |      36.63182 |   12527.75000 |    8038.06982 |    4483.37891 |   12528.04785 |      36.50000 |      37.00000 | 
     63.08736 |      59.86232 |       0.01585 |       0.00472 |       0.01347 |       1.00000 |       1.00000 |      37.05095 |      36.63182 |   12525.84863 |    8032.30664 |    4487.24072 |   12526.14648 |      36.50000 |      37.00000 | 
     62.18877 |      60.25548 |       0.01608 |       0.00472 |       0.01347 |       1.00000 |       1.00000 |      37.05098 |      36.63182 |   12523.96191 |    8026.59668 |    4491.06396 |   12524.25977 |      36.50000 |      37.00000 | 
     61.96427 |      59.39301 |       0.01614 |       0.00472 |       0.01347 |       1.00000 |       1.00000 |      37.05103 |      36.63183 |   12521.23438 |    8018.35742 |    4496.57471 |   12521.53223 |      36.50000 |      37.00000 | 
     61.37162 |      59.99160 |       0.01629 |       0.00472 |       0.01347 |       1.00000 |       1.00000 |      37.05106 |      36.63183 |   12519.33984 |    8012.64990 |    4500.38867 |   12519.63770 |      36.50000 |      37.00000 | 
     57.41632 |      40.31283 |       0.01742 |       0.00472 |       0.01347 |       1.00000 |       1.00000 |      37.05109 |      36.63183 |   12517.75684 |    8007.88281 |    4503.57275 |   12518.05273 |      36.50000 |      37.00000 | 
     62.28744 |     123.25896 |       0.01605 |       0.00472 |       0.01347 |       1.00000 |       1.00000 |      37.05112 |      36.63184 |   12515.53809 |    8001.21875 |    4508.01807 |   12515.83398 |      36.50000 |      37.00000 | 
     61.40058 |      59.49902 |       0.01629 |       0.00472 |       0.01347 |       1.00000 |       1.00000 |      37.05116 |      36.63184 |   12513.62695 |    7995.48291 |    4511.84277 |   12513.92480 |      36.50000 |      37.00000 | 
     64.98871 |     118.52554 |       0.01539 |       0.00472 |       0.01347 |       1.00000 |       1.00000 |      37.05119 |      36.63184 |   12511.41406 |    7988.86035 |    4516.25195 |   12511.70996 |      36.50000 |      37.00000 | 
     63.13834 |      59.65163 |       0.01584 |       0.00472 |       0.01347 |       1.00000 |       1.00000 |      37.05122 |      36.63185 |   12509.50391 |    7983.15430 |    4520.04883 |   12509.79980 |      36.50000 |      37.00000 | 
     65.14897 |      59.98080 |       0.01535 |       0.00472 |       0.01347 |       1.00000 |       1.00000 |      37.05126 |      36.63185 |   12507.29980 |    7976.58203 |    4524.41699 |   12507.59668 |      36.50000 |      37.00000 | 
     63.27605 |      61.88885 |       0.01580 |       0.00472 |       0.01347 |       1.00000 |       1.00000 |      37.05129 |      36.63186 |   12505.38867 |    7970.89355 |    4528.19336 |   12505.68457 |      36.50000 |      37.00000 | 
     66.02200 |      59.84441 |       0.01515 |       0.00472 |       0.01347 |       1.00000 |       1.00000 |      37.05132 |      36.63186 |   12503.81641 |    7966.22363 |    4531.29150 |   12504.11328 |      36.50000 |      37.00000 | 
     63.79749 |      59.94485 |       0.01567 |       0.00472 |       0.01347 |       1.00000 |       1.00000 |      37.05135 |      36.63186 |   12501.90625 |    7960.55420 |    4535.04980 |   12502.20215 |      36.50000 |      37.00000 | 
     66.19050 |      59.64096 |       0.01511 |       0.00472 |       0.01347 |       1.00000 |       1.00000 |      37.05138 |      36.63187 |   12500.31738 |    7955.85156 |    4538.16455 |   12500.61328 |      36.50000 |      37.00000 | 
     68.20950 |     122.91052 |       0.01466 |       0.00472 |       0.01347 |       1.00000 |       1.00000 |      37.05141 |      36.63187 |   12498.11719 |    7949.34961 |    4542.46729 |   12498.41406 |      36.50000 |      37.00000 | 
     65.16761 |      60.39012 |       0.01535 |       0.00472 |       0.01347 |       1.00000 |       1.00000 |      37.05145 |      36.63188 |   12496.20801 |    7943.71680 |    4546.19043 |   12496.50391 |      36.50000 |      37.00000 | 
     66.79591 |      59.80503 |       0.01497 |       0.00509 |       0.01446 |       1.00000 |       1.00000 |      37.05148 |      36.63188 |   12493.99414 |    7937.19531 |    4550.49756 |   12494.29004 |      36.50000 |      37.00000 | 
     64.24634 |      59.09816 |       0.01557 |       0.00509 |       0.01446 |       1.00000 |       1.00000 |      37.05151 |      36.63189 |   12492.08203 |    7924.69971 |    4561.08105 |   12492.37891 |      36.50000 |      37.00000 | 
     66.56101 |      58.57201 |       0.01502 |       0.00509 |       0.01446 |       1.00000 |       1.00000 |      37.05154 |      36.63189 |   12490.50098 |    7921.14990 |    4563.04980 |   12490.79688 |      36.50000 |      37.00000 | 
     64.25900 |      60.14676 |       0.01556 |       0.00509 |       0.01446 |       1.00000 |       1.00000 |      37.05157 |      36.63190 |   12488.60156 |    7916.89648 |    4565.40381 |   12488.89844 |      36.50000 |      37.00000 | 
     65.77316 |      59.94126 |       0.01520 |       0.00509 |       0.01446 |       1.00000 |       1.00000 |      37.05161 |      36.63190 |   12486.39355 |    7911.95752 |    4568.13428 |   12486.68945 |      36.50000 |      37.00000 | 
     67.25116 |      60.28818 |       0.01487 |       0.00509 |       0.01446 |       1.00000 |       1.00000 |      37.05164 |      36.63191 |   12484.18555 |    7907.03320 |    4570.85107 |   12484.48145 |      36.50000 |      37.00000 | 
     64.41228 |      58.95531 |       0.01552 |       0.00509 |       0.01446 |       1.00000 |       1.00000 |      37.05167 |      36.63192 |   12482.26367 |    7907.64844 |    4568.31348 |   12482.56055 |      36.50000 |      37.00000 | 
     66.95798 |      60.04924 |       0.01493 |       0.00509 |       0.01446 |       1.00000 |       1.00000 |      37.05170 |      36.63192 |   12480.70117 |    7904.23926 |    4570.16064 |   12480.99805 |      36.50000 |      37.00000 | 
     64.26125 |      59.03885 |       0.01556 |       0.00509 |       0.01446 |       1.00000 |       1.00000 |      37.05173 |      36.63193 |   12478.78223 |    7900.06250 |    4572.41846 |   12479.07812 |      36.50000 |      37.00000 | 
     66.18345 |      59.10165 |       0.01511 |       0.00509 |       0.01446 |       1.00000 |       1.00000 |      37.05177 |      36.63194 |   12476.56934 |    7895.27393 |    4574.99414 |   12476.86523 |      36.50000 |      37.00000 | 
     68.11192 |     119.14691 |       0.01468 |       0.00509 |       0.01446 |       1.00000 |       1.00000 |      37.05180 |      36.63194 |   12474.36523 |    7890.52100 |    4577.54297 |   12474.66113 |      36.50000 |      37.00000 | 
     65.04420 |      59.57346 |       0.01537 |       0.00509 |       0.01446 |       1.00000 |       1.00000 |      37.05183 |      36.63195 |   12472.45117 |    7886.40967 |    4579.74023 |   12472.74707 |      36.50000 |      37.00000 | 
     66.92128 |      60.36825 |       0.01494 |       0.00509 |       0.01446 |       1.00000 |       1.00000 |      37.05187 |      36.63195 |   12470.25488 |    7881.71387 |    4582.23877 |   12470.55078 |      36.50000 |      37.00000 | 
     64.31597 |      59.62674 |       0.01555 |       0.00509 |       0.01446 |       1.00000 |       1.00000 |      37.05190 |      36.63196 |   12468.34180 |    7877.64355 |    4584.39746 |   12468.63867 |      36.50000 |      37.00000 | 
     66.96940 |     123.39585 |       0.01493 |       0.00509 |       0.01446 |       1.00000 |       1.00000 |      37.05194 |      36.63197 |   12466.13770 |    7872.97217 |    4586.86475 |   12466.43262 |      36.50000 |      37.00000 | 
     64.31297 |      59.61963 |       0.01555 |       0.00509 |       0.01446 |       1.00000 |       1.00000 |      37.05197 |      36.63198 |   12464.22266 |    7868.92871 |    4588.99170 |   12464.51855 |      36.50000 |      37.00000 | 
     66.39706 |      60.31727 |       0.01506 |       0.00509 |       0.01446 |       1.00000 |       1.00000 |      37.05201 |      36.63198 |   12462.02148 |    7864.30469 |    4591.41553 |   12462.31738 |      36.50000 |      37.00000 | 
     64.10026 |      60.49973 |       0.01560 |       0.00509 |       0.01446 |       1.00000 |       1.00000 |      37.05204 |      36.63199 |   12460.11816 |    7860.32520 |    4593.49170 |   12460.41211 |      36.50000 |      37.00000 | 
     66.76759 |     123.19823 |       0.01498 |       0.00509 |       0.01446 |       1.00000 |       1.00000 |      37.05207 |      36.63200 |   12457.90723 |    7855.72217 |    4595.88428 |   12458.20410 |      36.50000 |      37.00000 | 
     64.24622 |      60.24822 |       0.01557 |       0.00525 |       0.01432 |       1.00000 |       1.00000 |      37.05210 |      36.63201 |   12455.99707 |    7851.75879 |    4597.93652 |   12456.29199 |      36.50000 |      37.00000 | 
     66.91111 |     123.24377 |       0.01495 |       0.00525 |       0.01432 |       1.00000 |       1.00000 |      37.05214 |      36.63202 |   12453.79297 |    7847.20996 |    4600.28125 |   12454.08691 |      36.50000 |      37.00000 | 
     64.27953 |      59.84082 |       0.01556 |       0.00525 |       0.01432 |       1.00000 |       1.00000 |      37.05217 |      36.63203 |   12451.87891 |    7843.27539 |    4602.30176 |   12452.17285 |      36.50000 |      37.00000 | 
     62.88905 |      60.00960 |       0.01590 |       0.00525 |       0.01432 |       1.00000 |       1.00000 |      37.05220 |      36.63203 |   12449.98828 |    7839.40771 |    4604.27930 |   12450.28223 |      36.50000 |      37.00000 | 
     61.97507 |      60.99049 |       0.01614 |       0.00525 |       0.01432 |       1.00000 |       1.00000 |      37.05223 |      36.63205 |   12448.09473 |    7831.81104 |    4609.98242 |   12448.38867 |      36.50000 |      37.00000 | 
     57.78543 |      34.11223 |       0.01731 |       0.00525 |       0.01432 |       1.00000 |       1.00000 |      37.05226 |      36.63205 |   12446.34668 |    7822.33398 |    4617.71191 |   12446.64160 |      36.50000 |      37.00000 | 
     58.34274 |      59.92689 |       0.01714 |       0.00525 |       0.01432 |       1.00000 |       1.00000 |      37.05229 |      36.63206 |   12444.43164 |    7820.97949 |    4617.15088 |   12444.72559 |      36.50000 |      37.00000 | 
     58.93798 |      59.88741 |       0.01697 |       0.00525 |       0.01432 |       1.00000 |       1.00000 |      37.05232 |      36.63207 |   12442.54004 |    7819.66016 |    4616.57812 |   12442.83496 |      36.50000 |      37.00000 | 
     59.27298 |      59.03885 |       0.01687 |       0.00525 |       0.01432 |       1.00000 |       1.00000 |      37.05235 |      36.63208 |   12440.64258 |    7818.35107 |    4615.98975 |   12440.93750 |      36.50000 |      37.00000 | 
     59.51231 |      60.10338 |       0.01680 |       0.00525 |       0.01432 |       1.00000 |       1.00000 |      37.05238 |      36.63209 |   12438.74512 |    7817.05859 |    4615.38525 |   12439.04004 |      36.50000 |      37.00000 | 
     63.82735 |     123.42632 |       0.01567 |       0.00525 |       0.01432 |       1.00000 |       1.00000 |      37.05242 |      36.63210 |   12436.54102 |    7815.57520 |    4614.66455 |   12436.83594 |      36.50000 |      37.00000 | 
     62.25243 |      58.38393 |       0.01606 |       0.00525 |       0.01432 |       1.00000 |       1.00000 |      37.05245 |      36.63211 |   12434.62207 |    7814.30127 |    4614.01953 |   12434.91699 |      36.50000 |      37.00000 | 
     64.93805 |      58.61665 |       0.01540 |       0.00525 |       0.01432 |       1.00000 |       1.00000 |      37.05249 |      36.63212 |   12432.41406 |    7812.85498 |    4613.25781 |   12432.70801 |      36.50000 |      37.00000 | 
     66.82827 |      60.32455 |       0.01496 |       0.00525 |       0.01432 |       1.00000 |       1.00000 |      37.05252 |      36.63213 |   12430.21680 |    7811.43555 |    4612.47949 |   12430.51172 |      36.50000 |      37.00000 | 
     64.22089 |      59.38242 |       0.01557 |       0.00525 |       0.01432 |       1.00000 |       1.00000 |      37.05256 |      36.63214 |   12428.30176 |    7810.21631 |    4611.78418 |   12428.59668 |      36.50000 |      37.00000 | 
     66.67326 |      59.38242 |       0.01500 |       0.00525 |       0.01432 |       1.00000 |       1.00000 |      37.05258 |      36.63215 |   12426.72949 |    7809.22656 |    4611.20166 |   12427.02441 |      36.50000 |      37.00000 | 
     68.37281 |     123.54831 |       0.01463 |       0.00525 |       0.01432 |       1.00000 |       1.00000 |      37.05262 |      36.63216 |   12424.52051 |    7807.85352 |    4610.36475 |   12424.81445 |      36.50000 |      37.00000 | 
     65.22352 |      60.06728 |       0.01533 |       0.00525 |       0.01432 |       1.00000 |       1.00000 |      37.05265 |      36.63217 |   12422.60938 |    7806.68506 |    4609.62354 |   12422.90430 |      36.50000 |      37.00000 | 
     66.77855 |      59.22066 |       0.01497 |       0.00525 |       0.01432 |       1.00000 |       1.00000 |      37.05268 |      36.63218 |   12420.39746 |    7805.34961 |    4608.74658 |   12420.69238 |      36.50000 |      37.00000 | 
     64.36559 |      59.53799 |       0.01554 |       0.00521 |       0.01422 |       1.00000 |       1.00000 |      37.05271 |      36.63219 |   12418.50000 |    7804.22168 |    4607.97705 |   12418.79492 |      36.50000 |      37.00000 | 
     66.21880 |      60.74227 |       0.01510 |       0.00521 |       0.01422 |       1.00000 |       1.00000 |      37.05274 |      36.63220 |   12416.92188 |    7803.29346 |    4607.32715 |   12417.21680 |      36.50000 |      37.00000 | 
     67.38064 |      59.38948 |       0.01484 |       0.00521 |       0.01422 |       1.00000 |       1.00000 |      37.05277 |      36.63221 |   12414.70801 |    7802.01270 |    4606.39404 |   12415.00293 |      36.50000 |      37.00000 | 
     64.81244 |      61.12096 |       0.01543 |       0.00521 |       0.01422 |       1.00000 |       1.00000 |      37.05280 |      36.63223 |   12412.81348 |    7800.93164 |    4605.58057 |   12413.10840 |      36.50000 |      37.00000 | 
     66.86974 |      58.66135 |       0.01495 |       0.00521 |       0.01422 |       1.00000 |       1.00000 |      37.05283 |      36.63224 |   12411.22461 |    7800.03613 |    4604.88672 |   12411.51855 |      36.50000 |      37.00000 | 
     67.96442 |      59.94485 |       0.01471 |       0.00521 |       0.01422 |       1.00000 |       1.00000 |      37.05286 |      36.63225 |   12409.02344 |    7800.33057 |    4602.39111 |   12409.31445 |      36.50000 |      37.00000 | 
     64.94098 |      59.92330 |       0.01540 |       0.00521 |       0.01422 |       1.00000 |       1.00000 |      37.05289 |      36.63226 |   12407.11133 |    7797.83740 |    4602.97266 |   12407.40234 |      36.50000 |      37.00000 | 
     67.28448 |      60.64649 |       0.01486 |       0.00521 |       0.01422 |       1.00000 |       1.00000 |      37.05292 |      36.63227 |   12405.54590 |    7795.80273 |    4603.44141 |   12405.83691 |      36.50000 |      37.00000 | 
     68.67621 |     121.32977 |       0.01456 |       0.00521 |       0.01422 |       1.00000 |       1.00000 |      37.05295 |      36.63228 |   12403.33105 |    7792.93896 |    4604.08984 |   12403.62207 |      36.50000 |      37.00000 | 
     65.27740 |      59.08419 |       0.01532 |       0.00521 |       0.01422 |       1.00000 |       1.00000 |      37.05298 |      36.63230 |   12401.41309 |    7767.21484 |    4627.89697 |   12401.70410 |      36.50000 |      37.00000 | 
     67.56870 |      59.91253 |       0.01480 |       0.00521 |       0.01422 |       1.00000 |       1.00000 |      37.05301 |      36.63231 |   12399.85254 |    7768.01904 |    4625.53125 |   12400.14355 |      36.50000 |      37.00000 | 
     64.75054 |      60.14676 |       0.01544 |       0.00521 |       0.01422 |       1.00000 |       1.00000 |      37.05304 |      36.63232 |   12397.94434 |    7769.00635 |    4622.63623 |   12398.23535 |      36.50000 |      37.00000 | 
     66.96135 |      58.95531 |       0.01493 |       0.00521 |       0.01422 |       1.00000 |       1.00000 |      37.05306 |      36.63233 |   12396.36621 |    7769.82275 |    4620.24219 |   12396.65723 |      36.50000 |      37.00000 | 
     64.54638 |      61.56119 |       0.01549 |       0.00521 |       0.01422 |       1.00000 |       1.00000 |      37.05309 |      36.63234 |   12394.47070 |    7770.80127 |    4617.36816 |   12394.76172 |      36.50000 |      37.00000 | 
     66.71664 |      58.55144 |       0.01499 |       0.00521 |       0.01422 |       1.00000 |       1.00000 |      37.05312 |      36.63235 |   12392.88477 |    7771.61865 |    4614.96533 |   12393.17676 |      36.50000 |      37.00000 | 
     68.50560 |     122.11504 |       0.01460 |       0.00521 |       0.01422 |       1.00000 |       1.00000 |      37.05315 |      36.63237 |   12390.68652 |    7772.75195 |    4611.63379 |   12390.97852 |      36.50000 |      37.00000 | 
     65.33327 |      59.68011 |       0.01531 |       0.00521 |       0.01422 |       1.00000 |       1.00000 |      37.05318 |      36.63238 |   12388.78027 |    7773.73633 |    4608.74268 |   12389.07129 |      36.50000 |      37.00000 | 
     67.31779 |      59.42477 |       0.01485 |       0.00521 |       0.01422 |       1.00000 |       1.00000 |      37.05321 |      36.63239 |   12387.19727 |    7774.55029 |    4606.34521 |   12387.48828 |      36.50000 |      37.00000 | 
     68.80559 |     121.27092 |       0.01453 |       0.00521 |       0.01422 |       1.00000 |       1.00000 |      37.05324 |      36.63240 |   12384.99414 |    7775.68359 |    4603.00879 |   12385.28516 |      36.50000 |      37.00000 | 
     65.46432 |      59.15409 |       0.01528 |       0.00521 |       0.01422 |       1.00000 |       1.00000 |      37.05327 |      36.63242 |   12383.08398 |    7776.66797 |    4600.11475 |   12383.37598 |      36.50000 |      37.00000 | 
     67.48283 |      59.38948 |       0.01482 |       0.00521 |       0.01422 |       1.00000 |       1.00000 |      37.05330 |      36.63243 |   12381.50781 |    7777.47705 |    4597.72900 |   12381.79883 |      36.50000 |      37.00000 | 
     68.88063 |     120.56908 |       0.01452 |       0.00500 |       0.01417 |       1.00000 |       1.00000 |      37.05333 |      36.63245 |   12379.30273 |    7778.61279 |    4594.38867 |   12379.59375 |      36.50000 |      37.00000 | 
     65.45740 |      58.93446 |       0.01528 |       0.00500 |       0.01417 |       1.00000 |       1.00000 |      37.05336 |      36.63246 |   12377.38867 |    7779.59326 |    4591.49463 |   12377.68066 |      36.50000 |      37.00000 | 
     66.70102 |      60.15761 |       0.01499 |       0.00500 |       0.01417 |       1.00000 |       1.00000 |      37.05339 |      36.63247 |   12375.20117 |    7780.71777 |    4588.18262 |   12375.49316 |      36.50000 |      37.00000 | 
     64.16272 |      59.86232 |       0.01559 |       0.00500 |       0.01417 |       1.00000 |       1.00000 |      37.05342 |      36.63249 |   12373.29102 |    7781.69434 |    4585.29492 |   12373.58203 |      36.50000 |      37.00000 | 
     62.85374 |      60.60973 |       0.01591 |       0.00500 |       0.01417 |       1.00000 |       1.00000 |      37.05346 |      36.63250 |   12371.40527 |    7782.66162 |    4582.44189 |   12371.69434 |      36.50000 |      37.00000 | 
     62.14450 |      60.35732 |       0.01609 |       0.00500 |       0.01417 |       1.00000 |       1.00000 |      37.05347 |      36.63251 |   12370.13867 |    7783.30908 |    4580.52832 |   12370.43066 |      36.50000 |      37.00000 | 
     61.73275 |      58.69923 |       0.01620 |       0.00500 |       0.01417 |       1.00000 |       1.00000 |      37.05350 |      36.63253 |   12368.06738 |    7784.57471 |    4577.19141 |   12368.35742 |      36.50000 |      37.00000 | 
     61.13828 |      60.04564 |       0.01636 |       0.00500 |       0.01417 |       1.00000 |       1.00000 |      37.05354 |      36.63254 |   12366.17090 |    7784.80371 |    4575.06641 |   12366.46191 |      36.50000 |      37.00000 | 
     60.86357 |      60.81245 |       0.01643 |       0.00500 |       0.01417 |       1.00000 |       1.00000 |      37.05357 |      36.63256 |   12364.28516 |    7785.02539 |    4572.95850 |   12364.57520 |      36.50000 |      37.00000 | 
     61.07422 |     122.97098 |       0.01637 |       0.00500 |       0.01417 |       1.00000 |       1.00000 |      37.05360 |      36.63257 |   12362.20898 |    7785.26904 |    4570.63867 |   12362.49902 |      36.50000 |      37.00000 | 
     60.58044 |      59.34718 |       0.01651 |       0.00500 |       0.01417 |       1.00000 |       1.00000 |      37.05363 |      36.63259 |   12360.30078 |    7785.49023 |    4568.50928 |   12360.59082 |      36.50000 |      37.00000 | 
     63.86801 |      58.61665 |       0.01566 |       0.00500 |       0.01417 |       1.00000 |       1.00000 |      37.05365 |      36.63260 |   12358.72070 |    7785.67090 |    4566.74854 |   12359.01074 |      36.50000 |      37.00000 | 
     66.74784 |     122.63920 |       0.01498 |       0.00500 |       0.01417 |       1.00000 |       1.00000 |      37.05368 |      36.63262 |   12356.52734 |    7785.91602 |    4564.30957 |   12356.81641 |      36.50000 |      37.00000 | 
     64.20203 |      59.23469 |       0.01558 |       0.00500 |       0.01417 |       1.00000 |       1.00000 |      37.05371 |      36.63263 |   12354.61816 |    7786.12939 |    4562.18750 |   12354.90723 |      36.50000 |      37.00000 | 
     66.58241 |      59.48486 |       0.01502 |       0.00500 |       0.01417 |       1.00000 |       1.00000 |      37.05374 |      36.63265 |   12353.04199 |    7786.29980 |    4560.44043 |   12353.33105 |      36.50000 |      37.00000 | 
     68.30151 |     119.73180 |       0.01464 |       0.00500 |       0.01417 |       1.00000 |       1.00000 |      37.05377 |      36.63266 |   12350.83594 |    7786.53906 |    4557.99512 |   12351.12598 |      36.50000 |      37.00000 | 
     65.07635 |      59.09816 |       0.01537 |       0.00500 |       0.01417 |       1.00000 |       1.00000 |      37.05380 |      36.63268 |   12348.92188 |    7786.74121 |    4555.87939 |   12349.21094 |      36.50000 |      37.00000 | 
     66.30910 |      59.23820 |       0.01508 |       0.00500 |       0.01417 |       1.00000 |       1.00000 |      37.05383 |      36.63270 |   12346.72461 |    7786.97021 |    4553.45312 |   12347.01465 |      36.50000 |      37.00000 | 
     68.22424 |     124.44002 |       0.01466 |       0.00500 |       0.01417 |       1.00000 |       1.00000 |      37.05387 |      36.63272 |   12344.52344 |    7787.19629 |    4551.02637 |   12344.81348 |      36.50000 |      37.00000 | 
     65.12878 |      60.12867 |       0.01535 |       0.00500 |       0.01417 |       1.00000 |       1.00000 |      37.05390 |      36.63273 |   12342.61523 |    7787.38672 |    4548.92725 |   12342.90527 |      36.50000 |      37.00000 | 
     67.22991 |      59.31198 |       0.01487 |       0.00474 |       0.01358 |       1.00000 |       1.00000 |      37.05392 |      36.63275 |   12341.03809 |    7787.54395 |    4547.19385 |   12341.32812 |      36.50000 |      37.00000 | 
     68.74107 |     122.69939 |       0.01455 |       0.00474 |       0.01358 |       1.00000 |       1.00000 |      37.05396 |      36.63277 |   12338.83496 |    7787.75684 |    4544.77637 |   12339.12402 |      36.50000 |      37.00000 | 
     65.47698 |      59.68368 |       0.01527 |       0.00474 |       0.01358 |       1.00000 |       1.00000 |      37.05398 |      36.63278 |   12336.93066 |    7787.93799 |    4542.69092 |   12337.22070 |      36.50000 |      37.00000 | 
     67.62199 |      60.06367 |       0.01479 |       0.00474 |       0.01358 |       1.00000 |       1.00000 |      37.05400 |      36.63280 |   12335.36328 |    7783.21777 |    4545.84473 |   12335.65332 |      36.50000 |      37.00000 | 
     68.87128 |     121.98097 |       0.01452 |       0.00474 |       0.01358 |       1.00000 |       1.00000 |      37.05404 |      36.63282 |   12333.15137 |    7784.54541 |    4542.30371 |   12333.44043 |      36.50000 |      37.00000 | 
     65.51299 |      59.76572 |       0.01526 |       0.00474 |       0.01358 |       1.00000 |       1.00000 |      37.05407 |      36.63284 |   12331.24414 |    7785.68848 |    4539.25488 |   12331.53223 |      36.50000 |      37.00000 | 
     67.62070 |      59.68724 |       0.01479 |       0.00474 |       0.01358 |       1.00000 |       1.00000 |      37.05409 |      36.63285 |   12329.67676 |    7786.62500 |    4536.75049 |   12329.96484 |      36.50000 |      37.00000 | 
     64.88599 |      61.45148 |       0.01541 |       0.00474 |       0.01358 |       1.00000 |       1.00000 |      37.05412 |      36.63287 |   12327.77832 |    7787.74902 |    4533.72754 |   12328.06641 |      36.50000 |      37.00000 | 
     66.96793 |      58.55830 |       0.01493 |       0.00474 |       0.01358 |       1.00000 |       1.00000 |      37.05414 |      36.63288 |   12326.19434 |    7788.68604 |    4531.20752 |   12326.48242 |      36.50000 |      37.00000 | 
     68.64734 |     123.01636 |       0.01457 |       0.00474 |       0.01358 |       1.00000 |       1.00000 |      37.05418 |      36.63290 |   12323.99707 |    7789.97852 |    4527.71729 |   12324.28516 |      36.50000 |      37.00000 | 
     65.30861 |      59.71932 |       0.01531 |       0.00474 |       0.01358 |       1.00000 |       1.00000 |      37.05421 |      36.63292 |   12322.08301 |    7791.09668 |    4524.68555 |   12322.37109 |      36.50000 |      37.00000 | 
     67.52642 |      59.74429 |       0.01481 |       0.00474 |       0.01358 |       1.00000 |       1.00000 |      37.05423 |      36.63293 |   12320.52051 |    7792.00928 |    4522.20996 |   12320.80859 |      36.50000 |      37.00000 | 
     68.86732 |     121.83236 |       0.01452 |       0.00474 |       0.01358 |       1.00000 |       1.00000 |      37.05426 |      36.63295 |   12318.31348 |    7793.28613 |    4518.72559 |   12318.60156 |      36.50000 |      37.00000 | 
     65.51992 |      59.71575 |       0.01526 |       0.00474 |       0.01358 |       1.00000 |       1.00000 |      37.05429 |      36.63297 |   12316.40723 |    7794.38721 |    4515.71924 |   12316.69531 |      36.50000 |      37.00000 | 
     67.58542 |      59.86948 |       0.01480 |       0.00474 |       0.01358 |       1.00000 |       1.00000 |      37.05431 |      36.63299 |   12314.83594 |    7795.28760 |    4513.24658 |   12315.12402 |      36.50000 |      37.00000 | 
     64.87603 |      60.54368 |       0.01541 |       0.00474 |       0.01358 |       1.00000 |       1.00000 |      37.05434 |      36.63301 |   12312.94043 |    7796.36914 |    4510.26953 |   12313.22852 |      36.50000 |      37.00000 | 
     67.01296 |      59.09118 |       0.01492 |       0.00474 |       0.01358 |       1.00000 |       1.00000 |      37.05436 |      36.63302 |   12311.36133 |    7797.26758 |    4507.79297 |   12311.64941 |      36.50000 |      37.00000 | 
     68.62468 |     123.35019 |       0.01457 |       0.00474 |       0.01358 |       1.00000 |       1.00000 |      37.05440 |      36.63304 |   12309.16016 |    7798.51074 |    4504.34766 |   12309.44824 |      36.50000 |      37.00000 | 
     65.69543 |      59.59831 |       0.01522 |       0.00474 |       0.01358 |       1.00000 |       1.00000 |      37.05442 |      36.63306 |   12307.25781 |    7799.57861 |    4501.37744 |   12307.54590 |      36.50000 |      37.00000 | 
     66.56480 |      59.17510 |       0.01502 |       0.00474 |       0.01358 |       1.00000 |       1.00000 |      37.05445 |      36.63308 |   12305.04883 |    7800.86816 |    4497.87939 |   12305.33691 |      36.50000 |      37.00000 | 
     68.34080 |     124.19275 |       0.01463 |       0.00516 |       0.01450 |       1.00000 |       1.00000 |      37.05449 |      36.63311 |   12302.84766 |    7801.98389 |    4494.56299 |   12303.13379 |      36.50000 |      37.00000 | 
     65.09100 |      59.73002 |       0.01536 |       0.00516 |       0.01450 |       1.00000 |       1.00000 |      37.05452 |      36.63313 |   12300.93262 |    7802.94678 |    4491.68408 |   12301.21875 |      36.50000 |      37.00000 | 
     66.83793 |      59.40712 |       0.01496 |       0.00516 |       0.01450 |       1.00000 |       1.00000 |      37.05455 |      36.63315 |   12298.73730 |    7804.04248 |    4488.39307 |   12299.02539 |      36.50000 |      37.00000 | 
     64.43118 |      60.01680 |       0.01552 |       0.00516 |       0.01450 |       1.00000 |       1.00000 |      37.05458 |      36.63317 |   12296.84375 |    7804.98047 |    4485.56201 |   12297.12988 |      36.50000 |      37.00000 | 
     62.92770 |      60.75703 |       0.01589 |       0.00516 |       0.01450 |       1.00000 |       1.00000 |      37.05460 |      36.63319 |   12294.95117 |    7805.91602 |    4482.73438 |   12295.23828 |      36.50000 |      37.00000 | 
     61.90966 |      59.60541 |       0.01615 |       0.00516 |       0.01450 |       1.00000 |       1.00000 |      37.05463 |      36.63321 |   12293.05762 |    7806.84180 |    4479.91406 |   12293.34375 |      36.50000 |      37.00000 | 
     61.26297 |      59.91253 |       0.01632 |       0.00516 |       0.01450 |       1.00000 |       1.00000 |      37.05466 |      36.63322 |   12291.16406 |    7807.76123 |    4477.10107 |   12291.45020 |      36.50000 |      37.00000 | 
     60.88864 |      60.41931 |       0.01642 |       0.00516 |       0.01450 |       1.00000 |       1.00000 |      37.05468 |      36.63324 |   12289.27441 |    7808.67383 |    4474.29932 |   12289.56055 |      36.50000 |      37.00000 | 
     60.58248 |      59.94485 |       0.01651 |       0.00516 |       0.01450 |       1.00000 |       1.00000 |      37.05471 |      36.63326 |   12287.37891 |    7809.58057 |    4471.49707 |   12287.66602 |      36.50000 |      37.00000 | 
     60.73401 |      58.74060 |       0.01647 |       0.00516 |       0.01450 |       1.00000 |       1.00000 |      37.05474 |      36.63329 |   12285.31641 |    7810.56396 |    4468.45068 |   12285.60352 |      36.50000 |      37.00000 | 
     64.58247 |     120.56908 |       0.01548 |       0.00516 |       0.01450 |       1.00000 |       1.00000 |      37.05477 |      36.63331 |   12283.11719 |    7811.60156 |    4465.21436 |   12283.40332 |      36.50000 |      37.00000 | 
     62.93429 |      60.29908 |       0.01589 |       0.00516 |       0.01450 |       1.00000 |       1.00000 |      37.05480 |      36.63333 |   12281.21777 |    7812.49268 |    4462.42334 |   12281.50391 |      36.50000 |      37.00000 | 
     65.63760 |      59.47071 |       0.01524 |       0.00516 |       0.01450 |       1.00000 |       1.00000 |      37.05482 |      36.63335 |   12279.64160 |    7817.27051 |    4456.06934 |   12279.92773 |      36.50000 |      37.00000 | 
     67.72801 |     122.15978 |       0.01476 |       0.00516 |       0.01450 |       1.00000 |       1.00000 |      37.05485 |      36.63337 |   12277.43945 |    7817.42920 |    4453.70801 |   12277.72559 |      36.50000 |      37.00000 | 
     64.78231 |      59.27682 |       0.01544 |       0.00516 |       0.01450 |       1.00000 |       1.00000 |      37.05488 |      36.63339 |   12275.53223 |    7817.56299 |    4451.66846 |   12275.81836 |      36.50000 |      37.00000 | 
     66.46366 |      58.47953 |       0.01505 |       0.00516 |       0.01450 |       1.00000 |       1.00000 |      37.05491 |      36.63342 |   12273.32520 |    7817.70898 |    4449.31494 |   12273.61230 |      36.50000 |      37.00000 | 
     67.71308 |      60.04924 |       0.01477 |       0.00516 |       0.01450 |       1.00000 |       1.00000 |      37.05494 |      36.63344 |   12271.13086 |    7817.85059 |    4446.97803 |   12271.41504 |      36.50000 |      37.00000 | 
     64.87666 |      60.41566 |       0.01541 |       0.00516 |       0.01450 |       1.00000 |       1.00000 |      37.05497 |      36.63346 |   12269.22949 |    7817.96533 |    4444.96240 |   12269.51367 |      36.50000 |      37.00000 | 
     66.88615 |      58.34986 |       0.01495 |       0.00516 |       0.01450 |       1.00000 |       1.00000 |      37.05499 |      36.63348 |   12267.64453 |    7818.05957 |    4443.28369 |   12267.92871 |      36.50000 |      37.00000 | 
     68.59470 |     119.73180 |       0.01458 |       0.00516 |       0.01450 |       1.00000 |       1.00000 |      37.05502 |      36.63351 |   12265.45215 |    7818.18311 |    4440.96826 |   12265.73730 |      36.50000 |      37.00000 | 
     65.30760 |      59.28385 |       0.01531 |       0.00479 |       0.01391 |       1.00000 |       1.00000 |      37.05505 |      36.63353 |   12263.54492 |    7818.28564 |    4438.95801 |   12263.82910 |      36.50000 |      37.00000 | 
     66.98604 |      60.17933 |       0.01493 |       0.00479 |       0.01391 |       1.00000 |       1.00000 |      37.05508 |      36.63355 |   12261.35156 |    7818.39355 |    4436.65576 |   12261.63574 |      36.50000 |      37.00000 | 
     67.65464 |      58.69233 |       0.01478 |       0.00479 |       0.01391 |       1.00000 |       1.00000 |      37.05511 |      36.63358 |   12259.13086 |    7818.49951 |    4434.33008 |   12259.41504 |      36.50000 |      37.00000 | 
     65.06951 |      61.65608 |       0.01537 |       0.00479 |       0.01391 |       1.00000 |       1.00000 |      37.05513 |      36.63360 |   12257.24902 |    7818.58252 |    4432.36523 |   12257.53418 |      36.50000 |      37.00000 | 
     67.09065 |      59.21715 |       0.01491 |       0.00479 |       0.01391 |       1.00000 |       1.00000 |      37.05516 |      36.63362 |   12255.66602 |    7818.64941 |    4430.71631 |   12255.95117 |      36.50000 |      37.00000 | 
     68.59293 |     119.74614 |       0.01458 |       0.00479 |       0.01391 |       1.00000 |       1.00000 |      37.05519 |      36.63364 |   12253.46387 |    7818.73486 |    4428.42725 |   12253.74902 |      36.50000 |      37.00000 | 
     65.41162 |      59.61963 |       0.01529 |       0.00479 |       0.01391 |       1.00000 |       1.00000 |      37.05521 |      36.63367 |   12251.56641 |    7818.80322 |    4426.46289 |   12251.85156 |      36.50000 |      37.00000 | 
     67.39404 |      59.04930 |       0.01484 |       0.00479 |       0.01391 |       1.00000 |       1.00000 |      37.05523 |      36.63369 |   12249.99023 |    7818.85596 |    4424.83252 |   12250.27441 |      36.50000 |      37.00000 | 
     68.83469 |     122.17471 |       0.01453 |       0.00479 |       0.01391 |       1.00000 |       1.00000 |      37.05526 |      36.63371 |   12247.79102 |    7818.92139 |    4422.56836 |   12248.07617 |      36.50000 |      37.00000 | 
     65.45103 |      59.20663 |       0.01528 |       0.00479 |       0.01391 |       1.00000 |       1.00000 |      37.05529 |      36.63374 |   12245.88477 |    7818.97461 |    4420.60889 |   12246.16992 |      36.50000 |      37.00000 | 
     66.96588 |      59.48840 |       0.01493 |       0.00479 |       0.01391 |       1.00000 |       1.00000 |      37.05532 |      36.63376 |   12243.68457 |    7819.03027 |    4418.35254 |   12243.96875 |      36.50000 |      37.00000 | 
     67.88523 |      59.26628 |       0.01473 |       0.00479 |       0.01391 |       1.00000 |       1.00000 |      37.05535 |      36.63379 |   12241.48145 |    7819.07520 |    4416.10400 |   12241.76270 |      36.50000 |      37.00000 | 
     65.11364 |      61.25199 |       0.01536 |       0.00479 |       0.01391 |       1.00000 |       1.00000 |      37.05537 |      36.63381 |   12239.59180 |    7819.11084 |    4414.17969 |   12239.87598 |      36.50000 |      37.00000 | 
     67.09037 |      58.75441 |       0.01491 |       0.00479 |       0.01391 |       1.00000 |       1.00000 |      37.05540 |      36.63383 |   12238.00781 |    7819.13477 |    4412.57129 |   12238.29297 |      36.50000 |      37.00000 | 
     68.14311 |      60.66121 |       0.01467 |       0.00479 |       0.01391 |       1.00000 |       1.00000 |      37.05542 |      36.63386 |   12235.81641 |    7819.16162 |    4410.35254 |   12236.09863 |      36.50000 |      37.00000 | 
     65.06979 |      60.32819 |       0.01537 |       0.00479 |       0.01391 |       1.00000 |       1.00000 |      37.05545 |      36.63388 |   12233.91113 |    7819.18213 |    4408.42822 |   12234.19238 |      36.50000 |      37.00000 | 
     66.35111 |      61.10228 |       0.01507 |       0.00479 |       0.01391 |       1.00000 |       1.00000 |      37.05548 |      36.63391 |   12231.71484 |    7819.19531 |    4406.21777 |   12231.99609 |      36.50000 |      37.00000 | 
     68.58688 |     105.05305 |       0.01458 |       0.00479 |       0.01391 |       1.00000 |       1.00000 |      37.05551 |      36.63394 |   12229.26562 |    7819.20117 |    4403.76367 |   12229.54688 |      36.50000 |      37.00000 | 
     69.53141 |     120.67093 |       0.01438 |       0.00485 |       0.01314 |       1.00000 |       1.00000 |      37.05554 |      36.63397 |   12227.06641 |    7819.20020 |    4401.56592 |   12227.34863 |      36.50000 |      37.00000 | 
     65.92400 |      59.07721 |       0.01517 |       0.00485 |       0.01314 |       1.00000 |       1.00000 |      37.05556 |      36.63399 |   12225.16504 |    7819.96045 |    4398.90283 |   12225.44629 |      36.50000 |      37.00000 | 
     67.84949 |      60.04564 |       0.01474 |       0.00485 |       0.01314 |       1.00000 |       1.00000 |      37.05559 |      36.63401 |   12223.59473 |    7820.21777 |    4397.07617 |   12223.87695 |      36.50000 |      37.00000 | 
     64.85794 |      58.79586 |       0.01542 |       0.00485 |       0.01314 |       1.00000 |       1.00000 |      37.05561 |      36.63404 |   12221.69141 |    7820.52832 |    4394.86182 |   12221.97266 |      36.50000 |      37.00000 | 
     67.38545 |     121.52145 |       0.01484 |       0.00485 |       0.01314 |       1.00000 |       1.00000 |      37.05564 |      36.63406 |   12219.50586 |    7820.87744 |    4392.32715 |   12219.78711 |      36.50000 |      37.00000 | 
     61.46920 |      58.82007 |       0.01627 |       0.00485 |       0.01314 |       1.00000 |       1.00000 |      37.05567 |      36.63409 |   12217.11523 |    7821.25342 |    4389.56055 |   12217.39648 |      36.50000 |      37.00000 | 
     61.03850 |      60.20832 |       0.01638 |       0.00485 |       0.01314 |       1.00000 |       1.00000 |      37.05569 |      36.63412 |   12215.22949 |    7821.54541 |    4387.38232 |   12215.51074 |      36.50000 |      37.00000 | 
     64.16002 |      59.71932 |       0.01559 |       0.00485 |       0.01314 |       1.00000 |       1.00000 |      37.05573 |      36.63415 |   12213.02344 |    7828.11523 |    4378.60742 |   12213.30566 |      36.50000 |      37.00000 | 
     63.10625 |      59.39653 |       0.01585 |       0.00485 |       0.01314 |       1.00000 |       1.00000 |      37.05574 |      36.63417 |   12211.76172 |    7827.19238 |    4378.26807 |   12212.04395 |      36.50000 |      37.00000 | 
     59.12796 |      60.65753 |       0.01691 |       0.00485 |       0.01314 |       1.00000 |       1.00000 |      37.05577 |      36.63420 |   12209.40234 |    7825.46582 |    4377.63477 |   12209.68164 |      36.50000 |      37.00000 | 
     62.26984 |      59.69080 |       0.01606 |       0.00485 |       0.01314 |       1.00000 |       1.00000 |      37.05579 |      36.63422 |   12207.81836 |    7824.30566 |    4377.21094 |   12208.09766 |      36.50000 |      37.00000 | 
     65.33092 |      60.24822 |       0.01531 |       0.00485 |       0.01314 |       1.00000 |       1.00000 |      37.05581 |      36.63424 |   12206.25781 |    7823.16211 |    4376.79443 |   12206.53711 |      36.50000 |      37.00000 | 
     67.49339 |     122.51899 |       0.01482 |       0.00485 |       0.01314 |       1.00000 |       1.00000 |      37.05584 |      36.63427 |   12204.05176 |    7821.54395 |    4376.20654 |   12204.33203 |      36.50000 |      37.00000 | 
     64.52330 |      58.46927 |       0.01550 |       0.00485 |       0.01314 |       1.00000 |       1.00000 |      37.05586 |      36.63429 |   12202.13867 |    7820.13818 |    4375.69873 |   12202.41797 |      36.50000 |      37.00000 | 
     66.36011 |      58.49664 |       0.01507 |       0.00485 |       0.01314 |       1.00000 |       1.00000 |      37.05589 |      36.63432 |   12199.93945 |    7818.52197 |    4375.11621 |   12200.21973 |      36.50000 |      37.00000 | 
     68.30040 |     121.05072 |       0.01464 |       0.00485 |       0.01314 |       1.00000 |       1.00000 |      37.05592 |      36.63435 |   12197.75098 |    7816.91113 |    4374.53809 |   12198.03125 |      36.50000 |      37.00000 | 
     65.16115 |      60.55835 |       0.01535 |       0.00485 |       0.01314 |       1.00000 |       1.00000 |      37.05594 |      36.63438 |   12195.84570 |    7815.50781 |    4374.03662 |   12196.12598 |      36.50000 |      37.00000 | 
     67.24386 |      58.96574 |       0.01487 |       0.00485 |       0.01314 |       1.00000 |       1.00000 |      37.05596 |      36.63440 |   12194.27344 |    7814.34814 |    4373.62354 |   12194.55371 |      36.50000 |      37.00000 | 
     64.54887 |      58.76131 |       0.01549 |       0.00485 |       0.01314 |       1.00000 |       1.00000 |      37.05598 |      36.63443 |   12192.37500 |    7812.94678 |    4373.12646 |   12192.65527 |      36.50000 |      37.00000 | 
     66.95503 |      59.62674 |       0.01494 |       0.00485 |       0.01314 |       1.00000 |       1.00000 |      37.05600 |      36.63445 |   12190.81445 |    7793.66162 |    4390.85156 |   12191.09473 |      36.50000 |      37.00000 | 
     64.54437 |      61.34593 |       0.01549 |       0.00485 |       0.01314 |       1.00000 |       1.00000 |      37.05603 |      36.63448 |   12188.92871 |    7793.19873 |    4389.42822 |   12189.20801 |      36.50000 |      37.00000 | 
     66.73318 |      59.31198 |       0.01499 |       0.00488 |       0.01449 |       1.00000 |       1.00000 |      37.05605 |      36.63449 |   12187.34863 |    7792.80469 |    4388.24316 |   12187.62891 |      36.50000 |      37.00000 | 
     68.43642 |     121.59533 |       0.01461 |       0.00488 |       0.01449 |       1.00000 |       1.00000 |      37.05608 |      36.63453 |   12185.15234 |    7792.23096 |    4386.62012 |   12185.43164 |      36.50000 |      37.00000 | 
     69.43132 |     121.75819 |       0.01440 |       0.00488 |       0.01449 |       1.00000 |       1.00000 |      37.05610 |      36.63456 |   12182.95020 |    7791.63916 |    4385.00928 |   12183.22949 |      36.50000 |      37.00000 | 
     65.77737 |      59.48486 |       0.01520 |       0.00488 |       0.01449 |       1.00000 |       1.00000 |      37.05613 |      36.63459 |   12181.04297 |    7791.10645 |    4383.63525 |   12181.32129 |      36.50000 |      37.00000 | 
     67.18938 |      59.12961 |       0.01488 |       0.00488 |       0.01449 |       1.00000 |       1.00000 |      37.05615 |      36.63462 |   12178.84766 |    7790.47998 |    4382.06641 |   12179.12598 |      36.50000 |      37.00000 | 
     68.71980 |     122.94074 |       0.01455 |       0.00488 |       0.01449 |       1.00000 |       1.00000 |      37.05618 |      36.63465 |   12176.65039 |    7789.82959 |    4380.51953 |   12176.92871 |      36.50000 |      37.00000 | 
     65.50144 |      60.48875 |       0.01527 |       0.00488 |       0.01449 |       1.00000 |       1.00000 |      37.05620 |      36.63467 |   12174.75391 |    7789.25000 |    4379.20312 |   12175.03223 |      36.50000 |      37.00000 | 
     67.49134 |      59.18561 |       0.01482 |       0.00488 |       0.01449 |       1.00000 |       1.00000 |      37.05622 |      36.63470 |   12173.18066 |    7788.75781 |    4378.12207 |   12173.45898 |      36.50000 |      37.00000 | 
     68.84614 |     120.93361 |       0.01453 |       0.00488 |       0.01449 |       1.00000 |       1.00000 |      37.05625 |      36.63473 |   12170.98145 |    7788.05566 |    4376.62451 |   12171.25977 |      36.50000 |      37.00000 | 
     65.33147 |      61.38736 |       0.01531 |       0.00488 |       0.01449 |       1.00000 |       1.00000 |      37.05628 |      36.63477 |   12168.25488 |    7787.15283 |    4374.80078 |   12168.53223 |      36.50000 |      37.00000 | 
     67.31012 |      59.31902 |       0.01486 |       0.00488 |       0.01449 |       1.00000 |       1.00000 |      37.05630 |      36.63479 |   12166.67676 |    7786.61621 |    4373.75977 |   12166.95508 |      36.50000 |      37.00000 | 
     68.85248 |     122.56404 |       0.01452 |       0.00488 |       0.01449 |       1.00000 |       1.00000 |      37.05632 |      36.63482 |   12164.48535 |    7785.85205 |    4372.33154 |   12164.76367 |      36.50000 |      37.00000 | 
     65.57071 |      60.27364 |       0.01525 |       0.00488 |       0.01449 |       1.00000 |       1.00000 |      37.05635 |      36.63485 |   12162.58789 |    7785.17920 |    4371.10742 |   12162.86621 |      36.50000 |      37.00000 | 
     67.46473 |      59.21715 |       0.01482 |       0.00488 |       0.01449 |       1.00000 |       1.00000 |      37.05637 |      36.63487 |   12161.00977 |    7784.60254 |    4370.10547 |   12161.28809 |      36.50000 |      37.00000 | 
     68.94167 |     123.38063 |       0.01451 |       0.00488 |       0.01449 |       1.00000 |       1.00000 |      37.05639 |      36.63491 |   12158.81836 |    7787.69775 |    4364.81982 |   12159.09473 |      36.50000 |      37.00000 | 
     65.48800 |      58.82007 |       0.01527 |       0.00488 |       0.01449 |       1.00000 |       1.00000 |      37.05641 |      36.63493 |   12156.91211 |    7785.82959 |    4364.78125 |   12157.18848 |      36.50000 |      37.00000 | 
     67.55948 |      59.29791 |       0.01480 |       0.00488 |       0.01449 |       1.00000 |       1.00000 |      37.05643 |      36.63496 |   12155.34668 |    7784.28516 |    4364.75977 |   12155.62402 |      36.50000 |      37.00000 | 
     68.89928 |     120.36591 |       0.01451 |       0.00488 |       0.01449 |       1.00000 |       1.00000 |      37.05646 |      36.63499 |   12153.14941 |    7782.10205 |    4364.74609 |   12153.42578 |      36.50000 |      37.00000 | 
     65.64524 |      60.32455 |       0.01523 |       0.00488 |       0.01449 |       1.00000 |       1.00000 |      37.05648 |      36.63502 |   12151.25586 |    7778.46533 |    4366.48828 |   12151.53223 |      36.50000 |      37.00000 | 
     67.52282 |      58.83045 |       0.01481 |       0.00476 |       0.01345 |       1.00000 |       1.00000 |      37.05650 |      36.63504 |   12149.67773 |    7775.42627 |    4367.95068 |   12149.95410 |      36.50000 |      37.00000 | 
     64.90724 |      61.14712 |       0.01541 |       0.00476 |       0.01345 |       1.00000 |       1.00000 |      37.05652 |      36.63507 |   12147.79395 |    7771.78174 |    4369.71094 |   12148.07031 |      36.50000 |      37.00000 | 
     66.98809 |      58.91016 |       0.01493 |       0.00476 |       0.01345 |       1.00000 |       1.00000 |      37.05653 |      36.63509 |   12146.21680 |    7768.71875 |    4371.19678 |   12146.49316 |      36.50000 |      37.00000 | 
     64.29462 |      58.14291 |       0.01555 |       0.00476 |       0.01345 |       1.00000 |       1.00000 |      37.05656 |      36.63512 |   12144.31445 |    7763.56201 |    4374.45117 |   12144.59082 |      36.50000 |      37.00000 | 
     63.36266 |      60.93845 |       0.01578 |       0.00476 |       0.01345 |       1.00000 |       1.00000 |      37.05657 |      36.63514 |   12143.06543 |    7760.93506 |    4375.82861 |   12143.34180 |      36.50000 |      37.00000 | 
     62.55838 |      60.43026 |       0.01599 |       0.00476 |       0.01345 |       1.00000 |       1.00000 |      37.05660 |      36.63519 |   12140.26074 |    7755.00928 |    4378.95068 |   12140.53711 |      36.50000 |      37.00000 | 
     61.55529 |      58.83045 |       0.01625 |       0.00476 |       0.01345 |       1.00000 |       1.00000 |      37.05663 |      36.63522 |   12138.36328 |    7750.97852 |    4381.08301 |   12138.63965 |      36.50000 |      37.00000 | 
     67.04553 |      58.91016 |       0.01492 |       0.00402 |       0.01359 |       1.00000 |       1.00000 |      37.05664 |      36.63524 |   12136.46680 |    7746.93555 |    4383.22998 |   12136.74316 |      36.50000 |      37.00000 | 
