
  f-act,_/sec |   f-sim,_/sec |   frame,_time |   __cpu,_time |   _gpu_,time_ |   _grnd,ratio |   _flit,ratio |   __lat,__deg |   __lon,__deg |   ___CG,ftMSL |   _gear,ftagl |   terrn,ftMSL |   p-alt,ftMSL |   __lat,orign |   __lon,orign | 
      0.22654 |      19.90000 |       4.41414 |       4.11941 |       0.04182 |       1.00000 |       1.00000 |      36.95160 |      37.46228 |    2315.83740 |      -0.05056 |    2312.07983 |    2316.11133 |      36.50000 |      37.00000 | 
      0.22178 |      19.90000 |       4.50904 |       4.50510 |       0.04103 |       1.00000 |       1.00000 |      36.95160 |      37.46228 |    2315.87183 |      -0.01611 |    2312.07983 |    2316.14600 |      36.50000 |      37.00000 | 
      0.25292 |      19.90000 |       3.95378 |       3.95273 |       0.01232 |       1.00000 |       1.00000 |      36.95160 |      37.46228 |    2315.90112 |       0.01312 |    2312.07983 |    2316.17529 |      36.50000 |      37.00000 | 
      0.37351 |      59.92689 |       2.67733 |       3.95273 |       0.01232 |       1.00000 |       1.00000 |      36.95160 |      37.46228 |    2315.92261 |       0.03455 |    2312.07983 |    2316.19653 |      36.50000 |      37.00000 | 
      0.55575 |      47.19875 |       1.79938 |       3.95273 |       0.01232 |       1.00000 |       1.00000 |      36.95160 |      37.46228 |    2315.92090 |       0.03275 |    2312.07983 |    2316.19482 |      36.50000 |      37.00000 | 
      0.82630 |      72.76962 |       1.21021 |       3.95273 |       0.01232 |       1.00000 |       1.00000 |      36.95160 |      37.46228 |    2315.91406 |       0.02594 |    2312.08008 |    2316.18799 |      36.50000 |      37.00000 | 
      1.22559 |      73.41605 |       0.81593 |       3.95273 |       0.01232 |       1.00000 |       1.00000 |      36.95160 |      37.46228 |    2315.90479 |       0.01673 |    2312.08008 |    2316.17871 |      36.50000 |      37.00000 | 
      2.06536 |      80.80808 |       0.48418 |       3.95273 |       0.01232 |       1.00000 |       1.00000 |      36.95160 |      37.46228 |    2315.89502 |       0.00671 |    2312.08008 |    2316.16895 |      36.50000 |      37.00000 | 
      3.04647 |      79.96801 |       0.32825 |       3.95273 |       0.01232 |       1.00000 |       1.00000 |      36.95160 |      37.46228 |    2315.89087 |       0.00271 |    2312.08008 |    2316.16479 |      36.50000 |      37.00000 | 
      5.05910 |     109.98680 |       0.19766 |       3.95273 |       0.01232 |       1.00000 |       1.00000 |      36.95160 |      37.46228 |    2315.88794 |      -0.00029 |    2312.08008 |    2316.16187 |      36.50000 |      37.00000 | 
      8.20376 |      89.14245 |       0.12190 |       3.95273 |       0.01232 |       1.00000 |       1.00000 |      36.95160 |      37.46228 |    2315.88818 |       0.00011 |    2312.07983 |    2316.16211 |      36.50000 |      37.00000 | 
     11.54222 |      96.06148 |       0.08664 |       3.95273 |       0.01232 |       1.00000 |       1.00000 |      36.95160 |      37.46228 |    2315.88989 |       0.00191 |    2312.07983 |    2316.16382 |      36.50000 |      37.00000 | 
     17.79917 |      94.63424 |       0.05618 |       3.95273 |       0.01232 |       1.00000 |       1.00000 |      36.95160 |      37.46228 |    2315.89233 |       0.00431 |    2312.07983 |    2316.16626 |      36.50000 |      37.00000 | 
     25.46220 |      50.59193 |       0.03927 |       3.95273 |       0.01232 |       1.00000 |       1.00000 |      36.95160 |      37.46228 |    2315.89478 |       0.00691 |    2312.07983 |    2316.16895 |      36.50000 |      37.00000 | 
     32.20857 |      44.43852 |       0.03105 |       3.95273 |       0.01232 |       1.00000 |       1.00000 |      36.95160 |      37.46228 |    2315.89600 |       0.00812 |    2312.07983 |    2316.17017 |      36.50000 |      37.00000 | 
     47.11417 |     100.02000 |       0.02123 |       3.95273 |       0.01232 |       1.00000 |       1.00000 |      36.95160 |      37.46228 |    2315.89722 |       0.00912 |    2312.07983 |    2316.17114 |      36.50000 |      37.00000 | 
     50.51801 |      99.90010 |       0.01979 |       0.01564 |       0.01745 |       1.00000 |       1.00000 |      36.95160 |      37.46228 |    2315.89771 |       0.00972 |    2312.07983 |    2316.17163 |      36.50000 |      37.00000 | 
     56.54794 |      46.50514 |       0.01768 |       0.01564 |       0.01745 |       1.00000 |       1.00000 |      36.95160 |      37.46228 |    2315.89819 |       0.01012 |    2312.07983 |    2316.17212 |      36.50000 |      37.00000 | 
     61.80751 |      42.78624 |       0.01618 |       0.01564 |       0.01745 |       1.00000 |       1.00000 |      36.95160 |      37.46228 |    2315.89844 |       0.01052 |    2312.07983 |    2316.17261 |      36.50000 |      37.00000 | 
     61.39466 |      39.86764 |       0.01629 |       0.01564 |       0.01745 |       1.00000 |       1.00000 |      36.95160 |      37.46228 |    2315.89893 |       0.01092 |    2312.07983 |    2316.17285 |      36.50000 |      37.00000 | 
     70.76333 |     122.91052 |       0.01413 |       0.01564 |       0.01745 |       1.00000 |       1.00000 |      36.95160 |      37.46228 |    2315.89917 |       0.01112 |    2312.07983 |    2316.17310 |      36.50000 |      37.00000 | 
     74.58299 |     129.23236 |       0.01341 |       0.01564 |       0.01745 |       1.00000 |       1.00000 |      36.95160 |      37.46228 |    2315.89966 |       0.01152 |    2312.07983 |    2316.17358 |      36.50000 |      37.00000 | 
     76.07774 |     132.06551 |       0.01314 |       0.01564 |       0.01745 |       1.00000 |       1.00000 |      36.95160 |      37.46228 |    2315.89966 |       0.01172 |    2312.07983 |    2316.17383 |      36.50000 |      37.00000 | 
     71.48390 |     107.38831 |       0.01399 |       0.01564 |       0.01745 |       1.00000 |       1.00000 |      36.95160 |      37.46228 |    2315.89966 |       0.01172 |    2312.07983 |    2316.17358 |      36.50000 |      37.00000 | 
     76.01759 |     123.74706 |       0.01315 |       0.01564 |       0.01745 |       1.00000 |       1.00000 |      36.95160 |      37.46228 |    2315.89941 |       0.01132 |    2312.07983 |    2316.17334 |      36.50000 |      37.00000 | 
     76.35813 |     112.18308 |       0.01310 |       0.01564 |       0.01745 |       1.00000 |       1.00000 |      36.95160 |      37.46228 |    2315.89893 |       0.01112 |    2312.07983 |    2316.17310 |      36.50000 |      37.00000 | 
     71.26446 |      46.50514 |       0.01403 |       0.01564 |       0.01745 |       1.00000 |       1.00000 |      36.95160 |      37.46228 |    2315.89844 |       0.01052 |    2312.07983 |    2316.17261 |      36.50000 |      37.00000 | 
     73.37077 |      91.56670 |       0.01363 |       0.01564 |       0.01745 |       1.00000 |       1.00000 |      36.95160 |      37.46228 |    2315.89819 |       0.01012 |    2312.07983 |    2316.17212 |      36.50000 |      37.00000 | 
     69.84052 |      67.70023 |       0.01432 |       0.01564 |       0.01745 |       1.00000 |       1.00000 |      36.95160 |      37.46228 |    2315.89771 |       0.00972 |    2312.07983 |    2316.17163 |      36.50000 |      37.00000 | 
     68.21436 |      35.25596 |       0.01466 |       0.01564 |       0.01745 |       1.00000 |       1.00000 |      36.95160 |      37.46228 |    2315.89722 |       0.00932 |    2312.07983 |    2316.17114 |      36.50000 |      37.00000 | 
     68.62078 |      53.27367 |       0.01457 |       0.01564 |       0.01745 |       1.00000 |       1.00000 |      36.95160 |      37.46228 |    2315.89697 |       0.00892 |    2312.07983 |    2316.17090 |      36.50000 |      37.00000 | 
     75.29240 |     119.17531 |       0.01328 |       0.01564 |       0.01745 |       1.00000 |       1.00000 |      36.95160 |      37.46228 |    2315.89673 |       0.00872 |    2312.07983 |    2316.17090 |      36.50000 |      37.00000 | 
     69.67635 |      45.84843 |       0.01435 |       0.01564 |       0.01745 |       1.00000 |       1.00000 |      36.95160 |      37.46228 |    2315.89673 |       0.00872 |    2312.07983 |    2316.17065 |      36.50000 |      37.00000 | 
     69.57867 |      45.48556 |       0.01437 |       0.01564 |       0.01745 |       1.00000 |       1.00000 |      36.95160 |      37.46228 |    2315.89673 |       0.00872 |    2312.07983 |    2316.17065 |      36.50000 |      37.00000 | 
     73.83501 |     107.71220 |       0.01354 |       0.01564 |       0.01745 |       1.00000 |       1.00000 |      36.95160 |      37.46228 |    2315.89673 |       0.00872 |    2312.07983 |    2316.17065 |      36.50000 |      37.00000 | 
     77.32056 |     105.84251 |       0.01293 |       0.00947 |       0.01058 |       1.00000 |       1.00000 |      36.95160 |      37.46228 |    2315.89673 |       0.00892 |    2312.07983 |    2316.17090 |      36.50000 |      37.00000 | 
     29.78010 |      19.90000 |       0.03358 |       0.00711 |       0.01031 |       1.00000 |       1.00000 |      36.48800 |      35.89936 |    5979.69043 |    5977.26709 |      -1.38520 |    5979.28711 |      36.50000 |      36.00000 | 
      2.60582 |      19.90000 |       0.38376 |       0.00711 |       0.01031 |       1.00000 |       1.00000 |      36.48798 |      35.89939 |    5979.65967 |    5977.23730 |      -1.38594 |    5979.25635 |      36.50000 |      36.00000 | 
      2.94423 |      32.37608 |       0.33965 |       0.33642 |       0.00346 |       1.00000 |       1.00000 |      36.48797 |      35.89942 |    5979.63770 |    5977.21582 |      -1.38639 |    5979.23438 |      36.50000 |      36.00000 | 
      4.05856 |      49.78344 |       0.24639 |       0.33642 |       0.00346 |       1.00000 |       1.00000 |      36.48794 |      35.89948 |    5979.56836 |    5977.14746 |      -1.38758 |    5979.16504 |      36.50000 |      36.00000 | 
      5.86506 |      82.00082 |       0.17050 |       0.33642 |       0.00346 |       1.00000 |       1.00000 |      36.48792 |      35.89952 |    5979.52002 |    5977.09961 |      -1.38829 |    5979.11670 |      36.50000 |      36.00000 | 
      9.43530 |      89.50148 |       0.10598 |       0.33642 |       0.00346 |       1.00000 |       1.00000 |      36.48790 |      35.89956 |    5979.45410 |    5977.03516 |      -1.38912 |    5979.05078 |      36.50000 |      36.00000 | 
     12.92237 |      72.55841 |       0.07739 |       0.33642 |       0.00346 |       1.00000 |       1.00000 |      36.48787 |      35.89960 |    5979.37256 |    5976.95410 |      -1.38994 |    5978.96924 |      36.50000 |      36.00000 | 
     19.67597 |      78.65345 |       0.05082 |       0.33642 |       0.00346 |       1.00000 |       1.00000 |      36.48785 |      35.89964 |    5979.27539 |    5976.85742 |      -1.39066 |    5978.87207 |      36.50000 |      36.00000 | 
     25.66253 |      83.38197 |       0.03897 |       0.33642 |       0.00346 |       1.00000 |       1.00000 |      36.48784 |      35.89968 |    5979.16699 |    5976.74951 |      -1.39125 |    5978.76367 |      36.50000 |      36.00000 | 
     32.15667 |      46.33491 |       0.03110 |       0.33642 |       0.00346 |       1.00000 |       1.00000 |      36.48782 |      35.89971 |    5979.02979 |    5976.61279 |      -1.39184 |    5978.62646 |      36.50000 |      36.00000 | 
     41.03390 |      46.55277 |       0.02437 |       0.33642 |       0.00346 |       1.00000 |       1.00000 |      36.48780 |      35.89975 |    5978.79883 |    5976.38281 |      -1.39260 |    5978.39551 |      36.50000 |      36.00000 | 
     46.36695 |      38.34356 |       0.02157 |       0.33642 |       0.00346 |       1.00000 |       1.00000 |      36.48779 |      35.89978 |    5978.57422 |    5976.15918 |      -1.39319 |    5978.17090 |      36.50000 |      36.00000 | 
     50.52383 |      53.56473 |       0.01979 |       0.33642 |       0.00346 |       1.00000 |       1.00000 |      36.48777 |      35.89982 |    5978.29248 |    5975.87793 |      -1.39380 |    5977.88916 |      36.50000 |      36.00000 | 
     60.12282 |      84.64533 |       0.01663 |       0.33642 |       0.00346 |       1.00000 |       1.00000 |      36.48775 |      35.89986 |    5977.96436 |    5975.55029 |      -1.39442 |    5977.56104 |      36.50000 |      36.00000 | 
     62.47240 |      86.14006 |       0.01601 |       0.33642 |       0.00346 |       1.00000 |       1.00000 |      36.48773 |      35.89989 |    5977.62451 |    5975.21143 |      -1.39497 |    5977.22168 |      36.50000 |      36.00000 | 
     64.45452 |      89.42144 |       0.01551 |       0.33642 |       0.00346 |       1.00000 |       1.00000 |      36.48772 |      35.89992 |    5977.25195 |    5974.83887 |      -1.39551 |    5976.84863 |      36.50000 |      36.00000 | 
     69.02386 |     103.41261 |       0.01449 |       0.33642 |       0.00346 |       1.00000 |       1.00000 |      36.48769 |      35.89996 |    5976.74365 |    5974.33154 |      -1.39616 |    5976.34033 |      36.50000 |      36.00000 | 
     68.02210 |      91.19927 |       0.01470 |       0.33642 |       0.00346 |       1.00000 |       1.00000 |      36.48768 |      35.89999 |    5976.24756 |    5973.83594 |      -1.39673 |    5975.84424 |      36.50000 |      36.00000 | 
     61.76516 |      45.25296 |       0.01619 |       0.33642 |       0.00346 |       1.00000 |       1.00000 |      36.48766 |      35.90004 |    5975.57861 |    5973.16748 |      -1.39741 |    5975.17529 |      36.50000 |      36.00000 | 
     67.79445 |      91.10787 |       0.01475 |       0.01025 |       0.01143 |       1.00000 |       1.00000 |      36.48764 |      35.90006 |    5975.13477 |    5972.72412 |      -1.39783 |    5974.73145 |      36.50000 |      36.00000 | 
     63.46150 |      46.82744 |       0.01576 |       0.01025 |       0.01143 |       1.00000 |       1.00000 |      36.48763 |      35.90010 |    5974.42285 |    5972.01318 |      -1.39844 |    5974.02002 |      36.50000 |      36.00000 | 
     62.08677 |      38.30977 |       0.01611 |       0.01025 |       0.01143 |       1.00000 |       1.00000 |      36.48761 |      35.90014 |    5973.72754 |    5971.31787 |      -1.39900 |    5973.32422 |      36.50000 |      36.00000 | 
     59.82823 |      42.34776 |       0.01671 |       0.01025 |       0.01143 |       1.00000 |       1.00000 |      36.48759 |      35.90018 |    5972.91455 |    5970.50586 |      -1.39959 |    5972.51123 |      36.50000 |      36.00000 | 
     67.37593 |      86.25895 |       0.01484 |       0.01025 |       0.01143 |       1.00000 |       1.00000 |      36.48757 |      35.90021 |    5972.12207 |    5969.71436 |      -1.40013 |    5971.71924 |      36.50000 |      36.00000 | 
     64.33669 |      93.16192 |       0.01554 |       0.01025 |       0.01143 |       1.00000 |       1.00000 |      36.48755 |      35.90025 |    5971.22412 |    5968.81641 |      -1.40070 |    5970.82275 |      36.50000 |      36.00000 | 
     62.09592 |      46.68534 |       0.01610 |       0.01025 |       0.01143 |       1.00000 |       1.00000 |      36.48753 |      35.90029 |    5970.29150 |    5967.88477 |      -1.40126 |    5969.89014 |      36.50000 |      36.00000 | 
     66.19849 |     113.98609 |       0.01511 |       0.01025 |       0.01143 |       1.00000 |       1.00000 |      36.48751 |      35.90032 |    5969.54932 |    5967.14307 |      -1.40168 |    5969.14795 |      36.50000 |      36.00000 | 
     66.77111 |     110.29006 |       0.01498 |       0.01025 |       0.01143 |       1.00000 |       1.00000 |      36.48750 |      35.90036 |    5968.35205 |    5965.94580 |      -1.40231 |    5967.95068 |      36.50000 |      36.00000 | 
     64.27702 |      39.91857 |       0.01556 |       0.01025 |       0.01143 |       1.00000 |       1.00000 |      36.48748 |      35.90039 |    5967.65820 |    5965.25244 |      -1.40266 |    5967.25684 |      36.50000 |      36.00000 | 
     62.70953 |      46.89552 |       0.01595 |       0.01025 |       0.01143 |       1.00000 |       1.00000 |      36.48746 |      35.90042 |    5966.60498 |    5964.20020 |      -1.40316 |    5966.20361 |      36.50000 |      36.00000 | 
     62.80959 |      35.70791 |       0.01592 |       0.01025 |       0.01143 |       1.00000 |       1.00000 |      36.48745 |      35.90046 |    5965.61719 |    5963.21289 |      -1.40362 |    5965.21582 |      36.50000 |      36.00000 | 
     61.33592 |      47.21435 |       0.01630 |       0.01025 |       0.01143 |       1.00000 |       1.00000 |      36.48743 |      35.90049 |    5964.46240 |    5962.05811 |      -1.40412 |    5964.06104 |      36.50000 |      36.00000 | 
     62.07736 |      38.43493 |       0.01611 |       0.01025 |       0.01143 |       1.00000 |       1.00000 |      36.48741 |      35.90052 |    5963.41016 |    5961.00635 |      -1.40455 |    5963.00879 |      36.50000 |      36.00000 | 
     62.57388 |      41.99034 |       0.01598 |       0.01025 |       0.01143 |       1.00000 |       1.00000 |      36.48740 |      35.90056 |    5962.31543 |    5959.91211 |      -1.40499 |    5961.91406 |      36.50000 |      36.00000 | 
     62.43218 |      38.32299 |       0.01602 |       0.01025 |       0.01143 |       1.00000 |       1.00000 |      36.48738 |      35.90059 |    5961.17236 |    5958.76953 |      -1.40543 |    5960.77051 |      36.50000 |      36.00000 | 
     62.42711 |      44.94584 |       0.01602 |       0.01025 |       0.01143 |       1.00000 |       1.00000 |      36.48736 |      35.90063 |    5959.98193 |    5957.57959 |      -1.40586 |    5959.58057 |      36.50000 |      36.00000 | 
     66.69893 |     119.07597 |       0.01499 |       0.01025 |       0.01143 |       1.00000 |       1.00000 |      36.48735 |      35.90065 |    5958.97266 |    5956.57080 |      -1.40622 |    5958.57129 |      36.50000 |      36.00000 | 
     66.95992 |     112.68875 |       0.01493 |       0.01025 |       0.01143 |       1.00000 |       1.00000 |      36.48732 |      35.90070 |    5957.34180 |    5954.94092 |      -1.40677 |    5956.94043 |      36.50000 |      36.00000 | 
     62.60013 |      34.77052 |       0.01597 |       0.01025 |       0.01143 |       1.00000 |       1.00000 |      36.48731 |      35.90073 |    5956.32080 |    5953.91943 |      -1.40710 |    5955.91943 |      36.50000 |      36.00000 | 
     61.55813 |      47.07433 |       0.01624 |       0.01025 |       0.01143 |       1.00000 |       1.00000 |      36.48729 |      35.90076 |    5954.92822 |    5952.52734 |      -1.40753 |    5954.52686 |      36.50000 |      36.00000 | 
     65.45712 |     109.31351 |       0.01528 |       0.00947 |       0.01144 |       1.00000 |       1.00000 |      36.48728 |      35.90079 |    5953.79395 |    5951.39355 |      -1.40788 |    5953.39258 |      36.50000 |      36.00000 | 
     61.65537 |      45.07753 |       0.01622 |       0.00947 |       0.01144 |       1.00000 |       1.00000 |      36.48726 |      35.90083 |    5952.21680 |    5949.81689 |      -1.40834 |    5951.81543 |      36.50000 |      36.00000 | 
     65.63456 |     107.63104 |       0.01524 |       0.00947 |       0.01144 |       1.00000 |       1.00000 |      36.48724 |      35.90086 |    5951.04639 |    5948.64648 |      -1.40866 |    5950.64502 |      36.50000 |      36.00000 | 
     63.29992 |      40.89143 |       0.01580 |       0.00947 |       0.01144 |       1.00000 |       1.00000 |      36.48722 |      35.90091 |    5949.06689 |    5946.66797 |      -1.40920 |    5948.66504 |      36.50000 |      36.00000 | 
     66.72282 |     116.06314 |       0.01499 |       0.00947 |       0.01144 |       1.00000 |       1.00000 |      36.48721 |      35.90094 |    5947.83398 |    5945.43555 |      -1.40952 |    5947.43262 |      36.50000 |      36.00000 | 
     62.11119 |      76.47599 |       0.01610 |       0.00947 |       0.01144 |       1.00000 |       1.00000 |      36.48718 |      35.90098 |    5946.06299 |    5943.66504 |      -1.40996 |    5945.66162 |      36.50000 |      36.00000 | 
     58.58689 |      55.51854 |       0.01707 |       0.00947 |       0.01144 |       1.00000 |       1.00000 |      36.48716 |      35.90102 |    5944.22852 |    5941.83057 |      -1.41040 |    5943.82715 |      36.50000 |      36.00000 | 
     59.68637 |      41.01891 |       0.01675 |       0.00947 |       0.01144 |       1.00000 |       1.00000 |      36.48714 |      35.90105 |    5942.71484 |    5940.31738 |      -1.41075 |    5942.31348 |      36.50000 |      36.00000 | 
     60.90453 |      41.54204 |       0.01642 |       0.00947 |       0.01144 |       1.00000 |       1.00000 |      36.48713 |      35.90109 |    5941.22656 |    5938.82910 |      -1.41109 |    5940.82520 |      36.50000 |      36.00000 | 
     59.41222 |      45.33503 |       0.01683 |       0.00947 |       0.01144 |       1.00000 |       1.00000 |      36.48711 |      35.90113 |    5939.47266 |    5937.07568 |      -1.41147 |    5939.07129 |      36.50000 |      36.00000 | 
     58.52177 |      39.76934 |       0.01709 |       0.00947 |       0.01144 |       1.00000 |       1.00000 |      36.48710 |      35.90115 |    5938.29834 |    5935.90186 |      -1.41171 |    5937.89697 |      36.50000 |      36.00000 | 
     58.78299 |      48.00307 |       0.01701 |       0.00947 |       0.01144 |       1.00000 |       1.00000 |      36.48708 |      35.90119 |    5936.58301 |    5934.18652 |      -1.41206 |    5936.18164 |      36.50000 |      36.00000 | 
     59.06982 |      33.49074 |       0.01693 |       0.00947 |       0.01144 |       1.00000 |       1.00000 |      36.48706 |      35.90122 |    5934.94287 |    5932.54736 |      -1.41238 |    5934.54150 |      36.50000 |      36.00000 | 
     63.30505 |     115.71396 |       0.01580 |       0.00947 |       0.01144 |       1.00000 |       1.00000 |      36.48705 |      35.90125 |    5933.47705 |    5931.08154 |      -1.41267 |    5933.07568 |      36.50000 |      36.00000 | 
     60.99607 |     109.66115 |       0.01639 |       0.00947 |       0.01144 |       1.00000 |       1.00000 |      36.48703 |      35.90129 |    5931.52295 |    5929.12793 |      -1.41303 |    5931.12158 |      36.50000 |      36.00000 | 
     59.66156 |     106.49627 |       0.01676 |       0.00947 |       0.01144 |       1.00000 |       1.00000 |      36.48701 |      35.90133 |    5929.57129 |    5927.17627 |      -1.41337 |    5929.16992 |      36.50000 |      36.00000 | 
     57.74771 |      42.39264 |       0.01732 |       0.00947 |       0.01144 |       1.00000 |       1.00000 |      36.48698 |      35.90137 |    5927.57861 |    5925.18408 |      -1.41371 |    5927.17725 |      36.50000 |      36.00000 | 
     65.67898 |     111.04942 |       0.01523 |       0.00947 |       0.01144 |       1.00000 |       1.00000 |      36.48697 |      35.90139 |    5926.36084 |    5923.96631 |      -1.41391 |    5925.95898 |      36.50000 |      36.00000 | 
     57.90624 |      46.44897 |       0.01727 |       0.00947 |       0.01144 |       1.00000 |       1.00000 |      36.48695 |      35.90144 |    5923.94336 |    5921.54932 |      -1.41430 |    5923.54150 |      36.50000 |      36.00000 | 
     65.65561 |     107.51532 |       0.01523 |       0.00947 |       0.01144 |       1.00000 |       1.00000 |      36.48694 |      35.90147 |    5922.68652 |    5920.29248 |      -1.41450 |    5922.28516 |      36.50000 |      36.00000 | 
     58.57527 |      40.51371 |       0.01707 |       0.00947 |       0.01144 |       1.00000 |       1.00000 |      36.48692 |      35.90151 |    5920.32324 |    5917.93018 |      -1.41485 |    5919.92188 |      36.50000 |      36.00000 | 
     64.85120 |     106.91756 |       0.01542 |       0.00946 |       0.01186 |       1.00000 |       1.00000 |      36.48690 |      35.90155 |    5918.29688 |    5915.90381 |      -1.41514 |    5917.89551 |      36.50000 |      36.00000 | 
     60.63242 |      98.20289 |       0.01649 |       0.00946 |       0.01186 |       1.00000 |       1.00000 |      36.48687 |      35.90159 |    5916.06006 |    5913.66699 |      -1.41545 |    5915.65869 |      36.50000 |      36.00000 | 
     58.57637 |      43.48204 |       0.01707 |       0.00946 |       0.01186 |       1.00000 |       1.00000 |      36.48685 |      35.90163 |    5913.95605 |    5911.56348 |      -1.41573 |    5913.55469 |      36.50000 |      36.00000 | 
     60.09632 |      39.60553 |       0.01664 |       0.00946 |       0.01186 |       1.00000 |       1.00000 |      36.48684 |      35.90166 |    5912.19824 |    5909.80615 |      -1.41596 |    5911.79639 |      36.50000 |      36.00000 | 
     59.28280 |      44.70073 |       0.01687 |       0.00946 |       0.01186 |       1.00000 |       1.00000 |      36.48682 |      35.90170 |    5910.18115 |    5907.78906 |      -1.41620 |    5909.77979 |      36.50000 |      36.00000 | 
     59.60719 |      36.44713 |       0.01678 |       0.00946 |       0.01186 |       1.00000 |       1.00000 |      36.48680 |      35.90174 |    5908.31885 |    5905.92725 |      -1.41643 |    5907.91748 |      36.50000 |      36.00000 | 
     58.58927 |      40.15258 |       0.01707 |       0.00946 |       0.01186 |       1.00000 |       1.00000 |      36.48678 |      35.90178 |    5906.25537 |    5903.86377 |      -1.41666 |    5905.85400 |      36.50000 |      36.00000 | 
     64.79409 |     114.83693 |       0.01543 |       0.00946 |       0.01186 |       1.00000 |       1.00000 |      36.48676 |      35.90181 |    5904.07080 |    5901.67969 |      -1.41690 |    5903.66943 |      36.50000 |      36.00000 | 
     60.60713 |      36.95218 |       0.01650 |       0.00946 |       0.01186 |       1.00000 |       1.00000 |      36.48674 |      35.90187 |    5901.19434 |    5898.80371 |      -1.41720 |    5900.79297 |      36.50000 |      36.00000 | 
     61.45261 |      43.33882 |       0.01627 |       0.00946 |       0.01186 |       1.00000 |       1.00000 |      36.48672 |      35.90190 |    5899.35010 |    5896.95898 |      -1.41739 |    5898.94824 |      36.50000 |      36.00000 | 
     59.93134 |      46.44466 |       0.01669 |       0.00946 |       0.01186 |       1.00000 |       1.00000 |      36.48670 |      35.90194 |    5897.22852 |    5894.83838 |      -1.41802 |    5896.82715 |      36.50000 |      36.00000 | 
     60.14650 |      38.67275 |       0.01663 |       0.00946 |       0.01186 |       1.00000 |       1.00000 |      36.48668 |      35.90197 |    5895.29980 |    5892.91064 |      -1.41948 |    5894.89795 |      36.50000 |      36.00000 | 
     64.51653 |     114.12920 |       0.01550 |       0.00946 |       0.01186 |       1.00000 |       1.00000 |      36.48667 |      35.90200 |    5893.61768 |    5891.22998 |      -1.42073 |    5893.21631 |      36.50000 |      36.00000 | 
     60.54280 |     103.51967 |       0.01652 |       0.00946 |       0.01186 |       1.00000 |       1.00000 |      36.48664 |      35.90205 |    5891.22168 |    5888.83594 |      -1.42251 |    5890.82031 |      36.50000 |      36.00000 | 
     65.34038 |     100.88781 |       0.01530 |       0.00946 |       0.01186 |       1.00000 |       1.00000 |      36.48663 |      35.90208 |    5888.87842 |    5886.49414 |      -1.42424 |    5888.47656 |      36.50000 |      36.00000 | 
     64.31566 |      76.03407 |       0.01555 |       0.00946 |       0.01186 |       1.00000 |       1.00000 |      36.48661 |      35.90212 |    5886.81836 |    5884.43604 |      -1.42574 |    5886.41699 |      36.50000 |      36.00000 | 
     61.37957 |      37.56997 |       0.01629 |       0.00946 |       0.01186 |       1.00000 |       1.00000 |      36.48658 |      35.90217 |    5883.97656 |    5881.59619 |      -1.42779 |    5883.57520 |      36.50000 |      36.00000 | 
     60.99248 |      35.55556 |       0.01640 |       0.00946 |       0.01186 |       1.00000 |       1.00000 |      36.48656 |      35.90221 |    5882.00488 |    5879.62549 |      -1.42920 |    5881.60303 |      36.50000 |      36.00000 | 
     59.64460 |      43.36137 |       0.01677 |       0.00946 |       0.01186 |       1.00000 |       1.00000 |      36.48655 |      35.90224 |    5879.83203 |    5877.45459 |      -1.43075 |    5879.43066 |      36.50000 |      36.00000 | 
     60.48583 |      38.65929 |       0.01653 |       0.00977 |       0.01207 |       1.00000 |       1.00000 |      36.48653 |      35.90228 |    5877.89697 |    5875.52100 |      -1.43211 |    5877.49561 |      36.50000 |      36.00000 | 
     66.63657 |     106.94044 |       0.01501 |       0.00977 |       0.01207 |       1.00000 |       1.00000 |      36.48651 |      35.90232 |    5875.69482 |    5873.32031 |      -1.43366 |    5875.29297 |      36.50000 |      36.00000 | 
     62.49379 |     101.83299 |       0.01600 |       0.00977 |       0.01207 |       1.00000 |       1.00000 |      36.48649 |      35.90236 |    5873.32080 |    5870.94775 |      -1.43530 |    5872.91943 |      36.50000 |      36.00000 | 
     67.24150 |     124.14649 |       0.01487 |       0.00977 |       0.01207 |       1.00000 |       1.00000 |      36.48647 |      35.90239 |    5871.65283 |    5869.28125 |      -1.43646 |    5871.25146 |      36.50000 |      36.00000 | 
     62.01871 |     113.75270 |       0.01612 |       0.00977 |       0.01207 |       1.00000 |       1.00000 |      36.48645 |      35.90243 |    5869.16455 |    5866.79443 |      -1.43816 |    5868.76318 |      36.50000 |      36.00000 | 
     59.72844 |      45.02274 |       0.01674 |       0.00977 |       0.01207 |       1.00000 |       1.00000 |      36.48643 |      35.90247 |    5866.87891 |    5864.51074 |      -1.43972 |    5866.47949 |      36.50000 |      36.00000 | 
     63.70620 |     114.02509 |       0.01570 |       0.00977 |       0.01207 |       1.00000 |       1.00000 |      36.48642 |      35.90250 |    5865.14941 |    5862.78223 |      -1.44089 |    5864.75000 |      36.50000 |      36.00000 | 
     63.89695 |     110.52166 |       0.01565 |       0.00977 |       0.01207 |       1.00000 |       1.00000 |      36.48639 |      35.90255 |    5862.35645 |    5859.99121 |      -1.44277 |    5861.95703 |      36.50000 |      36.00000 | 
     59.55789 |      96.84292 |       0.01679 |       0.00977 |       0.01207 |       1.00000 |       1.00000 |      36.48637 |      35.90259 |    5859.81299 |    5857.44971 |      -1.44447 |    5859.41357 |      36.50000 |      36.00000 | 
     56.36693 |      38.01270 |       0.01774 |       0.00977 |       0.01207 |       1.00000 |       1.00000 |      36.48635 |      35.90263 |    5857.32861 |    5854.96631 |      -1.44611 |    5856.92871 |      36.50000 |      36.00000 | 
     56.26158 |      45.25092 |       0.01777 |       0.00977 |       0.01207 |       1.00000 |       1.00000 |      36.48633 |      35.90267 |    5855.06152 |    5852.70117 |      -1.44760 |    5854.66211 |      36.50000 |      36.00000 | 
     62.56763 |      97.52292 |       0.01598 |       0.00977 |       0.01207 |       1.00000 |       1.00000 |      36.48631 |      35.90271 |    5852.72803 |    5850.36865 |      -1.44913 |    5852.32812 |      36.50000 |      36.00000 | 
     64.88309 |     104.30791 |       0.01541 |       0.00977 |       0.01207 |       1.00000 |       1.00000 |      36.48629 |      35.90274 |    5850.82080 |    5848.46240 |      -1.45037 |    5850.42090 |      36.50000 |      36.00000 | 
     61.35412 |      99.26543 |       0.01630 |       0.00977 |       0.01207 |       1.00000 |       1.00000 |      36.48627 |      35.90278 |    5848.40967 |    5846.05322 |      -1.45193 |    5848.01025 |      36.50000 |      36.00000 | 
     58.28214 |      45.29806 |       0.01716 |       0.00977 |       0.01207 |       1.00000 |       1.00000 |      36.48625 |      35.90282 |    5845.98438 |    5843.62988 |      -1.45349 |    5845.58496 |      36.50000 |      36.00000 | 
     59.58880 |      44.06645 |       0.01678 |       0.00977 |       0.01207 |       1.00000 |       1.00000 |      36.48623 |      35.90286 |    5843.98340 |    5841.62939 |      -1.45477 |    5843.58350 |      36.50000 |      36.00000 | 
     60.31753 |      37.37759 |       0.01658 |       0.00977 |       0.01207 |       1.00000 |       1.00000 |      36.48622 |      35.90289 |    5842.00537 |    5839.65332 |      -1.45602 |    5841.60547 |      36.50000 |      36.00000 | 
     60.89455 |      38.23653 |       0.01642 |       0.00977 |       0.01207 |       1.00000 |       1.00000 |      36.48620 |      35.90293 |    5840.03320 |    5837.68213 |      -1.45727 |    5839.63330 |      36.50000 |      36.00000 | 
     60.72412 |      37.97228 |       0.01647 |       0.00977 |       0.01207 |       1.00000 |       1.00000 |      36.48618 |      35.90296 |    5837.99805 |    5835.64844 |      -1.45855 |    5837.59863 |      36.50000 |      36.00000 | 
     67.89077 |     124.06948 |       0.01473 |       0.00928 |       0.01188 |       1.00000 |       1.00000 |      36.48616 |      35.90300 |    5835.84619 |    5833.49756 |      -1.45990 |    5835.44678 |      36.50000 |      36.00000 | 
     62.57850 |      70.85164 |       0.01598 |       0.00928 |       0.01188 |       1.00000 |       1.00000 |      36.48614 |      35.90305 |    5832.64941 |    5830.30273 |      -1.46188 |    5832.24951 |      36.50000 |      36.00000 | 
     63.29411 |      89.53353 |       0.01580 |       0.00928 |       0.01188 |       1.00000 |       1.00000 |      36.48612 |      35.90309 |    5830.65723 |    5828.31201 |      -1.46312 |    5830.25781 |      36.50000 |      36.00000 | 
     63.93991 |      89.15040 |       0.01564 |       0.00928 |       0.01188 |       1.00000 |       1.00000 |      36.48610 |      35.90312 |    5828.68408 |    5826.34033 |      -1.46433 |    5828.28467 |      36.50000 |      36.00000 | 
     65.47987 |      89.48546 |       0.01527 |       0.00928 |       0.01188 |       1.00000 |       1.00000 |      36.48608 |      35.90316 |    5826.76123 |    5824.41846 |      -1.46551 |    5826.36182 |      36.50000 |      36.00000 | 
     65.77145 |      78.96399 |       0.01520 |       0.00928 |       0.01188 |       1.00000 |       1.00000 |      36.48606 |      35.90320 |    5824.07959 |    5821.73828 |      -1.46714 |    5823.67969 |      36.50000 |      36.00000 | 
     62.64418 |      36.85821 |       0.01596 |       0.00928 |       0.01188 |       1.00000 |       1.00000 |      36.48605 |      35.90322 |    5822.55469 |    5820.21484 |      -1.46806 |    5822.15527 |      36.50000 |      36.00000 | 
     61.97623 |      42.64938 |       0.01614 |       0.00928 |       0.01188 |       1.00000 |       1.00000 |      36.48603 |      35.90326 |    5820.50439 |    5818.16553 |      -1.46930 |    5820.10449 |      36.50000 |      36.00000 | 
     61.50750 |      40.23012 |       0.01626 |       0.00928 |       0.01188 |       1.00000 |       1.00000 |      36.48601 |      35.90330 |    5818.46240 |    5816.12451 |      -1.47052 |    5818.06250 |      36.50000 |      36.00000 | 
     61.71977 |      41.32232 |       0.01620 |       0.00928 |       0.01188 |       1.00000 |       1.00000 |      36.48600 |      35.90333 |    5816.47900 |    5814.14258 |      -1.47171 |    5816.07910 |      36.50000 |      36.00000 | 
     59.64764 |      46.23209 |       0.01677 |       0.00928 |       0.01188 |       1.00000 |       1.00000 |      36.48597 |      35.90337 |    5814.18945 |    5811.85400 |      -1.47307 |    5813.78955 |      36.50000 |      36.00000 | 
     66.18259 |     108.70747 |       0.01511 |       0.00928 |       0.01188 |       1.00000 |       1.00000 |      36.48595 |      35.90341 |    5811.95215 |    5809.61816 |      -1.47439 |    5811.55273 |      36.50000 |      36.00000 | 
     66.84711 |     113.36583 |       0.01496 |       0.00928 |       0.01188 |       1.00000 |       1.00000 |      36.48594 |      35.90344 |    5809.97705 |    5807.64404 |      -1.47555 |    5809.57764 |      36.50000 |      36.00000 | 
     61.10026 |      44.57520 |       0.01637 |       0.00928 |       0.01188 |       1.00000 |       1.00000 |      36.48592 |      35.90348 |    5807.50000 |    5805.16846 |      -1.47700 |    5807.10010 |      36.50000 |      36.00000 | 
     65.30041 |     120.81672 |       0.01531 |       0.00928 |       0.01188 |       1.00000 |       1.00000 |      36.48590 |      35.90351 |    5805.80664 |    5803.47559 |      -1.47799 |    5805.40674 |      36.50000 |      36.00000 | 
     61.38189 |      44.57122 |       0.01629 |       0.00928 |       0.01188 |       1.00000 |       1.00000 |      36.48588 |      35.90356 |    5803.47070 |    5801.14209 |      -1.47934 |    5803.07129 |      36.50000 |      36.00000 | 
     60.51019 |      41.03911 |       0.01653 |       0.00928 |       0.01188 |       1.00000 |       1.00000 |      36.48587 |      35.90358 |    5802.04004 |    5799.71191 |      -1.48017 |    5801.64062 |      36.50000 |      36.00000 | 
     58.92920 |      40.56301 |       0.01697 |       0.00928 |       0.01188 |       1.00000 |       1.00000 |      36.48585 |      35.90362 |    5799.79346 |    5797.46680 |      -1.48146 |    5799.39404 |      36.50000 |      36.00000 | 
     58.94147 |      45.26116 |       0.01697 |       0.00928 |       0.01188 |       1.00000 |       1.00000 |      36.48583 |      35.90366 |    5797.64844 |    5795.32275 |      -1.48268 |    5797.24902 |      36.50000 |      36.00000 | 
     60.18492 |      37.56574 |       0.01662 |       0.00928 |       0.01188 |       1.00000 |       1.00000 |      36.48581 |      35.90369 |    5795.71582 |    5793.39160 |      -1.48378 |    5795.31641 |      36.50000 |      36.00000 | 
     61.04357 |      41.60080 |       0.01638 |       0.00928 |       0.01188 |       1.00000 |       1.00000 |      36.48579 |      35.90372 |    5793.76758 |    5791.44434 |      -1.48488 |    5793.36816 |      36.50000 |      36.00000 | 
     61.63535 |      41.65452 |       0.01622 |       0.01020 |       0.01194 |       1.00000 |       1.00000 |      36.48578 |      35.90376 |    5791.81494 |    5789.49268 |      -1.48598 |    5791.41553 |      36.50000 |      36.00000 | 
     67.92556 |     100.05003 |       0.01472 |       0.01020 |       0.01194 |       1.00000 |       1.00000 |      36.48576 |      35.90379 |    5790.31934 |    5787.99756 |      -1.48682 |    5789.91943 |      36.50000 |      36.00000 | 
     61.76004 |      43.14250 |       0.01619 |       0.01020 |       0.01194 |       1.00000 |       1.00000 |      36.48574 |      35.90383 |    5787.86963 |    5785.54980 |      -1.48819 |    5787.47021 |      36.50000 |      36.00000 | 
     64.93883 |      98.76543 |       0.01540 |       0.01020 |       0.01194 |       1.00000 |       1.00000 |      36.48573 |      35.90386 |    5786.12012 |    5783.80078 |      -1.48916 |    5785.72021 |      36.50000 |      36.00000 | 
     60.44278 |      42.42862 |       0.01654 |       0.01020 |       0.01194 |       1.00000 |       1.00000 |      36.48571 |      35.90390 |    5783.72900 |    5781.41162 |      -1.49049 |    5783.32959 |      36.50000 |      36.00000 | 
     63.30523 |     100.12015 |       0.01580 |       0.01020 |       0.01194 |       1.00000 |       1.00000 |      36.48569 |      35.90393 |    5781.90527 |    5779.58838 |      -1.49149 |    5781.50586 |      36.50000 |      36.00000 | 
     59.46880 |      43.47259 |       0.01682 |       0.01020 |       0.01194 |       1.00000 |       1.00000 |      36.48567 |      35.90398 |    5779.51221 |    5777.19629 |      -1.49280 |    5779.11230 |      36.50000 |      36.00000 | 
     60.55135 |      41.01554 |       0.01651 |       0.01020 |       0.01194 |       1.00000 |       1.00000 |      36.48565 |      35.90401 |    5777.57568 |    5775.26123 |      -1.49386 |    5777.17627 |      36.50000 |      36.00000 | 
     59.67582 |      44.07422 |       0.01676 |       0.01020 |       0.01194 |       1.00000 |       1.00000 |      36.48563 |      35.90405 |    5775.41113 |    5773.09766 |      -1.49503 |    5775.01123 |      36.50000 |      36.00000 | 
     65.64467 |     107.02055 |       0.01523 |       0.01020 |       0.01194 |       1.00000 |       1.00000 |      36.48562 |      35.90408 |    5773.84619 |    5771.53369 |      -1.49587 |    5773.44629 |      36.50000 |      36.00000 | 
     67.32831 |     101.02030 |       0.01485 |       0.01020 |       0.01194 |       1.00000 |       1.00000 |      36.48560 |      35.90411 |    5771.98584 |    5769.67480 |      -1.49687 |    5771.58594 |      36.50000 |      36.00000 | 
     63.50120 |     109.03936 |       0.01575 |       0.01020 |       0.01194 |       1.00000 |       1.00000 |      36.48558 |      35.90415 |    5769.66846 |    5767.35840 |      -1.49811 |    5769.26904 |      36.50000 |      36.00000 | 
     64.90504 |     107.64262 |       0.01541 |       0.01020 |       0.01194 |       1.00000 |       1.00000 |      36.48556 |      35.90419 |    5767.73389 |    5765.42432 |      -1.49914 |    5767.33398 |      36.50000 |      36.00000 | 
     60.37713 |      45.68296 |       0.01656 |       0.01020 |       0.01194 |       1.00000 |       1.00000 |      36.48554 |      35.90423 |    5765.33789 |    5763.02979 |      -1.50041 |    5764.93799 |      36.50000 |      36.00000 | 
     64.43713 |      91.97939 |       0.01552 |       0.01020 |       0.01194 |       1.00000 |       1.00000 |      36.48552 |      35.90427 |    5762.94141 |    5760.63525 |      -1.50167 |    5762.54150 |      36.50000 |      36.00000 | 
     65.27924 |     101.10201 |       0.01532 |       0.01020 |       0.01194 |       1.00000 |       1.00000 |      36.48550 |      35.90430 |    5761.05176 |    5758.74609 |      -1.50265 |    5760.65186 |      36.50000 |      36.00000 | 
     66.63876 |      96.40413 |       0.01501 |       0.01020 |       0.01194 |       1.00000 |       1.00000 |      36.48549 |      35.90434 |    5759.17139 |    5756.86670 |      -1.50363 |    5758.77197 |      36.50000 |      36.00000 | 
     61.36150 |      45.35970 |       0.01630 |       0.01020 |       0.01194 |       1.00000 |       1.00000 |      36.48546 |      35.90438 |    5756.78174 |    5754.47852 |      -1.50487 |    5756.38232 |      36.50000 |      36.00000 | 
     64.66674 |     102.66940 |       0.01546 |       0.01020 |       0.01194 |       1.00000 |       1.00000 |      36.48545 |      35.90441 |    5755.04688 |    5752.74414 |      -1.50576 |    5754.64697 |      36.50000 |      36.00000 | 
     65.23147 |      77.10695 |       0.01533 |       0.01020 |       0.01194 |       1.00000 |       1.00000 |      36.48543 |      35.90445 |    5753.10840 |    5750.80713 |      -1.50676 |    5752.70898 |      36.50000 |      36.00000 | 
     67.56602 |     111.01244 |       0.01480 |       0.01020 |       0.01194 |       1.00000 |       1.00000 |      36.48541 |      35.90448 |    5751.31152 |    5749.01123 |      -1.50767 |    5750.91211 |      36.50000 |      36.00000 | 
     60.84907 |      43.27880 |       0.01643 |       0.01065 |       0.01269 |       1.00000 |       1.00000 |      36.48539 |      35.90453 |    5748.82178 |    5746.52246 |      -1.50894 |    5748.42188 |      36.50000 |      36.00000 | 
     65.53104 |      75.92438 |       0.01526 |       0.01065 |       0.01269 |       1.00000 |       1.00000 |      36.48537 |      35.90456 |    5747.21729 |    5744.91846 |      -1.50975 |    5746.81738 |      36.50000 |      36.00000 | 
     67.15595 |     119.63154 |       0.01489 |       0.01065 |       0.01269 |       1.00000 |       1.00000 |      36.48536 |      35.90459 |    5745.36914 |    5743.07178 |      -1.51068 |    5744.97119 |      36.50000 |      36.00000 | 
     61.48895 |      43.28255 |       0.01626 |       0.01065 |       0.01269 |       1.00000 |       1.00000 |      36.48533 |      35.90463 |    5742.98291 |    5740.68652 |      -1.51187 |    5742.58496 |      36.50000 |      36.00000 | 
     62.87042 |      75.09199 |       0.01591 |       0.01065 |       0.01269 |       1.00000 |       1.00000 |      36.48532 |      35.90467 |    5741.11279 |    5738.81738 |      -1.51280 |    5740.71484 |      36.50000 |      36.00000 | 
     61.79259 |      42.24936 |       0.01618 |       0.01065 |       0.01269 |       1.00000 |       1.00000 |      36.48530 |      35.90469 |    5739.73389 |    5737.43896 |      -1.51348 |    5739.33594 |      36.50000 |      36.00000 | 
     59.53475 |      39.98400 |       0.01680 |       0.01065 |       0.01269 |       1.00000 |       1.00000 |      36.48528 |      35.90473 |    5737.52783 |    5735.23438 |      -1.51457 |    5737.12988 |      36.50000 |      36.00000 | 
     65.20397 |     114.22044 |       0.01534 |       0.01065 |       0.01269 |       1.00000 |       1.00000 |      36.48526 |      35.90478 |    5735.20264 |    5732.91064 |      -1.51570 |    5734.80469 |      36.50000 |      36.00000 | 
     60.39094 |     106.19093 |       0.01656 |       0.01065 |       0.01269 |       1.00000 |       1.00000 |      36.48524 |      35.90482 |    5732.73145 |    5730.44043 |      -1.51690 |    5732.33350 |      36.50000 |      36.00000 | 
     57.63449 |      47.47211 |       0.01735 |       0.01065 |       0.01269 |       1.00000 |       1.00000 |      36.48521 |      35.90487 |    5730.37646 |    5728.08594 |      -1.51804 |    5729.97852 |      36.50000 |      36.00000 | 
     59.95807 |      78.67821 |       0.01668 |       0.01065 |       0.01269 |       1.00000 |       1.00000 |      36.48520 |      35.90490 |    5728.49756 |    5726.20850 |      -1.51894 |    5728.09961 |      36.50000 |      36.00000 | 
     61.97401 |     103.95010 |       0.01614 |       0.01065 |       0.01269 |       1.00000 |       1.00000 |      36.48518 |      35.90493 |    5726.63184 |    5724.34375 |      -1.51983 |    5726.23389 |      36.50000 |      36.00000 | 
     59.17675 |      41.86027 |       0.01690 |       0.01065 |       0.01269 |       1.00000 |       1.00000 |      36.48516 |      35.90498 |    5724.36670 |    5722.07959 |      -1.52090 |    5723.96875 |      36.50000 |      36.00000 | 
     63.42765 |     120.64182 |       0.01577 |       0.01065 |       0.01269 |       1.00000 |       1.00000 |      36.48514 |      35.90501 |    5722.70068 |    5720.41455 |      -1.52168 |    5722.30273 |      36.50000 |      36.00000 | 
     59.89923 |      41.70316 |       0.01669 |       0.01065 |       0.01269 |       1.00000 |       1.00000 |      36.48512 |      35.90505 |    5720.42285 |    5718.13770 |      -1.52275 |    5720.02490 |      36.50000 |      36.00000 | 
     63.86153 |     114.49508 |       0.01566 |       0.01065 |       0.01269 |       1.00000 |       1.00000 |      36.48510 |      35.90508 |    5718.75244 |    5716.46777 |      -1.52352 |    5718.35449 |      36.50000 |      36.00000 | 
     60.06413 |      42.13897 |       0.01665 |       0.01065 |       0.01269 |       1.00000 |       1.00000 |      36.48508 |      35.90512 |    5716.46582 |    5714.18213 |      -1.52458 |    5716.06787 |      36.50000 |      36.00000 | 
     59.71738 |      40.26413 |       0.01675 |       0.01065 |       0.01269 |       1.00000 |       1.00000 |      36.48507 |      35.90515 |    5715.11670 |    5712.83398 |      -1.52520 |    5714.71875 |      36.50000 |      36.00000 | 
     58.40733 |      41.30866 |       0.01712 |       0.01065 |       0.01269 |       1.00000 |       1.00000 |      36.48505 |      35.90519 |    5712.95801 |    5710.67578 |      -1.52618 |    5712.56006 |      36.50000 |      36.00000 | 
     60.62356 |      83.49336 |       0.01650 |       0.01065 |       0.01269 |       1.00000 |       1.00000 |      36.48503 |      35.90523 |    5711.10352 |    5708.82227 |      -1.52702 |    5710.70557 |      36.50000 |      36.00000 | 
     62.96258 |     105.35188 |       0.01588 |       0.00965 |       0.01194 |       1.00000 |       1.00000 |      36.48501 |      35.90526 |    5709.30957 |    5707.02930 |      -1.52783 |    5708.91162 |      36.50000 |      36.00000 | 
     64.43238 |     108.97995 |       0.01552 |       0.00965 |       0.01194 |       1.00000 |       1.00000 |      36.48500 |      35.90530 |    5707.43115 |    5705.15137 |      -1.52867 |    5707.03320 |      36.50000 |      36.00000 | 
     66.11049 |     108.08474 |       0.01513 |       0.00965 |       0.01194 |       1.00000 |       1.00000 |      36.48498 |      35.90533 |    5705.60205 |    5703.32324 |      -1.52948 |    5705.20410 |      36.50000 |      36.00000 | 
     60.48177 |      44.14816 |       0.01653 |       0.00965 |       0.01194 |       1.00000 |       1.00000 |      36.48495 |      35.90538 |    5703.22412 |    5700.94629 |      -1.53053 |    5702.82617 |      36.50000 |      36.00000 | 
     67.33042 |      98.16433 |       0.01485 |       0.00965 |       0.01194 |       1.00000 |       1.00000 |      36.48494 |      35.90542 |    5701.17188 |    5698.89502 |      -1.53143 |    5700.77393 |      36.50000 |      36.00000 | 
     62.76175 |     107.27312 |       0.01593 |       0.00965 |       0.01194 |       1.00000 |       1.00000 |      36.48491 |      35.90546 |    5698.86768 |    5696.59180 |      -1.53243 |    5698.46973 |      36.50000 |      36.00000 | 
     66.28808 |     110.16856 |       0.01509 |       0.00965 |       0.01194 |       1.00000 |       1.00000 |      36.48489 |      35.90549 |    5697.17578 |    5694.90039 |      -1.53315 |    5696.77783 |      36.50000 |      36.00000 | 
     67.61087 |     109.12265 |       0.01479 |       0.00965 |       0.01194 |       1.00000 |       1.00000 |      36.48488 |      35.90553 |    5695.36475 |    5693.09033 |      -1.53393 |    5694.96680 |      36.50000 |      36.00000 | 
     62.09594 |     100.29084 |       0.01610 |       0.00965 |       0.01194 |       1.00000 |       1.00000 |      36.48486 |      35.90557 |    5692.98926 |    5690.71582 |      -1.53493 |    5692.59131 |      36.50000 |      36.00000 | 
     64.09279 |      88.77841 |       0.01560 |       0.00965 |       0.01194 |       1.00000 |       1.00000 |      36.48484 |      35.90561 |    5691.18799 |    5688.91504 |      -1.53569 |    5690.79004 |      36.50000 |      36.00000 | 
     59.72254 |      42.39803 |       0.01674 |       0.00965 |       0.01194 |       1.00000 |       1.00000 |      36.48481 |      35.90565 |    5688.88574 |    5686.61377 |      -1.53665 |    5688.48779 |      36.50000 |      36.00000 | 
     62.42978 |     104.02579 |       0.01602 |       0.00965 |       0.01194 |       1.00000 |       1.00000 |      36.48479 |      35.90569 |    5687.11621 |    5684.84570 |      -1.53738 |    5686.71826 |      36.50000 |      36.00000 | 
     59.91618 |     105.01995 |       0.01669 |       0.00965 |       0.01194 |       1.00000 |       1.00000 |      36.48477 |      35.90574 |    5684.83936 |    5682.56934 |      -1.53830 |    5684.44141 |      36.50000 |      36.00000 | 
     59.42074 |      38.41131 |       0.01683 |       0.00965 |       0.01194 |       1.00000 |       1.00000 |      36.48475 |      35.90579 |    5682.14160 |    5679.87305 |      -1.53940 |    5681.74365 |      36.50000 |      36.00000 | 
     60.25904 |      36.12717 |       0.01660 |       0.00965 |       0.01194 |       1.00000 |       1.00000 |      36.48473 |      35.90582 |    5680.29932 |    5678.03076 |      -1.54013 |    5679.90137 |      36.50000 |      36.00000 | 
     60.85682 |      37.87879 |       0.01643 |       0.00965 |       0.01194 |       1.00000 |       1.00000 |      36.48471 |      35.90586 |    5678.44873 |    5676.18115 |      -1.54087 |    5678.05078 |      36.50000 |      36.00000 | 
     60.65962 |      34.23485 |       0.01649 |       0.00965 |       0.01194 |       1.00000 |       1.00000 |      36.48469 |      35.90590 |    5676.56006 |    5674.29297 |      -1.54161 |    5676.16211 |      36.50000 |      36.00000 | 
     62.70939 |     122.53400 |       0.01595 |       0.00965 |       0.01194 |       1.00000 |       1.00000 |      36.48467 |      35.90593 |    5674.71484 |    5672.44824 |      -1.54233 |    5674.31689 |      36.50000 |      36.00000 | 
     58.78063 |      39.89627 |       0.01701 |       0.00965 |       0.01194 |       1.00000 |       1.00000 |      36.48465 |      35.90598 |    5672.42480 |    5670.15918 |      -1.54321 |    5672.02686 |      36.50000 |      36.00000 | 
     57.08174 |      37.09199 |       0.01752 |       0.00965 |       0.01194 |       1.00000 |       1.00000 |      36.48463 |      35.90602 |    5670.24365 |    5667.97949 |      -1.54404 |    5669.84570 |      36.50000 |      36.00000 | 
     56.85123 |      39.50851 |       0.01759 |       0.01014 |       0.01340 |       1.00000 |       1.00000 |      36.48461 |      35.90606 |    5668.15576 |    5665.89258 |      -1.54482 |    5667.75781 |      36.50000 |      36.00000 | 
     56.44123 |      42.64392 |       0.01772 |       0.01014 |       0.01340 |       1.00000 |       1.00000 |      36.48458 |      35.90611 |    5666.01855 |    5663.75586 |      -1.54562 |    5665.62061 |      36.50000 |      36.00000 | 
     60.15085 |     105.21886 |       0.01662 |       0.01014 |       0.01340 |       1.00000 |       1.00000 |      36.48457 |      35.90614 |    5664.28369 |    5662.02197 |      -1.54626 |    5663.88623 |      36.50000 |      36.00000 | 
     56.88372 |      41.04585 |       0.01758 |       0.01014 |       0.01340 |       1.00000 |       1.00000 |      36.48454 |      35.90619 |    5661.95117 |    5659.68994 |      -1.54711 |    5661.55322 |      36.50000 |      36.00000 | 
     58.05781 |      35.25845 |       0.01722 |       0.01014 |       0.01340 |       1.00000 |       1.00000 |      36.48452 |      35.90622 |    5660.07764 |    5657.81738 |      -1.54778 |    5659.67969 |      36.50000 |      36.00000 | 
     57.38691 |      43.01445 |       0.01743 |       0.01014 |       0.01340 |       1.00000 |       1.00000 |      36.48450 |      35.90627 |    5657.96338 |    5655.70361 |      -1.54854 |    5657.56543 |      36.50000 |      36.00000 | 
     57.43898 |      42.67304 |       0.01741 |       0.01014 |       0.01340 |       1.00000 |       1.00000 |      36.48448 |      35.90631 |    5655.91016 |    5653.65137 |      -1.54926 |    5655.51221 |      36.50000 |      36.00000 | 
     61.24145 |      96.30200 |       0.01633 |       0.01014 |       0.01340 |       1.00000 |       1.00000 |      36.48447 |      35.90634 |    5654.22754 |    5651.96924 |      -1.54984 |    5653.82959 |      36.50000 |      36.00000 | 
     57.22535 |      38.31858 |       0.01747 |       0.01014 |       0.01340 |       1.00000 |       1.00000 |      36.48444 |      35.90639 |    5651.87891 |    5649.62158 |      -1.55065 |    5651.48096 |      36.50000 |      36.00000 | 
     56.78772 |      40.49567 |       0.01761 |       0.01014 |       0.01340 |       1.00000 |       1.00000 |      36.48442 |      35.90643 |    5649.77783 |    5647.52100 |      -1.55136 |    5649.37988 |      36.50000 |      36.00000 | 
     57.06053 |      45.04910 |       0.01753 |       0.01014 |       0.01340 |       1.00000 |       1.00000 |      36.48440 |      35.90647 |    5647.72217 |    5645.46582 |      -1.55205 |    5647.32422 |      36.50000 |      36.00000 | 
     58.89915 |      36.03084 |       0.01698 |       0.01014 |       0.01340 |       1.00000 |       1.00000 |      36.48438 |      35.90651 |    5645.92969 |    5643.67383 |      -1.55264 |    5645.53174 |      36.50000 |      36.00000 | 
     56.95287 |      37.14848 |       0.01756 |       0.01014 |       0.01340 |       1.00000 |       1.00000 |      36.48436 |      35.90655 |    5643.73779 |    5641.48291 |      -1.55336 |    5643.33984 |      36.50000 |      36.00000 | 
     57.10509 |      45.29396 |       0.01751 |       0.01014 |       0.01340 |       1.00000 |       1.00000 |      36.48434 |      35.90659 |    5641.67969 |    5639.42529 |      -1.55401 |    5641.28174 |      36.50000 |      36.00000 | 
     58.16362 |      36.81885 |       0.01719 |       0.01014 |       0.01340 |       1.00000 |       1.00000 |      36.48432 |      35.90663 |    5639.80615 |    5637.55273 |      -1.55461 |    5639.40820 |      36.50000 |      36.00000 | 
     57.62819 |      41.86378 |       0.01735 |       0.01014 |       0.01340 |       1.00000 |       1.00000 |      36.48429 |      35.90667 |    5637.72461 |    5635.47168 |      -1.55526 |    5637.33057 |      36.50000 |      36.00000 | 
     57.47503 |      42.24222 |       0.01740 |       0.01014 |       0.01340 |       1.00000 |       1.00000 |      36.48428 |      35.90672 |    5635.66309 |    5633.41064 |      -1.55589 |    5635.26855 |      36.50000 |      36.00000 | 
     61.05228 |     101.14291 |       0.01638 |       0.01014 |       0.01340 |       1.00000 |       1.00000 |      36.48426 |      35.90675 |    5633.96143 |    5631.70947 |      -1.55641 |    5633.56689 |      36.50000 |      36.00000 | 
     57.30988 |      43.39901 |       0.01745 |       0.01014 |       0.01340 |       1.00000 |       1.00000 |      36.48423 |      35.90680 |    5631.62305 |    5629.37207 |      -1.55711 |    5631.22852 |      36.50000 |      36.00000 | 
     56.78530 |      69.35775 |       0.01761 |       0.01014 |       0.01340 |       1.00000 |       1.00000 |      36.48421 |      35.90684 |    5629.46680 |    5627.21631 |      -1.55774 |    5629.07227 |      36.50000 |      36.00000 | 
     58.82133 |      79.99360 |       0.01700 |       0.01076 |       0.01347 |       1.00000 |       1.00000 |      36.48418 |      35.90689 |    5626.78760 |    5624.53809 |      -1.55852 |    5626.39355 |      36.50000 |      36.00000 | 
     60.61195 |      91.23255 |       0.01650 |       0.01076 |       0.01347 |       1.00000 |       1.00000 |      36.48416 |      35.90694 |    5624.48486 |    5622.23584 |      -1.55917 |    5624.09033 |      36.50000 |      36.00000 | 
     61.37888 |      80.38585 |       0.01629 |       0.01076 |       0.01347 |       1.00000 |       1.00000 |      36.48413 |      35.90699 |    5622.03906 |    5619.79102 |      -1.55985 |    5621.64502 |      36.50000 |      36.00000 | 
     61.73803 |      83.09789 |       0.01620 |       0.01076 |       0.01347 |       1.00000 |       1.00000 |      36.48411 |      35.90704 |    5619.67920 |    5617.43115 |      -1.56049 |    5619.28467 |      36.50000 |      36.00000 | 
     63.29993 |     101.33765 |       0.01580 |       0.01076 |       0.01347 |       1.00000 |       1.00000 |      36.48409 |      35.90709 |    5617.36719 |    5615.12012 |      -1.56110 |    5616.97266 |      36.50000 |      36.00000 | 
     63.41625 |     105.45186 |       0.01577 |       0.01076 |       0.01347 |       1.00000 |       1.00000 |      36.48406 |      35.90714 |    5614.79102 |    5612.54492 |      -1.56177 |    5614.39697 |      36.50000 |      36.00000 | 
     63.57669 |      99.83029 |       0.01573 |       0.01076 |       0.01347 |       1.00000 |       1.00000 |      36.48403 |      35.90719 |    5612.25879 |    5610.01270 |      -1.56242 |    5611.86426 |      36.50000 |      36.00000 | 
     63.13681 |     105.71942 |       0.01584 |       0.01076 |       0.01347 |       1.00000 |       1.00000 |      36.48400 |      35.90724 |    5609.61084 |    5607.36572 |      -1.56308 |    5609.21680 |      36.50000 |      36.00000 | 
     62.78513 |     100.21044 |       0.01593 |       0.01076 |       0.01347 |       1.00000 |       1.00000 |      36.48398 |      35.90730 |    5607.03955 |    5604.79492 |      -1.56370 |    5606.64502 |      36.50000 |      36.00000 | 
     61.68877 |      88.78629 |       0.01621 |       0.01076 |       0.01347 |       1.00000 |       1.00000 |      36.48395 |      35.90735 |    5604.39795 |    5602.15430 |      -1.56433 |    5604.00391 |      36.50000 |      36.00000 | 
     60.11366 |      89.69415 |       0.01664 |       0.01076 |       0.01347 |       1.00000 |       1.00000 |      36.48392 |      35.90741 |    5601.72510 |    5599.48193 |      -1.56494 |    5601.33057 |      36.50000 |      36.00000 | 
     60.22789 |      92.97137 |       0.01660 |       0.01076 |       0.01347 |       1.00000 |       1.00000 |      36.48390 |      35.90746 |    5599.24316 |    5597.00049 |      -1.56550 |    5598.84863 |      36.50000 |      36.00000 | 
     61.75602 |      84.89685 |       0.01619 |       0.01076 |       0.01347 |       1.00000 |       1.00000 |      36.48388 |      35.90750 |    5596.97119 |    5594.72900 |      -1.56599 |    5596.57715 |      36.50000 |      36.00000 | 
     63.55626 |     104.23181 |       0.01573 |       0.01076 |       0.01347 |       1.00000 |       1.00000 |      36.48385 |      35.90755 |    5594.75439 |    5592.51221 |      -1.56647 |    5594.35986 |      36.50000 |      36.00000 | 
     63.75532 |      95.63887 |       0.01568 |       0.01076 |       0.01347 |       1.00000 |       1.00000 |      36.48383 |      35.90760 |    5592.28857 |    5590.04785 |      -1.56698 |    5591.89404 |      36.50000 |      36.00000 | 
     64.97864 |     113.80448 |       0.01539 |       0.01076 |       0.01347 |       1.00000 |       1.00000 |      36.48380 |      35.90765 |    5589.85986 |    5587.61914 |      -1.56747 |    5589.46533 |      36.50000 |      36.00000 | 
     64.64628 |     109.56503 |       0.01547 |       0.01076 |       0.01347 |       1.00000 |       1.00000 |      36.48377 |      35.90770 |    5587.20508 |    5584.96484 |      -1.56798 |    5586.81104 |      36.50000 |      36.00000 | 
     62.14498 |      88.05917 |       0.01609 |       0.01076 |       0.01347 |       1.00000 |       1.00000 |      36.48374 |      35.90776 |    5584.33789 |    5582.09766 |      -1.56853 |    5583.94336 |      36.50000 |      36.00000 | 
     62.68531 |     102.60620 |       0.01595 |       0.01076 |       0.01347 |       1.00000 |       1.00000 |      36.48372 |      35.90781 |    5581.87256 |    5579.63330 |      -1.56898 |    5581.47803 |      36.50000 |      36.00000 | 
     61.81871 |      99.56193 |       0.01618 |       0.01076 |       0.01347 |       1.00000 |       1.00000 |      36.48369 |      35.90787 |    5579.11182 |    5576.87305 |      -1.56946 |    5578.71729 |      36.50000 |      36.00000 | 
     61.69294 |     112.13277 |       0.01621 |       0.01097 |       0.01385 |       1.00000 |       1.00000 |      36.48366 |      35.90792 |    5576.38428 |    5574.14600 |      -1.56992 |    5575.98975 |      36.50000 |      36.00000 | 
     57.99309 |      71.00256 |       0.01724 |       0.01097 |       0.01385 |       1.00000 |       1.00000 |      36.48363 |      35.90799 |    5573.30957 |    5571.07129 |      -1.57042 |    5572.91504 |      36.50000 |      36.00000 | 
     54.61509 |      30.39144 |       0.01831 |       0.01097 |       0.01385 |       1.00000 |       1.00000 |      36.48361 |      35.90803 |    5571.34668 |    5569.10889 |      -1.57073 |    5570.95215 |      36.50000 |      36.00000 | 
     60.02552 |      82.69930 |       0.01666 |       0.01097 |       0.01385 |       1.00000 |       1.00000 |      36.48359 |      35.90806 |    5569.74414 |    5567.50732 |      -1.57097 |    5569.34961 |      36.50000 |      36.00000 | 
     59.67484 |      83.89966 |       0.01676 |       0.01097 |       0.01385 |       1.00000 |       1.00000 |      36.48357 |      35.90811 |    5567.25146 |    5565.01465 |      -1.57134 |    5566.85693 |      36.50000 |      36.00000 | 
     62.21696 |      93.23140 |       0.01607 |       0.01097 |       0.01385 |       1.00000 |       1.00000 |      36.48354 |      35.90817 |    5564.34668 |    5562.11035 |      -1.57175 |    5563.95215 |      36.50000 |      36.00000 | 
     62.28863 |      93.82623 |       0.01605 |       0.01097 |       0.01385 |       1.00000 |       1.00000 |      36.48351 |      35.90822 |    5561.92432 |    5559.68799 |      -1.57207 |    5561.52979 |      36.50000 |      36.00000 | 
     58.44912 |      60.29545 |       0.01711 |       0.01097 |       0.01385 |       1.00000 |       1.00000 |      36.48348 |      35.90828 |    5558.98096 |    5556.74463 |      -1.57245 |    5558.58643 |      36.50000 |      36.00000 | 
     56.85503 |      26.61698 |       0.01759 |       0.01097 |       0.01385 |       1.00000 |       1.00000 |      36.48345 |      35.90833 |    5556.43945 |    5554.20410 |      -1.57275 |    5556.04492 |      36.50000 |      36.00000 | 
     56.24059 |      23.71748 |       0.01778 |       0.01097 |       0.01385 |       1.00000 |       1.00000 |      36.48343 |      35.90839 |    5553.84326 |    5551.60791 |      -1.57305 |    5553.44873 |      36.50000 |      36.00000 | 
     56.63301 |      23.28126 |       0.01766 |       0.01097 |       0.01385 |       1.00000 |       1.00000 |      36.48340 |      35.90844 |    5551.29785 |    5549.06299 |      -1.57333 |    5550.90381 |      36.50000 |      36.00000 | 
     56.24961 |      23.84415 |       0.01778 |       0.01097 |       0.01385 |       1.00000 |       1.00000 |      36.48337 |      35.90849 |    5548.70898 |    5546.47412 |      -1.57359 |    5548.31445 |      36.50000 |      36.00000 | 
     55.56553 |      28.36155 |       0.01800 |       0.01097 |       0.01385 |       1.00000 |       1.00000 |      36.48335 |      35.90854 |    5546.22412 |    5543.98975 |      -1.57383 |    5545.82959 |      36.50000 |      36.00000 | 
     54.63821 |      24.79359 |       0.01830 |       0.01097 |       0.01385 |       1.00000 |       1.00000 |      36.48332 |      35.90860 |    5543.58008 |    5541.34570 |      -1.57406 |    5543.18555 |      36.50000 |      36.00000 | 
     54.23250 |      20.39110 |       0.01844 |       0.01097 |       0.01385 |       1.00000 |       1.00000 |      36.48329 |      35.90866 |    5540.76758 |    5538.53369 |      -1.57429 |    5540.37305 |      36.50000 |      36.00000 | 
     54.46897 |      24.25301 |       0.01836 |       0.01097 |       0.01385 |       1.00000 |       1.00000 |      36.48326 |      35.90871 |    5538.17334 |    5535.93945 |      -1.57449 |    5537.77930 |      36.50000 |      36.00000 | 
     54.68676 |      24.83300 |       0.01829 |       0.01097 |       0.01385 |       1.00000 |       1.00000 |      36.48323 |      35.90876 |    5535.60596 |    5533.37256 |      -1.57467 |    5535.21338 |      36.50000 |      36.00000 | 
     55.24413 |      20.09000 |       0.01810 |       0.01097 |       0.01385 |       1.00000 |       1.00000 |      36.48320 |      35.90882 |    5532.87158 |    5530.63770 |      -1.57484 |    5532.47852 |      36.50000 |      36.00000 | 
     54.64360 |      19.90000 |       0.01830 |       0.01097 |       0.01385 |       1.00000 |       1.00000 |      36.48318 |      35.90887 |    5530.07715 |    5527.84424 |      -1.57500 |    5529.68457 |      36.50000 |      36.00000 | 
     54.60616 |      19.90000 |       0.01831 |       0.01097 |       0.01385 |       1.00000 |       1.00000 |      36.48315 |      35.90894 |    5527.24072 |    5525.00781 |      -1.57514 |    5526.84814 |      36.50000 |      36.00000 | 
     54.78518 |      27.09146 |       0.01825 |       0.01161 |       0.01413 |       1.00000 |       1.00000 |      36.48312 |      35.90899 |    5524.69678 |    5522.46338 |      -1.57525 |    5524.30371 |      36.50000 |      36.00000 | 
     55.16660 |      29.20561 |       0.01813 |       0.01161 |       0.01413 |       1.00000 |       1.00000 |      36.48309 |      35.90904 |    5522.27686 |    5520.04346 |      -1.57534 |    5521.88379 |      36.50000 |      36.00000 | 
     60.32498 |      77.82101 |       0.01658 |       0.01161 |       0.01413 |       1.00000 |       1.00000 |      36.48308 |      35.90907 |    5520.65381 |    5518.42139 |      -1.57539 |    5520.26123 |      36.50000 |      36.00000 | 
     61.30178 |      95.53836 |       0.01631 |       0.01161 |       0.01413 |       1.00000 |       1.00000 |      36.48305 |      35.90912 |    5518.28857 |    5516.05566 |      -1.57545 |    5517.89600 |      36.50000 |      36.00000 | 
     62.33372 |     101.23507 |       0.01604 |       0.01161 |       0.01413 |       1.00000 |       1.00000 |      36.48302 |      35.90917 |    5515.81445 |    5513.58154 |      -1.57551 |    5515.42139 |      36.50000 |      36.00000 | 
     61.85633 |      95.34706 |       0.01617 |       0.01161 |       0.01413 |       1.00000 |       1.00000 |      36.48300 |      35.90923 |    5513.16357 |    5510.93115 |      -1.57554 |    5512.77100 |      36.50000 |      36.00000 | 
     60.41581 |      75.84377 |       0.01655 |       0.01161 |       0.01413 |       1.00000 |       1.00000 |      36.48297 |      35.90928 |    5510.55566 |    5508.32324 |      -1.57556 |    5510.16309 |      36.50000 |      36.00000 | 
     63.71865 |     104.70108 |       0.01569 |       0.01161 |       0.01413 |       1.00000 |       1.00000 |      36.48294 |      35.90934 |    5507.78955 |    5505.55664 |      -1.57557 |    5507.39648 |      36.50000 |      36.00000 | 
     63.77934 |     109.93843 |       0.01568 |       0.01161 |       0.01413 |       1.00000 |       1.00000 |      36.48291 |      35.90939 |    5505.26904 |    5503.03613 |      -1.57555 |    5504.87646 |      36.50000 |      36.00000 | 
     63.85153 |     105.84251 |       0.01566 |       0.01161 |       0.01413 |       1.00000 |       1.00000 |      36.48289 |      35.90944 |    5502.69629 |    5500.46387 |      -1.57552 |    5502.30371 |      36.50000 |      36.00000 | 
     64.46585 |     104.11244 |       0.01551 |       0.01161 |       0.01413 |       1.00000 |       1.00000 |      36.48286 |      35.90949 |    5500.20215 |    5497.96924 |      -1.57548 |    5499.80957 |      36.50000 |      36.00000 | 
     64.76109 |     107.37679 |       0.01544 |       0.01161 |       0.01413 |       1.00000 |       1.00000 |      36.48283 |      35.90955 |    5497.63770 |    5495.40479 |      -1.57542 |    5497.24463 |      36.50000 |      36.00000 | 
     64.33951 |      86.03631 |       0.01554 |       0.01161 |       0.01413 |       1.00000 |       1.00000 |      36.48281 |      35.90960 |    5495.06982 |    5492.83691 |      -1.57534 |    5494.67725 |      36.50000 |      36.00000 | 
     61.80202 |      64.55778 |       0.01618 |       0.01161 |       0.01413 |       1.00000 |       1.00000 |      36.48278 |      35.90965 |    5492.50635 |    5490.27295 |      -1.57524 |    5492.11328 |      36.50000 |      36.00000 | 
     63.06416 |      75.13712 |       0.01586 |       0.01161 |       0.01413 |       1.00000 |       1.00000 |      36.48276 |      35.90969 |    5490.63477 |    5488.40137 |      -1.57516 |    5490.24170 |      36.50000 |      36.00000 | 
     61.54479 |      71.08331 |       0.01625 |       0.01161 |       0.01413 |       1.00000 |       1.00000 |      36.48273 |      35.90974 |    5488.12012 |    5485.88672 |      -1.57504 |    5487.72705 |      36.50000 |      36.00000 | 
     62.35469 |      90.03331 |       0.01604 |       0.01161 |       0.01413 |       1.00000 |       1.00000 |      36.48271 |      35.90979 |    5485.80469 |    5483.57129 |      -1.57492 |    5485.41162 |      36.50000 |      36.00000 | 
     61.47286 |      95.70294 |       0.01627 |       0.01161 |       0.01413 |       1.00000 |       1.00000 |      36.48268 |      35.90985 |    5483.06934 |    5480.83594 |      -1.57476 |    5482.67627 |      36.50000 |      36.00000 | 
     62.66052 |     107.16965 |       0.01596 |       0.01161 |       0.01413 |       1.00000 |       1.00000 |      36.48266 |      35.90990 |    5480.63574 |    5478.40234 |      -1.57459 |    5480.24316 |      36.50000 |      36.00000 | 
     62.68592 |      72.83852 |       0.01595 |       0.01113 |       0.01279 |       1.00000 |       1.00000 |      36.48262 |      35.90997 |    5477.39551 |    5475.16162 |      -1.57435 |    5477.00293 |      36.50000 |      36.00000 | 
     60.31086 |      31.37747 |       0.01658 |       0.01113 |       0.01279 |       1.00000 |       1.00000 |      36.48260 |      35.91000 |    5475.63672 |    5473.40234 |      -1.57421 |    5475.24414 |      36.50000 |      36.00000 | 
     60.65064 |      28.42605 |       0.01649 |       0.01113 |       0.01279 |       1.00000 |       1.00000 |      36.48258 |      35.91005 |    5473.32715 |    5471.09229 |      -1.57402 |    5472.93408 |      36.50000 |      36.00000 | 
     61.01554 |      25.31389 |       0.01639 |       0.01113 |       0.01279 |       1.00000 |       1.00000 |      36.48256 |      35.91010 |    5470.94531 |    5468.71143 |      -1.57380 |    5470.55273 |      36.50000 |      36.00000 | 
     61.18978 |      24.29720 |       0.01634 |       0.01113 |       0.01279 |       1.00000 |       1.00000 |      36.48253 |      35.91015 |    5468.51807 |    5466.28320 |      -1.57357 |    5468.12500 |      36.50000 |      36.00000 | 
     65.97636 |      67.72314 |       0.01516 |       0.01113 |       0.01279 |       1.00000 |       1.00000 |      36.48251 |      35.91019 |    5466.35107 |    5464.11572 |      -1.57334 |    5465.95801 |      36.50000 |      36.00000 | 
     67.23193 |     114.15525 |       0.01487 |       0.01113 |       0.01279 |       1.00000 |       1.00000 |      36.48249 |      35.91024 |    5464.29541 |    5462.06006 |      -1.57312 |    5463.90283 |      36.50000 |      36.00000 | 
     66.33395 |      90.00090 |       0.01508 |       0.01113 |       0.01279 |       1.00000 |       1.00000 |      36.48246 |      35.91029 |    5461.85205 |    5459.61621 |      -1.57285 |    5461.45947 |      36.50000 |      36.00000 | 
     68.56734 |     120.49644 |       0.01458 |       0.01113 |       0.01279 |       1.00000 |       1.00000 |      36.48244 |      35.91033 |    5459.67334 |    5457.43750 |      -1.57259 |    5459.28076 |      36.50000 |      36.00000 | 
     67.87036 |     117.77176 |       0.01473 |       0.01113 |       0.01279 |       1.00000 |       1.00000 |      36.48241 |      35.91039 |    5457.09033 |    5454.85400 |      -1.57226 |    5456.69775 |      36.50000 |      36.00000 | 
     68.30401 |     125.40758 |       0.01464 |       0.01113 |       0.01279 |       1.00000 |       1.00000 |      36.48238 |      35.91044 |    5454.61279 |    5452.37646 |      -1.57194 |    5454.21973 |      36.50000 |      36.00000 | 
     66.95683 |     115.00863 |       0.01493 |       0.01113 |       0.01279 |       1.00000 |       1.00000 |      36.48235 |      35.91050 |    5451.86523 |    5449.62842 |      -1.57156 |    5451.47266 |      36.50000 |      36.00000 | 
     64.22675 |      96.94620 |       0.01557 |       0.01113 |       0.01279 |       1.00000 |       1.00000 |      36.48233 |      35.91055 |    5449.05078 |    5446.81348 |      -1.57115 |    5448.65771 |      36.50000 |      36.00000 | 
     64.51073 |      98.04883 |       0.01550 |       0.01113 |       0.01279 |       1.00000 |       1.00000 |      36.48230 |      35.91060 |    5446.65918 |    5444.42188 |      -1.57079 |    5446.26660 |      36.50000 |      36.00000 | 
     56.94901 |      59.85873 |       0.01756 |       0.01113 |       0.01279 |       1.00000 |       1.00000 |      36.48227 |      35.91067 |    5443.41943 |    5441.18164 |      -1.57028 |    5443.02686 |      36.50000 |      36.00000 | 
     59.19731 |      60.11060 |       0.01689 |       0.01113 |       0.01279 |       1.00000 |       1.00000 |      36.48225 |      35.91071 |    5441.52930 |    5439.29150 |      -1.56997 |    5441.13867 |      36.50000 |      36.00000 | 
     60.10777 |      54.92997 |       0.01664 |       0.01113 |       0.01279 |       1.00000 |       1.00000 |      36.48223 |      35.91075 |    5439.59277 |    5437.35400 |      -1.56964 |    5439.20215 |      36.50000 |      36.00000 | 
     56.72415 |      29.53599 |       0.01763 |       0.01113 |       0.01279 |       1.00000 |       1.00000 |      36.48220 |      35.91080 |    5436.96729 |    5434.72803 |      -1.56918 |    5436.57617 |      36.50000 |      36.00000 | 
     57.21064 |      26.33311 |       0.01748 |       0.01113 |       0.01279 |       1.00000 |       1.00000 |      36.48217 |      35.91085 |    5434.50537 |    5432.26611 |      -1.56873 |    5434.11475 |      36.50000 |      36.00000 | 
     57.78114 |      27.91269 |       0.01731 |       0.01113 |       0.01279 |       1.00000 |       1.00000 |      36.48215 |      35.91090 |    5432.12744 |    5429.88770 |      -1.56828 |    5431.73682 |      36.50000 |      36.00000 | 
     57.98260 |      30.55861 |       0.01725 |       0.01113 |       0.01279 |       1.00000 |       1.00000 |      36.48212 |      35.91095 |    5429.77734 |    5427.53711 |      -1.56783 |    5429.38623 |      36.50000 |      36.00000 | 
     62.30713 |      59.56636 |       0.01605 |       0.01165 |       0.01308 |       1.00000 |       1.00000 |      36.48210 |      35.91100 |    5427.46973 |    5425.22900 |      -1.56737 |    5427.07861 |      36.50000 |      36.00000 | 
     59.22560 |      30.56608 |       0.01688 |       0.01165 |       0.01308 |       1.00000 |       1.00000 |      36.48208 |      35.91104 |    5425.67285 |    5423.43164 |      -1.56700 |    5425.28223 |      36.50000 |      36.00000 | 
     58.90374 |      24.37360 |       0.01698 |       0.01165 |       0.01308 |       1.00000 |       1.00000 |      36.48205 |      35.91109 |    5423.14307 |    5420.90137 |      -1.56647 |    5422.75244 |      36.50000 |      36.00000 | 
     59.05863 |      26.04031 |       0.01693 |       0.01165 |       0.01308 |       1.00000 |       1.00000 |      36.48203 |      35.91114 |    5420.69775 |    5418.45508 |      -1.56594 |    5420.30664 |      36.50000 |      36.00000 | 
     58.40415 |      27.17908 |       0.01712 |       0.01165 |       0.01308 |       1.00000 |       1.00000 |      36.48200 |      35.91119 |    5418.22510 |    5415.98242 |      -1.56539 |    5417.83398 |      36.50000 |      36.00000 | 
     58.58168 |      28.43009 |       0.01707 |       0.01165 |       0.01308 |       1.00000 |       1.00000 |      36.48198 |      35.91124 |    5415.83545 |    5413.59180 |      -1.56484 |    5415.44434 |      36.50000 |      36.00000 | 
     58.24424 |      32.24766 |       0.01717 |       0.01165 |       0.01308 |       1.00000 |       1.00000 |      36.48195 |      35.91129 |    5413.51367 |    5411.26953 |      -1.56429 |    5413.12256 |      36.50000 |      36.00000 | 
     58.24285 |      30.62037 |       0.01717 |       0.01165 |       0.01308 |       1.00000 |       1.00000 |      36.48193 |      35.91134 |    5411.16699 |    5408.92285 |      -1.56373 |    5410.77637 |      36.50000 |      36.00000 | 
     58.41885 |      27.01900 |       0.01712 |       0.01165 |       0.01308 |       1.00000 |       1.00000 |      36.48190 |      35.91139 |    5408.73193 |    5406.48682 |      -1.56313 |    5408.34082 |      36.50000 |      36.00000 | 
     58.61374 |      28.54044 |       0.01706 |       0.01165 |       0.01308 |       1.00000 |       1.00000 |      36.48188 |      35.91144 |    5406.35938 |    5404.11426 |      -1.56253 |    5405.96875 |      36.50000 |      36.00000 | 
     58.80437 |      31.02122 |       0.01701 |       0.01165 |       0.01308 |       1.00000 |       1.00000 |      36.48185 |      35.91149 |    5404.04834 |    5401.80225 |      -1.56193 |    5403.65771 |      36.50000 |      36.00000 | 
     58.83363 |      30.81949 |       0.01700 |       0.01165 |       0.01308 |       1.00000 |       1.00000 |      36.48183 |      35.91154 |    5401.71387 |    5399.46680 |      -1.56131 |    5401.32275 |      36.50000 |      36.00000 | 
     58.34673 |      30.94442 |       0.01714 |       0.01165 |       0.01308 |       1.00000 |       1.00000 |      36.48180 |      35.91159 |    5399.34229 |    5397.09521 |      -1.56067 |    5398.95166 |      36.50000 |      36.00000 | 
     58.54898 |      27.86524 |       0.01708 |       0.01165 |       0.01308 |       1.00000 |       1.00000 |      36.48178 |      35.91164 |    5396.94043 |    5394.69189 |      -1.56001 |    5396.54932 |      36.50000 |      36.00000 | 
     63.88183 |      82.33163 |       0.01565 |       0.01165 |       0.01308 |       1.00000 |       1.00000 |      36.48176 |      35.91167 |    5395.37305 |    5393.12402 |      -1.55957 |    5394.98193 |      36.50000 |      36.00000 | 
     64.62363 |      93.30969 |       0.01547 |       0.01165 |       0.01308 |       1.00000 |       1.00000 |      36.48174 |      35.91172 |    5393.04688 |    5390.79736 |      -1.55890 |    5392.65576 |      36.50000 |      36.00000 | 
     63.85863 |      88.53475 |       0.01566 |       0.01165 |       0.01308 |       1.00000 |       1.00000 |      36.48171 |      35.91177 |    5390.46582 |    5388.21582 |      -1.55815 |    5390.07471 |      36.50000 |      36.00000 | 
     62.98935 |      79.98080 |       0.01588 |       0.01165 |       0.01308 |       1.00000 |       1.00000 |      36.48168 |      35.91182 |    5387.87500 |    5385.62451 |      -1.55737 |    5387.48438 |      36.50000 |      36.00000 | 
     63.51373 |      91.82736 |       0.01574 |       0.01165 |       0.01308 |       1.00000 |       1.00000 |      36.48166 |      35.91187 |    5385.47705 |    5383.22510 |      -1.55664 |    5385.08594 |      36.50000 |      36.00000 | 
     64.25202 |     104.23181 |       0.01556 |       0.01165 |       0.01308 |       1.00000 |       1.00000 |      36.48163 |      35.91193 |    5383.00146 |    5380.74951 |      -1.55587 |    5382.61035 |      36.50000 |      36.00000 | 
     64.28642 |     104.86577 |       0.01556 |       0.01165 |       0.01308 |       1.00000 |       1.00000 |      36.48160 |      35.91198 |    5380.44434 |    5378.19092 |      -1.55505 |    5380.05322 |      36.50000 |      36.00000 | 
     65.24111 |     110.97547 |       0.01533 |       0.01184 |       0.01386 |       1.00000 |       1.00000 |      36.48158 |      35.91203 |    5378.01660 |    5375.76270 |      -1.55427 |    5377.62598 |      36.50000 |      36.00000 | 
     65.74720 |      96.09840 |       0.01521 |       0.01184 |       0.01386 |       1.00000 |       1.00000 |      36.48154 |      35.91210 |    5374.81250 |    5372.55713 |      -1.55321 |    5374.42139 |      36.50000 |      36.00000 | 
     65.16106 |      94.57159 |       0.01535 |       0.01184 |       0.01386 |       1.00000 |       1.00000 |      36.48151 |      35.91215 |    5372.30469 |    5370.04883 |      -1.55236 |    5371.91357 |      36.50000 |      36.00000 | 
     64.77718 |     105.47411 |       0.01544 |       0.01184 |       0.01386 |       1.00000 |       1.00000 |      36.48149 |      35.91220 |    5369.74854 |    5367.49170 |      -1.55148 |    5369.35742 |      36.50000 |      36.00000 | 
     64.67786 |     111.24708 |       0.01546 |       0.01184 |       0.01386 |       1.00000 |       1.00000 |      36.48146 |      35.91225 |    5367.30713 |    5365.04980 |      -1.55062 |    5366.91650 |      36.50000 |      36.00000 | 
     63.85256 |      81.06355 |       0.01566 |       0.01184 |       0.01386 |       1.00000 |       1.00000 |      36.48144 |      35.91231 |    5364.79395 |    5362.53564 |      -1.54972 |    5364.40332 |      36.50000 |      36.00000 | 
     63.93235 |     106.33773 |       0.01564 |       0.01184 |       0.01386 |       1.00000 |       1.00000 |      36.48141 |      35.91236 |    5362.34424 |    5360.08447 |      -1.54883 |    5361.95312 |      36.50000 |      36.00000 | 
     64.77346 |     113.54604 |       0.01544 |       0.01184 |       0.01386 |       1.00000 |       1.00000 |      36.48138 |      35.91241 |    5359.92871 |    5357.66846 |      -1.54793 |    5359.53760 |      36.50000 |      36.00000 | 
     63.51367 |      91.67583 |       0.01574 |       0.01184 |       0.01386 |       1.00000 |       1.00000 |      36.48136 |      35.91246 |    5357.23877 |    5354.97754 |      -1.54692 |    5356.84766 |      36.50000 |      36.00000 | 
     64.12521 |     116.30611 |       0.01559 |       0.01184 |       0.01386 |       1.00000 |       1.00000 |      36.48133 |      35.91251 |    5354.76367 |    5352.50146 |      -1.54597 |    5354.37256 |      36.50000 |      36.00000 | 
     65.46255 |     120.12012 |       0.01528 |       0.01184 |       0.01386 |       1.00000 |       1.00000 |      36.48130 |      35.91258 |    5351.62744 |    5349.36377 |      -1.54475 |    5351.23633 |      36.50000 |      36.00000 | 
     63.86843 |     102.05123 |       0.01566 |       0.01184 |       0.01386 |       1.00000 |       1.00000 |      36.48127 |      35.91264 |    5348.99561 |    5346.73096 |      -1.54370 |    5348.60449 |      36.50000 |      36.00000 | 
     65.00153 |     102.39606 |       0.01538 |       0.01184 |       0.01386 |       1.00000 |       1.00000 |      36.48124 |      35.91269 |    5346.63867 |    5344.37305 |      -1.54275 |    5346.24902 |      36.50000 |      36.00000 | 
     65.39548 |     111.83180 |       0.01529 |       0.01184 |       0.01386 |       1.00000 |       1.00000 |      36.48122 |      35.91274 |    5344.04639 |    5341.77979 |      -1.54169 |    5343.65723 |      36.50000 |      36.00000 | 
     65.82420 |     106.01081 |       0.01519 |       0.01184 |       0.01386 |       1.00000 |       1.00000 |      36.48119 |      35.91279 |    5341.46680 |    5339.19922 |      -1.54061 |    5341.07764 |      36.50000 |      36.00000 | 
     65.16828 |     104.74495 |       0.01534 |       0.01184 |       0.01386 |       1.00000 |       1.00000 |      36.48116 |      35.91285 |    5338.75830 |    5336.48926 |      -1.53946 |    5338.36914 |      36.50000 |      36.00000 | 
     64.55179 |     105.85371 |       0.01549 |       0.01184 |       0.01386 |       1.00000 |       1.00000 |      36.48113 |      35.91290 |    5336.11719 |    5333.84766 |      -1.53833 |    5335.72803 |      36.50000 |      36.00000 | 
     63.82294 |      89.94424 |       0.01567 |       0.01184 |       0.01386 |       1.00000 |       1.00000 |      36.48111 |      35.91296 |    5333.50830 |    5331.23730 |      -1.53719 |    5333.11865 |      36.50000 |      36.00000 | 
     63.44643 |      90.22014 |       0.01576 |       0.01184 |       0.01386 |       1.00000 |       1.00000 |      36.48108 |      35.91301 |    5331.00146 |    5328.72900 |      -1.53608 |    5330.61230 |      36.50000 |      36.00000 | 
     63.96979 |      99.69096 |       0.01563 |       0.01015 |       0.01251 |       1.00000 |       1.00000 |      36.48106 |      35.91306 |    5328.68115 |    5326.40820 |      -1.53504 |    5328.29199 |      36.50000 |      36.00000 | 
     65.87784 |     104.70108 |       0.01518 |       0.01015 |       0.01251 |       1.00000 |       1.00000 |      36.48103 |      35.91311 |    5326.49463 |    5324.22021 |      -1.53404 |    5326.10498 |      36.50000 |      36.00000 | 
     64.87332 |      98.71668 |       0.01541 |       0.01015 |       0.01251 |       1.00000 |       1.00000 |      36.48100 |      35.91316 |    5323.88623 |    5321.61084 |      -1.53284 |    5323.49707 |      36.50000 |      36.00000 | 
     64.76703 |      98.03922 |       0.01544 |       0.01015 |       0.01251 |       1.00000 |       1.00000 |      36.48098 |      35.91321 |    5321.56543 |    5319.28906 |      -1.53175 |    5321.17627 |      36.50000 |      36.00000 | 
     63.68650 |      87.79631 |       0.01570 |       0.01015 |       0.01251 |       1.00000 |       1.00000 |      36.48095 |      35.91326 |    5319.12207 |    5316.84424 |      -1.53060 |    5318.73291 |      36.50000 |      36.00000 | 
     64.92550 |      99.33446 |       0.01540 |       0.01015 |       0.01251 |       1.00000 |       1.00000 |      36.48093 |      35.91331 |    5316.92920 |    5314.65088 |      -1.52954 |    5316.54004 |      36.50000 |      36.00000 | 
     65.83678 |     104.38413 |       0.01519 |       0.01015 |       0.01251 |       1.00000 |       1.00000 |      36.48090 |      35.91335 |    5314.59717 |    5312.31738 |      -1.52841 |    5314.20801 |      36.50000 |      36.00000 | 
     63.57434 |      78.78979 |       0.01573 |       0.01015 |       0.01251 |       1.00000 |       1.00000 |      36.48088 |      35.91341 |    5311.91113 |    5309.62988 |      -1.52709 |    5311.52197 |      36.50000 |      36.00000 | 
     64.34434 |      87.05493 |       0.01554 |       0.01015 |       0.01251 |       1.00000 |       1.00000 |      36.48085 |      35.91346 |    5309.67236 |    5307.39014 |      -1.52598 |    5309.28320 |      36.50000 |      36.00000 | 
     64.98323 |      93.90553 |       0.01539 |       0.01015 |       0.01251 |       1.00000 |       1.00000 |      36.48083 |      35.91351 |    5307.27979 |    5304.99609 |      -1.52477 |    5306.89014 |      36.50000 |      36.00000 | 
     66.21567 |     109.13456 |       0.01510 |       0.01015 |       0.01251 |       1.00000 |       1.00000 |      36.48080 |      35.91356 |    5304.88184 |    5302.59717 |      -1.52355 |    5304.49268 |      36.50000 |      36.00000 | 
     64.88869 |      97.25734 |       0.01541 |       0.01015 |       0.01251 |       1.00000 |       1.00000 |      36.48077 |      35.91362 |    5302.11816 |    5299.83252 |      -1.52212 |    5301.72900 |      36.50000 |      36.00000 | 
     62.86927 |     102.64832 |       0.01591 |       0.01015 |       0.01251 |       1.00000 |       1.00000 |      36.48074 |      35.91367 |    5299.30762 |    5297.02002 |      -1.52065 |    5298.91846 |      36.50000 |      36.00000 | 
     64.12171 |     105.61893 |       0.01560 |       0.01015 |       0.01251 |       1.00000 |       1.00000 |      36.48072 |      35.91372 |    5297.01123 |    5294.72217 |      -1.51944 |    5296.62207 |      36.50000 |      36.00000 | 
     63.42070 |      86.71523 |       0.01577 |       0.01015 |       0.01251 |       1.00000 |       1.00000 |      36.48069 |      35.91378 |    5294.37061 |    5292.08057 |      -1.51802 |    5293.98145 |      36.50000 |      36.00000 | 
     63.66184 |     104.77787 |       0.01571 |       0.01015 |       0.01251 |       1.00000 |       1.00000 |      36.48067 |      35.91383 |    5291.91992 |    5289.62842 |      -1.51669 |    5291.53076 |      36.50000 |      36.00000 | 
     65.46626 |     117.04120 |       0.01528 |       0.01015 |       0.01251 |       1.00000 |       1.00000 |      36.48064 |      35.91388 |    5289.64355 |    5287.35059 |      -1.51544 |    5289.25439 |      36.50000 |      36.00000 | 
     65.70537 |     116.86339 |       0.01522 |       0.01015 |       0.01251 |       1.00000 |       1.00000 |      36.48061 |      35.91393 |    5287.02588 |    5284.73145 |      -1.51399 |    5286.63672 |      36.50000 |      36.00000 | 
     66.33900 |     118.51150 |       0.01507 |       0.01015 |       0.01251 |       1.00000 |       1.00000 |      36.48059 |      35.91398 |    5284.47266 |    5282.17725 |      -1.51255 |    5284.08350 |      36.50000 |      36.00000 | 
     64.13131 |      80.17317 |       0.01559 |       0.01015 |       0.01251 |       1.00000 |       1.00000 |      36.48056 |      35.91404 |    5281.68408 |    5279.38623 |      -1.51097 |    5281.29443 |      36.50000 |      36.00000 | 
     65.11562 |     102.31226 |       0.01536 |       0.01015 |       0.01251 |       1.00000 |       1.00000 |      36.48053 |      35.91409 |    5279.35791 |    5277.05859 |      -1.50963 |    5278.96826 |      36.50000 |      36.00000 | 
     65.23500 |     109.01559 |       0.01533 |       0.01036 |       0.01297 |       1.00000 |       1.00000 |      36.48051 |      35.91414 |    5276.85400 |    5274.55371 |      -1.50817 |    5276.46484 |      36.50000 |      36.00000 | 
     67.10506 |     120.68549 |       0.01490 |       0.01036 |       0.01297 |       1.00000 |       1.00000 |      36.48048 |      35.91419 |    5274.55371 |    5272.25244 |      -1.50682 |    5274.16455 |      36.50000 |      36.00000 | 
     65.04815 |      91.77680 |       0.01537 |       0.01036 |       0.01297 |       1.00000 |       1.00000 |      36.48045 |      35.91425 |    5271.73193 |    5269.42920 |      -1.50515 |    5271.34277 |      36.50000 |      36.00000 | 
     65.81204 |     112.93055 |       0.01519 |       0.01036 |       0.01297 |       1.00000 |       1.00000 |      36.48043 |      35.91430 |    5269.32910 |    5267.02490 |      -1.50370 |    5268.93994 |      36.50000 |      36.00000 | 
     65.97182 |      96.66505 |       0.01516 |       0.01036 |       0.01297 |       1.00000 |       1.00000 |      36.48040 |      35.91435 |    5266.86035 |    5264.55420 |      -1.50220 |    5266.47119 |      36.50000 |      36.00000 | 
     67.36380 |     118.21729 |       0.01484 |       0.01036 |       0.01297 |       1.00000 |       1.00000 |      36.48037 |      35.91440 |    5264.47021 |    5262.16260 |      -1.50074 |    5264.08105 |      36.50000 |      36.00000 | 
     65.73682 |     110.71745 |       0.01521 |       0.01036 |       0.01297 |       1.00000 |       1.00000 |      36.48035 |      35.91446 |    5261.76416 |    5259.45459 |      -1.49906 |    5261.37500 |      36.50000 |      36.00000 | 
     67.30946 |     115.59357 |       0.01486 |       0.01036 |       0.01297 |       1.00000 |       1.00000 |      36.48032 |      35.91451 |    5259.50830 |    5257.19775 |      -1.49765 |    5259.11914 |      36.50000 |      36.00000 | 
     67.04280 |     110.95085 |       0.01492 |       0.01036 |       0.01297 |       1.00000 |       1.00000 |      36.48029 |      35.91456 |    5256.90771 |    5254.59521 |      -1.49601 |    5256.51807 |      36.50000 |      36.00000 | 
     65.04736 |      94.35743 |       0.01537 |       0.01036 |       0.01297 |       1.00000 |       1.00000 |      36.48027 |      35.91462 |    5254.16650 |    5251.85254 |      -1.49426 |    5253.78076 |      36.50000 |      36.00000 | 
     64.31563 |      85.57980 |       0.01555 |       0.01036 |       0.01297 |       1.00000 |       1.00000 |      36.48024 |      35.91467 |    5251.63525 |    5249.31982 |      -1.49262 |    5251.24951 |      36.50000 |      36.00000 | 
     66.55208 |     107.72379 |       0.01503 |       0.01036 |       0.01297 |       1.00000 |       1.00000 |      36.48021 |      35.91472 |    5249.42676 |    5247.10938 |      -1.49118 |    5249.04102 |      36.50000 |      36.00000 | 
     66.37117 |     108.22511 |       0.01507 |       0.01036 |       0.01297 |       1.00000 |       1.00000 |      36.48019 |      35.91477 |    5246.83301 |    5244.51416 |      -1.48947 |    5246.44727 |      36.50000 |      36.00000 | 
     67.02714 |     105.11931 |       0.01492 |       0.01036 |       0.01297 |       1.00000 |       1.00000 |      36.48016 |      35.91483 |    5244.40039 |    5242.08008 |      -1.48786 |    5244.01465 |      36.50000 |      36.00000 | 
     68.25746 |     117.59172 |       0.01465 |       0.01036 |       0.01297 |       1.00000 |       1.00000 |      36.48014 |      35.91488 |    5241.99561 |    5239.67383 |      -1.48625 |    5241.60986 |      36.50000 |      36.00000 | 
     67.90073 |     120.59817 |       0.01473 |       0.01036 |       0.01297 |       1.00000 |       1.00000 |      36.48011 |      35.91493 |    5239.38672 |    5237.06299 |      -1.48448 |    5239.00098 |      36.50000 |      36.00000 | 
     65.53462 |      83.18775 |       0.01526 |       0.01036 |       0.01297 |       1.00000 |       1.00000 |      36.48008 |      35.91499 |    5236.63965 |    5234.31396 |      -1.48260 |    5236.25391 |      36.50000 |      36.00000 | 
     66.47124 |      99.50249 |       0.01504 |       0.01036 |       0.01297 |       1.00000 |       1.00000 |      36.48005 |      35.91505 |    5233.72119 |    5231.39355 |      -1.48058 |    5233.33545 |      36.50000 |      36.00000 | 
     66.51651 |     107.58472 |       0.01503 |       0.01036 |       0.01297 |       1.00000 |       1.00000 |      36.48002 |      35.91510 |    5231.38965 |    5229.06055 |      -1.47896 |    5231.00391 |      36.50000 |      36.00000 | 
     66.99813 |     114.32491 |       0.01493 |       0.01036 |       0.01297 |       1.00000 |       1.00000 |      36.48000 |      35.91515 |    5228.98486 |    5226.65381 |      -1.47726 |    5228.59912 |      36.50000 |      36.00000 | 
     66.02066 |      89.08686 |       0.01515 |       0.01036 |       0.01297 |       1.00000 |       1.00000 |      36.47997 |      35.91521 |    5225.74121 |    5223.40820 |      -1.47496 |    5225.35547 |      36.50000 |      36.00000 | 
     66.99494 |     114.09013 |       0.01493 |       0.01027 |       0.01354 |       1.00000 |       1.00000 |      36.47994 |      35.91526 |    5223.48145 |    5221.14648 |      -1.47334 |    5223.09570 |      36.50000 |      36.00000 | 
     65.93285 |     102.09290 |       0.01517 |       0.01027 |       0.01354 |       1.00000 |       1.00000 |      36.47991 |      35.91532 |    5220.87402 |    5218.53711 |      -1.47145 |    5220.48828 |      36.50000 |      36.00000 | 
     65.78030 |      90.52232 |       0.01520 |       0.01027 |       0.01354 |       1.00000 |       1.00000 |      36.47989 |      35.91537 |    5218.43945 |    5216.10107 |      -1.46967 |    5218.05322 |      36.50000 |      36.00000 | 
     67.28262 |     114.46886 |       0.01486 |       0.01027 |       0.01354 |       1.00000 |       1.00000 |      36.47986 |      35.91542 |    5216.14062 |    5213.80029 |      -1.46797 |    5215.75488 |      36.50000 |      36.00000 | 
     65.66799 |     109.57703 |       0.01523 |       0.01027 |       0.01354 |       1.00000 |       1.00000 |      36.47983 |      35.91547 |    5213.47559 |    5211.13281 |      -1.46599 |    5213.08984 |      36.50000 |      36.00000 | 
     65.52111 |     105.17459 |       0.01526 |       0.01027 |       0.01354 |       1.00000 |       1.00000 |      36.47981 |      35.91552 |    5211.09961 |    5208.75488 |      -1.46421 |    5210.71338 |      36.50000 |      36.00000 | 
     65.12769 |      93.86146 |       0.01535 |       0.01027 |       0.01354 |       1.00000 |       1.00000 |      36.47978 |      35.91557 |    5208.62061 |    5206.27441 |      -1.46233 |    5208.23486 |      36.50000 |      36.00000 | 
     63.90805 |     106.02205 |       0.01565 |       0.01027 |       0.01354 |       1.00000 |       1.00000 |      36.47975 |      35.91563 |    5205.87695 |    5203.52930 |      -1.46024 |    5205.49121 |      36.50000 |      36.00000 | 
     61.57654 |     101.33765 |       0.01624 |       0.01027 |       0.01354 |       1.00000 |       1.00000 |      36.47972 |      35.91569 |    5203.02197 |    5200.67188 |      -1.45804 |    5202.63623 |      36.50000 |      36.00000 | 
     62.53104 |     110.63171 |       0.01599 |       0.01027 |       0.01354 |       1.00000 |       1.00000 |      36.47970 |      35.91574 |    5200.63184 |    5198.27979 |      -1.45618 |    5200.24609 |      36.50000 |      36.00000 | 
     63.44645 |     116.11704 |       0.01576 |       0.01027 |       0.01354 |       1.00000 |       1.00000 |      36.47967 |      35.91580 |    5198.05322 |    5195.69922 |      -1.45416 |    5197.66748 |      36.50000 |      36.00000 | 
     63.11341 |     102.78548 |       0.01584 |       0.01027 |       0.01354 |       1.00000 |       1.00000 |      36.47964 |      35.91585 |    5195.37842 |    5193.02246 |      -1.45205 |    5194.99268 |      36.50000 |      36.00000 | 
     65.78385 |     119.63154 |       0.01520 |       0.01027 |       0.01354 |       1.00000 |       1.00000 |      36.47962 |      35.91590 |    5193.17822 |    5190.82031 |      -1.45030 |    5192.79248 |      36.50000 |      36.00000 | 
     66.32456 |     120.22121 |       0.01508 |       0.01027 |       0.01354 |       1.00000 |       1.00000 |      36.47959 |      35.91595 |    5190.62744 |    5188.26758 |      -1.44825 |    5190.24170 |      36.50000 |      36.00000 | 
     66.72477 |     117.45361 |       0.01499 |       0.01027 |       0.01354 |       1.00000 |       1.00000 |      36.47956 |      35.91601 |    5188.06738 |    5185.70557 |      -1.44618 |    5187.68164 |      36.50000 |      36.00000 | 
     66.48189 |     118.23126 |       0.01504 |       0.01027 |       0.01354 |       1.00000 |       1.00000 |      36.47953 |      35.91606 |    5185.35889 |    5182.99463 |      -1.44397 |    5184.97314 |      36.50000 |      36.00000 | 
     65.46162 |     117.12345 |       0.01528 |       0.01027 |       0.01354 |       1.00000 |       1.00000 |      36.47950 |      35.91612 |    5182.52930 |    5180.16260 |      -1.44164 |    5182.14355 |      36.50000 |      36.00000 | 
     64.51296 |     104.14497 |       0.01550 |       0.01027 |       0.01354 |       1.00000 |       1.00000 |      36.47947 |      35.91618 |    5179.74414 |    5177.37549 |      -1.43933 |    5179.35840 |      36.50000 |      36.00000 | 
     65.03821 |     115.26049 |       0.01538 |       0.01027 |       0.01354 |       1.00000 |       1.00000 |      36.47945 |      35.91624 |    5177.14404 |    5174.77246 |      -1.43715 |    5176.75830 |      36.50000 |      36.00000 | 
     63.83989 |     102.33320 |       0.01566 |       0.01027 |       0.01354 |       1.00000 |       1.00000 |      36.47942 |      35.91629 |    5174.35889 |    5171.98535 |      -1.43480 |    5173.97314 |      36.50000 |      36.00000 | 
     62.58845 |      88.09020 |       0.01598 |       0.01027 |       0.01330 |       1.00000 |       1.00000 |      36.47939 |      35.91635 |    5171.66699 |    5169.29150 |      -1.43251 |    5171.28125 |      36.50000 |      36.00000 | 
     63.57967 |     106.24734 |       0.01573 |       0.01027 |       0.01330 |       1.00000 |       1.00000 |      36.47936 |      35.91640 |    5169.19727 |    5166.81934 |      -1.43039 |    5168.81152 |      36.50000 |      36.00000 | 
     63.97806 |     110.26574 |       0.01563 |       0.01027 |       0.01330 |       1.00000 |       1.00000 |      36.47933 |      35.91646 |    5166.55811 |    5164.17773 |      -1.42810 |    5166.17236 |      36.50000 |      36.00000 | 
     63.48830 |     104.69012 |       0.01575 |       0.01027 |       0.01330 |       1.00000 |       1.00000 |      36.47931 |      35.91652 |    5163.81348 |    5161.43066 |      -1.42571 |    5163.42920 |      36.50000 |      36.00000 | 
     62.24080 |      93.20533 |       0.01607 |       0.01027 |       0.01330 |       1.00000 |       1.00000 |      36.47927 |      35.91657 |    5161.10059 |    5158.71582 |      -1.42333 |    5160.71680 |      36.50000 |      36.00000 | 
     64.48923 |     108.29543 |       0.01551 |       0.01027 |       0.01330 |       1.00000 |       1.00000 |      36.47925 |      35.91662 |    5158.90723 |    5156.52002 |      -1.42139 |    5158.52295 |      36.50000 |      36.00000 | 
     65.49157 |     109.39722 |       0.01527 |       0.01027 |       0.01330 |       1.00000 |       1.00000 |      36.47923 |      35.91667 |    5156.42920 |    5154.04004 |      -1.41918 |    5156.04492 |      36.50000 |      36.00000 | 
     65.53075 |     112.13277 |       0.01526 |       0.01027 |       0.01330 |       1.00000 |       1.00000 |      36.47920 |      35.91673 |    5153.80176 |    5151.41064 |      -1.41727 |    5153.41797 |      36.50000 |      36.00000 | 
     65.61862 |     107.85159 |       0.01524 |       0.01027 |       0.01330 |       1.00000 |       1.00000 |      36.47917 |      35.91678 |    5151.22656 |    5148.83350 |      -1.41494 |    5150.84277 |      36.50000 |      36.00000 | 
     65.80406 |     105.93221 |       0.01520 |       0.01027 |       0.01330 |       1.00000 |       1.00000 |      36.47915 |      35.91684 |    5148.66846 |    5146.27295 |      -1.41261 |    5148.28467 |      36.50000 |      36.00000 | 
     66.41428 |     117.66090 |       0.01506 |       0.01027 |       0.01330 |       1.00000 |       1.00000 |      36.47911 |      35.91689 |    5146.12598 |    5143.72803 |      -1.41027 |    5145.74219 |      36.50000 |      36.00000 | 
     66.46728 |     117.48120 |       0.01504 |       0.01027 |       0.01330 |       1.00000 |       1.00000 |      36.47909 |      35.91694 |    5143.54004 |    5141.13965 |      -1.40788 |    5143.15576 |      36.50000 |      36.00000 | 
     66.22021 |     123.57884 |       0.01510 |       0.01027 |       0.01330 |       1.00000 |       1.00000 |      36.47906 |      35.91700 |    5140.84033 |    5138.43750 |      -1.40537 |    5140.45654 |      36.50000 |      36.00000 | 
     63.57582 |      84.63101 |       0.01573 |       0.01027 |       0.01330 |       1.00000 |       1.00000 |      36.47903 |      35.91706 |    5137.95996 |    5135.55420 |      -1.40267 |    5137.57617 |      36.50000 |      36.00000 | 
     65.22574 |     100.04002 |       0.01533 |       0.01027 |       0.01330 |       1.00000 |       1.00000 |      36.47900 |      35.91711 |    5135.68115 |    5133.27344 |      -1.40051 |    5135.29688 |      36.50000 |      36.00000 | 
     64.66110 |      90.85953 |       0.01547 |       0.01027 |       0.01330 |       1.00000 |       1.00000 |      36.47898 |      35.91716 |    5133.04443 |    5130.63428 |      -1.39801 |    5132.66064 |      36.50000 |      36.00000 | 
     66.26897 |     114.01208 |       0.01509 |       0.01027 |       0.01330 |       1.00000 |       1.00000 |      36.47895 |      35.91721 |    5130.65967 |    5128.24707 |      -1.39572 |    5130.27588 |      36.50000 |      36.00000 | 
     63.46814 |      87.73469 |       0.01576 |       0.01027 |       0.01330 |       1.00000 |       1.00000 |      36.47892 |      35.91727 |    5127.69922 |    5125.28369 |      -1.39287 |    5127.31543 |      36.50000 |      36.00000 | 
     62.33833 |      71.39797 |       0.01604 |       0.01027 |       0.01330 |       1.00000 |       1.00000 |      36.47889 |      35.91733 |    5125.07178 |    5122.65430 |      -1.39031 |    5124.68799 |      36.50000 |      36.00000 | 
     62.49162 |      89.71024 |       0.01600 |       0.01027 |       0.01330 |       1.00000 |       1.00000 |      36.47887 |      35.91738 |    5122.70410 |    5120.28369 |      -1.38800 |    5122.32031 |      36.50000 |      36.00000 | 
     61.81742 |      79.91050 |       0.01618 |       0.01027 |       0.01330 |       1.00000 |       1.00000 |      36.47884 |      35.91743 |    5120.14453 |    5117.72119 |      -1.38547 |    5119.76025 |      36.50000 |      36.00000 | 
     62.86590 |      82.36554 |       0.01591 |       0.01053 |       0.01406 |       1.00000 |       1.00000 |      36.47881 |      35.91748 |    5117.86133 |    5115.43652 |      -1.38321 |    5117.47754 |      36.50000 |      36.00000 | 
     62.07358 |      83.04269 |       0.01611 |       0.01053 |       0.01406 |       1.00000 |       1.00000 |      36.47879 |      35.91754 |    5115.22363 |    5112.79590 |      -1.38058 |    5114.83984 |      36.50000 |      36.00000 | 
     62.58337 |      90.13882 |       0.01598 |       0.01053 |       0.01406 |       1.00000 |       1.00000 |      36.47876 |      35.91759 |    5112.76562 |    5110.33545 |      -1.37811 |    5112.38135 |      36.50000 |      36.00000 | 
     62.96252 |      92.56688 |       0.01588 |       0.01053 |       0.01406 |       1.00000 |       1.00000 |      36.47873 |      35.91764 |    5110.25000 |    5107.81738 |      -1.37557 |    5109.86572 |      36.50000 |      36.00000 | 
     64.74702 |     105.99957 |       0.01544 |       0.01053 |       0.01406 |       1.00000 |       1.00000 |      36.47871 |      35.91769 |    5107.89404 |    5105.45850 |      -1.37318 |    5107.50977 |      36.50000 |      36.00000 | 
     64.29113 |      96.49715 |       0.01555 |       0.01053 |       0.01406 |       1.00000 |       1.00000 |      36.47868 |      35.91775 |    5105.21826 |    5102.78027 |      -1.37044 |    5104.83398 |      36.50000 |      36.00000 | 
     63.16482 |      98.43488 |       0.01583 |       0.01053 |       0.01406 |       1.00000 |       1.00000 |      36.47865 |      35.91780 |    5102.54980 |    5100.10938 |      -1.36769 |    5102.16602 |      36.50000 |      36.00000 | 
     64.59808 |     105.52976 |       0.01548 |       0.01053 |       0.01406 |       1.00000 |       1.00000 |      36.47863 |      35.91785 |    5100.29297 |    5097.85010 |      -1.36536 |    5099.90918 |      36.50000 |      36.00000 | 
     64.20081 |      85.54320 |       0.01558 |       0.01053 |       0.01406 |       1.00000 |       1.00000 |      36.47860 |      35.91791 |    5097.75391 |    5095.30859 |      -1.36271 |    5097.37012 |      36.50000 |      36.00000 | 
     65.69165 |     106.87186 |       0.01522 |       0.01053 |       0.01406 |       1.00000 |       1.00000 |      36.47858 |      35.91795 |    5095.45898 |    5093.01123 |      -1.36030 |    5095.07520 |      36.50000 |      36.00000 | 
     65.15695 |     103.82059 |       0.01535 |       0.01053 |       0.01406 |       1.00000 |       1.00000 |      36.47855 |      35.91801 |    5092.85791 |    5090.40723 |      -1.35756 |    5092.47363 |      36.50000 |      36.00000 | 
     63.40530 |      79.98721 |       0.01577 |       0.01053 |       0.01406 |       1.00000 |       1.00000 |      36.47852 |      35.91807 |    5090.19238 |    5087.73877 |      -1.35473 |    5089.80811 |      36.50000 |      36.00000 | 
     65.22534 |     104.64629 |       0.01533 |       0.01053 |       0.01406 |       1.00000 |       1.00000 |      36.47850 |      35.91811 |    5088.00098 |    5085.54541 |      -1.35239 |    5087.61719 |      36.50000 |      36.00000 | 
     63.22216 |      81.94706 |       0.01582 |       0.01053 |       0.01406 |       1.00000 |       1.00000 |      36.47847 |      35.91817 |    5085.25830 |    5082.79980 |      -1.34944 |    5084.87451 |      36.50000 |      36.00000 | 
     64.15862 |      97.18173 |       0.01559 |       0.01053 |       0.01406 |       1.00000 |       1.00000 |      36.47844 |      35.91822 |    5082.93359 |    5080.47217 |      -1.34693 |    5082.54980 |      36.50000 |      36.00000 | 
     64.65814 |      98.45427 |       0.01547 |       0.01053 |       0.01406 |       1.00000 |       1.00000 |      36.47842 |      35.91827 |    5080.50928 |    5078.04590 |      -1.34429 |    5080.12549 |      36.50000 |      36.00000 | 
     64.89880 |     108.26025 |       0.01541 |       0.01053 |       0.01406 |       1.00000 |       1.00000 |      36.47839 |      35.91832 |    5077.93701 |    5075.47021 |      -1.34148 |    5077.55469 |      36.50000 |      36.00000 | 
     63.81945 |      98.53188 |       0.01567 |       0.01053 |       0.01406 |       1.00000 |       1.00000 |      36.47836 |      35.91838 |    5075.18066 |    5072.71094 |      -1.33845 |    5074.79834 |      36.50000 |      36.00000 | 
     63.19129 |      99.92007 |       0.01582 |       0.01053 |       0.01406 |       1.00000 |       1.00000 |      36.47832 |      35.91845 |    5071.75586 |    5069.28271 |      -1.33465 |    5071.37354 |      36.50000 |      36.00000 | 
     61.87033 |      96.68375 |       0.01616 |       0.01053 |       0.01406 |       1.00000 |       1.00000 |      36.47829 |      35.91851 |    5069.11084 |    5066.63428 |      -1.33170 |    5068.72852 |      36.50000 |      36.00000 | 
     63.79703 |     112.47329 |       0.01567 |       0.01156 |       0.01421 |       1.00000 |       1.00000 |      36.47827 |      35.91856 |    5066.72412 |    5064.24414 |      -1.32902 |    5066.34180 |      36.50000 |      36.00000 | 
     63.81009 |     110.25359 |       0.01567 |       0.01156 |       0.01421 |       1.00000 |       1.00000 |      36.47824 |      35.91862 |    5063.93506 |    5061.45312 |      -1.32587 |    5063.55273 |      36.50000 |      36.00000 | 
     62.87202 |     100.57327 |       0.01591 |       0.01156 |       0.01421 |       1.00000 |       1.00000 |      36.47821 |      35.91868 |    5061.07617 |    5058.59033 |      -1.32262 |    5060.69385 |      36.50000 |      36.00000 | 
     62.97490 |     112.96882 |       0.01588 |       0.01156 |       0.01421 |       1.00000 |       1.00000 |      36.47818 |      35.91874 |    5058.30908 |    5055.82080 |      -1.31945 |    5057.92725 |      36.50000 |      36.00000 | 
     63.91838 |     119.28904 |       0.01564 |       0.01156 |       0.01421 |       1.00000 |       1.00000 |      36.47815 |      35.91880 |    5055.61279 |    5053.12109 |      -1.31635 |    5055.23047 |      36.50000 |      36.00000 | 
     62.85124 |      99.83029 |       0.01591 |       0.01156 |       0.01421 |       1.00000 |       1.00000 |      36.47812 |      35.91885 |    5052.72607 |    5050.23047 |      -1.31300 |    5052.34375 |      36.50000 |      36.00000 | 
     63.23650 |     102.77493 |       0.01581 |       0.01156 |       0.01421 |       1.00000 |       1.00000 |      36.47809 |      35.91891 |    5050.12354 |    5047.62549 |      -1.30997 |    5049.74121 |      36.50000 |      36.00000 | 
     63.27759 |      99.08839 |       0.01580 |       0.01156 |       0.01421 |       1.00000 |       1.00000 |      36.47806 |      35.91897 |    5047.47266 |    5044.97119 |      -1.30686 |    5047.09033 |      36.50000 |      36.00000 | 
     62.53514 |     101.64668 |       0.01599 |       0.01156 |       0.01421 |       1.00000 |       1.00000 |      36.47803 |      35.91903 |    5044.74463 |    5042.24023 |      -1.30365 |    5044.36279 |      36.50000 |      36.00000 | 
     63.24341 |     104.75592 |       0.01581 |       0.01156 |       0.01421 |       1.00000 |       1.00000 |      36.47801 |      35.91908 |    5042.29541 |    5039.78760 |      -1.30074 |    5041.91309 |      36.50000 |      36.00000 | 
     64.98224 |     122.01073 |       0.01539 |       0.01156 |       0.01421 |       1.00000 |       1.00000 |      36.47798 |      35.91913 |    5039.86523 |    5037.35498 |      -1.29784 |    5039.48291 |      36.50000 |      36.00000 | 
     62.98995 |     106.39429 |       0.01588 |       0.01156 |       0.01421 |       1.00000 |       1.00000 |      36.47795 |      35.91919 |    5036.89160 |    5034.37793 |      -1.29428 |    5036.50928 |      36.50000 |      36.00000 | 
     61.46881 |      92.37875 |       0.01627 |       0.01156 |       0.01421 |       1.00000 |       1.00000 |      36.47792 |      35.91925 |    5034.03271 |    5031.51514 |      -1.29083 |    5033.65039 |      36.50000 |      36.00000 | 
     60.74958 |     104.89877 |       0.01646 |       0.01156 |       0.01421 |       1.00000 |       1.00000 |      36.47789 |      35.91931 |    5031.14502 |    5028.62402 |      -1.28732 |    5030.76318 |      36.50000 |      36.00000 | 
     61.65555 |     106.75777 |       0.01622 |       0.01156 |       0.01421 |       1.00000 |       1.00000 |      36.47786 |      35.91937 |    5028.47461 |    5025.95020 |      -1.28406 |    5028.09229 |      36.50000 |      36.00000 | 
     61.79692 |     104.14497 |       0.01618 |       0.01156 |       0.01421 |       1.00000 |       1.00000 |      36.47783 |      35.91943 |    5025.65137 |    5023.12354 |      -1.28059 |    5025.26904 |      36.50000 |      36.00000 | 
     62.41036 |      96.21861 |       0.01602 |       0.01156 |       0.01421 |       1.00000 |       1.00000 |      36.47780 |      35.91948 |    5022.98340 |    5020.45264 |      -1.27729 |    5022.60156 |      36.50000 |      36.00000 | 
     62.33872 |     103.86373 |       0.01604 |       0.01156 |       0.01421 |       1.00000 |       1.00000 |      36.47777 |      35.91954 |    5020.24463 |    5017.71045 |      -1.27389 |    5019.86230 |      36.50000 |      36.00000 | 
     62.61048 |     106.57572 |       0.01597 |       0.01156 |       0.01421 |       1.00000 |       1.00000 |      36.47775 |      35.91960 |    5017.58496 |    5015.04736 |      -1.27057 |    5017.20264 |      36.50000 |      36.00000 | 
     62.48111 |     100.04002 |       0.01600 |       0.01156 |       0.01421 |       1.00000 |       1.00000 |      36.47771 |      35.91965 |    5014.87402 |    5012.33301 |      -1.26716 |    5014.49170 |      36.50000 |      36.00000 | 
     61.64014 |      98.66798 |       0.01622 |       0.01042 |       0.01464 |       1.00000 |       1.00000 |      36.47768 |      35.91971 |    5012.08203 |    5009.53711 |      -1.26363 |    5011.69971 |      36.50000 |      36.00000 | 
     63.00262 |     111.80680 |       0.01587 |       0.01042 |       0.01464 |       1.00000 |       1.00000 |      36.47766 |      35.91977 |    5009.57764 |    5007.02930 |      -1.26045 |    5009.19531 |      36.50000 |      36.00000 | 
     61.26244 |      81.66599 |       0.01632 |       0.01042 |       0.01464 |       1.00000 |       1.00000 |      36.47763 |      35.91983 |    5006.62451 |    5004.07275 |      -1.25668 |    5006.24219 |      36.50000 |      36.00000 | 
     63.44463 |     107.35373 |       0.01576 |       0.01042 |       0.01464 |       1.00000 |       1.00000 |      36.47760 |      35.91988 |    5004.29541 |    5001.74072 |      -1.25369 |    5003.91309 |      36.50000 |      36.00000 | 
     64.21379 |     107.87486 |       0.01557 |       0.01042 |       0.01464 |       1.00000 |       1.00000 |      36.47757 |      35.91995 |    5000.87939 |    4998.32031 |      -1.24928 |    5000.49707 |      36.50000 |      36.00000 | 
     63.63537 |     106.06703 |       0.01571 |       0.01042 |       0.01464 |       1.00000 |       1.00000 |      36.47754 |      35.92001 |    4998.09180 |    4995.52881 |      -1.24565 |    4997.70947 |      36.50000 |      36.00000 | 
     63.30967 |      98.65825 |       0.01580 |       0.01042 |       0.01464 |       1.00000 |       1.00000 |      36.47751 |      35.92006 |    4995.39990 |    4992.83398 |      -1.24214 |    4995.01758 |      36.50000 |      36.00000 | 
     64.75298 |     113.64928 |       0.01544 |       0.01042 |       0.01464 |       1.00000 |       1.00000 |      36.47748 |      35.92012 |    4992.92480 |    4990.35547 |      -1.23888 |    4992.54248 |      36.50000 |      36.00000 | 
     62.82583 |      87.61938 |       0.01592 |       0.01042 |       0.01464 |       1.00000 |       1.00000 |      36.47745 |      35.92018 |    4990.06982 |    4987.49658 |      -1.23511 |    4989.68945 |      36.50000 |      36.00000 | 
     66.03700 |     120.84592 |       0.01514 |       0.01042 |       0.01464 |       1.00000 |       1.00000 |      36.47743 |      35.92022 |    4987.88428 |    4985.30811 |      -1.23221 |    4987.50342 |      36.50000 |      36.00000 | 
     65.94259 |     114.67890 |       0.01516 |       0.01042 |       0.01464 |       1.00000 |       1.00000 |      36.47740 |      35.92028 |    4985.16504 |    4982.58545 |      -1.22859 |    4984.78418 |      36.50000 |      36.00000 | 
     66.27822 |     118.03588 |       0.01509 |       0.01042 |       0.01464 |       1.00000 |       1.00000 |      36.47737 |      35.92034 |    4982.51465 |    4979.93115 |      -1.22504 |    4982.13379 |      36.50000 |      36.00000 | 
     65.92451 |     116.67250 |       0.01517 |       0.01042 |       0.01464 |       1.00000 |       1.00000 |      36.47734 |      35.92039 |    4979.73730 |    4977.15039 |      -1.22129 |    4979.35693 |      36.50000 |      36.00000 | 
     65.69118 |     120.70006 |       0.01522 |       0.01042 |       0.01464 |       1.00000 |       1.00000 |      36.47731 |      35.92045 |    4976.95117 |    4974.36035 |      -1.21752 |    4976.57080 |      36.50000 |      36.00000 | 
     64.69003 |     111.76931 |       0.01546 |       0.01042 |       0.01464 |       1.00000 |       1.00000 |      36.47728 |      35.92051 |    4974.07812 |    4971.48340 |      -1.21361 |    4973.69775 |      36.50000 |      36.00000 | 
     64.59370 |     112.79044 |       0.01548 |       0.01042 |       0.01464 |       1.00000 |       1.00000 |      36.47725 |      35.92057 |    4971.38770 |    4968.78906 |      -1.20993 |    4971.00732 |      36.50000 |      36.00000 | 
     63.69907 |     105.55204 |       0.01570 |       0.01042 |       0.01464 |       1.00000 |       1.00000 |      36.47722 |      35.92063 |    4968.61230 |    4966.01074 |      -1.20611 |    4968.23193 |      36.50000 |      36.00000 | 
     63.96125 |     105.22993 |       0.01563 |       0.01042 |       0.01464 |       1.00000 |       1.00000 |      36.47719 |      35.92068 |    4966.00049 |    4963.39502 |      -1.20250 |    4965.62012 |      36.50000 |      36.00000 | 
     62.77159 |      98.49306 |       0.01593 |       0.01042 |       0.01464 |       1.00000 |       1.00000 |      36.47716 |      35.92075 |    4963.16992 |    4960.56006 |      -1.19856 |    4962.78955 |      36.50000 |      36.00000 | 
     62.80298 |      97.32360 |       0.01592 |       0.01042 |       0.01464 |       1.00000 |       1.00000 |      36.47713 |      35.92080 |    4960.56445 |    4957.95117 |      -1.19492 |    4960.18408 |      36.50000 |      36.00000 | 
     63.42660 |      90.05764 |       0.01577 |       0.01040 |       0.01432 |       1.00000 |       1.00000 |      36.47711 |      35.92085 |    4958.04150 |    4955.42480 |      -1.19138 |    4957.66113 |      36.50000 |      36.00000 | 
     63.91512 |     103.79904 |       0.01565 |       0.01040 |       0.01432 |       1.00000 |       1.00000 |      36.47708 |      35.92091 |    4955.49561 |    4952.87500 |      -1.18779 |    4955.11523 |      36.50000 |      36.00000 | 
     64.93356 |     120.83132 |       0.01540 |       0.01040 |       0.01432 |       1.00000 |       1.00000 |      36.47705 |      35.92096 |    4952.91113 |    4950.28711 |      -1.18413 |    4952.53076 |      36.50000 |      36.00000 | 
     62.30524 |      86.55760 |       0.01605 |       0.01040 |       0.01432 |       1.00000 |       1.00000 |      36.47702 |      35.92102 |    4949.90186 |    4947.27344 |      -1.17985 |    4949.52148 |      36.50000 |      36.00000 | 
     63.84119 |     112.52391 |       0.01566 |       0.01040 |       0.01432 |       1.00000 |       1.00000 |      36.47699 |      35.92108 |    4947.41309 |    4944.78125 |      -1.17629 |    4947.03271 |      36.50000 |      36.00000 | 
     59.39675 |      72.73785 |       0.01684 |       0.01040 |       0.01432 |       1.00000 |       1.00000 |      36.47696 |      35.92115 |    4944.09131 |    4941.45459 |      -1.17151 |    4943.71094 |      36.50000 |      36.00000 | 
     59.22709 |      86.73027 |       0.01688 |       0.01040 |       0.01432 |       1.00000 |       1.00000 |      36.47693 |      35.92120 |    4941.63281 |    4938.99219 |      -1.16796 |    4941.25195 |      36.50000 |      36.00000 | 
     59.51471 |      79.68127 |       0.01680 |       0.01040 |       0.01432 |       1.00000 |       1.00000 |      36.47691 |      35.92125 |    4939.21777 |    4936.57422 |      -1.16445 |    4938.83740 |      36.50000 |      36.00000 | 
     60.32788 |      86.88852 |       0.01658 |       0.01040 |       0.01432 |       1.00000 |       1.00000 |      36.47688 |      35.92130 |    4936.85400 |    4934.20654 |      -1.16101 |    4936.47314 |      36.50000 |      36.00000 | 
     60.78528 |      81.23477 |       0.01645 |       0.01040 |       0.01432 |       1.00000 |       1.00000 |      36.47686 |      35.92135 |    4934.42822 |    4931.77734 |      -1.15746 |    4934.04785 |      36.50000 |      36.00000 | 
     59.96801 |      69.63303 |       0.01668 |       0.01040 |       0.01432 |       1.00000 |       1.00000 |      36.47682 |      35.92142 |    4931.01611 |    4928.36035 |      -1.15244 |    4930.63525 |      36.50000 |      36.00000 | 
     60.37737 |      52.57624 |       0.01656 |       0.01040 |       0.01432 |       1.00000 |       1.00000 |      36.47680 |      35.92147 |    4929.01660 |    4926.35791 |      -1.14948 |    4928.63623 |      36.50000 |      36.00000 | 
     59.95916 |      63.06363 |       0.01668 |       0.01040 |       0.01432 |       1.00000 |       1.00000 |      36.47678 |      35.92149 |    4927.60156 |    4924.94092 |      -1.14738 |    4927.22119 |      36.50000 |      36.00000 | 
     60.43732 |      86.29617 |       0.01655 |       0.01040 |       0.01432 |       1.00000 |       1.00000 |      36.47675 |      35.92156 |    4924.42725 |    4921.76172 |      -1.14266 |    4924.04688 |      36.50000 |      36.00000 | 
     55.38483 |      60.90876 |       0.01806 |       0.01040 |       0.01432 |       1.00000 |       1.00000 |      36.47672 |      35.92163 |    4921.10596 |    4918.43555 |      -1.13769 |    4920.72559 |      36.50000 |      36.00000 | 
     51.81063 |      24.85275 |       0.01930 |       0.01040 |       0.01432 |       1.00000 |       1.00000 |      36.47669 |      35.92168 |    4918.80859 |    4916.13428 |      -1.13423 |    4918.42822 |      36.50000 |      36.00000 | 
     53.32766 |      26.66453 |       0.01875 |       0.01040 |       0.01432 |       1.00000 |       1.00000 |      36.47666 |      35.92173 |    4916.26465 |    4913.58691 |      -1.13039 |    4915.88428 |      36.50000 |      36.00000 | 
     54.61577 |      24.88615 |       0.01831 |       0.01040 |       0.01432 |       1.00000 |       1.00000 |      36.47663 |      35.92179 |    4913.68750 |    4911.00586 |      -1.12648 |    4913.30713 |      36.50000 |      36.00000 | 
     57.85139 |      77.36944 |       0.01729 |       0.01040 |       0.01432 |       1.00000 |       1.00000 |      36.47661 |      35.92183 |    4911.77490 |    4909.09033 |      -1.12356 |    4911.39453 |      36.50000 |      36.00000 | 
     60.70574 |     113.58473 |       0.01647 |       0.01253 |       0.01412 |       1.00000 |       1.00000 |      36.47659 |      35.92188 |    4909.46826 |    4906.78027 |      -1.12004 |    4909.08740 |      36.50000 |      36.00000 | 
     61.38145 |     108.27198 |       0.01629 |       0.01253 |       0.01412 |       1.00000 |       1.00000 |      36.47656 |      35.92194 |    4906.67334 |    4903.98047 |      -1.11575 |    4906.29443 |      36.50000 |      36.00000 | 
     58.88935 |      97.70396 |       0.01698 |       0.01253 |       0.01412 |       1.00000 |       1.00000 |      36.47652 |      35.92200 |    4903.38379 |    4900.68555 |      -1.11067 |    4903.00488 |      36.50000 |      36.00000 | 
     59.07488 |     106.45093 |       0.01693 |       0.01253 |       0.01412 |       1.00000 |       1.00000 |      36.47650 |      35.92206 |    4900.75244 |    4898.05078 |      -1.10659 |    4900.37354 |      36.50000 |      36.00000 | 
     58.42425 |     100.21044 |       0.01712 |       0.01253 |       0.01412 |       1.00000 |       1.00000 |      36.47646 |      35.92213 |    4897.60107 |    4894.89453 |      -1.10168 |    4897.22266 |      36.50000 |      36.00000 | 
     58.96825 |     110.22928 |       0.01696 |       0.01253 |       0.01412 |       1.00000 |       1.00000 |      36.47643 |      35.92218 |    4894.87354 |    4892.16260 |      -1.09741 |    4894.49463 |      36.50000 |      36.00000 | 
     58.45848 |      77.07723 |       0.01711 |       0.01253 |       0.01412 |       1.00000 |       1.00000 |      36.47640 |      35.92225 |    4892.00049 |    4889.28516 |      -1.09290 |    4891.62207 |      36.50000 |      36.00000 | 
     53.52550 |      48.13246 |       0.01868 |       0.01253 |       0.01412 |       1.00000 |       1.00000 |      36.47638 |      35.92230 |    4889.58838 |    4886.86914 |      -1.08909 |    4889.20996 |      36.50000 |      36.00000 | 
     53.24200 |      50.16806 |       0.01878 |       0.01253 |       0.01412 |       1.00000 |       1.00000 |      36.47635 |      35.92235 |    4887.23682 |    4884.51367 |      -1.08536 |    4886.85791 |      36.50000 |      36.00000 | 
     56.83710 |     107.78185 |       0.01759 |       0.01253 |       0.01412 |       1.00000 |       1.00000 |      36.47635 |      35.92236 |    4886.85352 |    4884.13037 |      -1.08475 |    4886.47510 |      36.50000 |      36.00000 | 
     52.86731 |     112.51125 |       0.01892 |       0.01253 |       0.01412 |       1.00000 |       1.00000 |      36.47630 |      35.92244 |    4882.86719 |    4880.13770 |      -1.07839 |    4882.48828 |      36.50000 |      36.00000 | 
     51.57018 |      42.80822 |       0.01939 |       0.01253 |       0.01412 |       1.00000 |       1.00000 |      36.47628 |      35.92249 |    4880.32422 |    4877.59033 |      -1.07431 |    4879.94531 |      36.50000 |      36.00000 | 
     55.62265 |      90.71117 |       0.01798 |       0.01253 |       0.01412 |       1.00000 |       1.00000 |      36.47626 |      35.92253 |    4878.45508 |    4875.71826 |      -1.07131 |    4878.07617 |      36.50000 |      36.00000 | 
     55.01916 |      27.47555 |       0.01818 |       0.01253 |       0.01412 |       1.00000 |       1.00000 |      36.47624 |      35.92257 |    4876.50146 |    4873.76123 |      -1.06815 |    4876.12305 |      36.50000 |      36.00000 | 
     54.62893 |      43.10159 |       0.01831 |       0.01253 |       0.01412 |       1.00000 |       1.00000 |      36.47621 |      35.92262 |    4874.21387 |    4871.47021 |      -1.06445 |    4873.83496 |      36.50000 |      36.00000 | 
     54.82891 |      21.73110 |       0.01824 |       0.01253 |       0.01412 |       1.00000 |       1.00000 |      36.47618 |      35.92268 |    4871.45166 |    4868.70361 |      -1.05996 |    4871.07275 |      36.50000 |      36.00000 | 
     55.18101 |      42.69855 |       0.01812 |       0.01253 |       0.01412 |       1.00000 |       1.00000 |      36.47616 |      35.92273 |    4869.25732 |    4866.50586 |      -1.05638 |    4868.87891 |      36.50000 |      36.00000 | 
     61.21689 |     105.71942 |       0.01634 |       0.01253 |       0.01412 |       1.00000 |       1.00000 |      36.47614 |      35.92276 |    4867.62891 |    4864.87451 |      -1.05371 |    4867.25000 |      36.50000 |      36.00000 | 
     57.75388 |      98.09692 |       0.01731 |       0.01253 |       0.01412 |       1.00000 |       1.00000 |      36.47611 |      35.92282 |    4864.55029 |    4861.79004 |      -1.04866 |    4864.17139 |      36.50000 |      36.00000 | 
     56.11332 |      41.51962 |       0.01782 |       0.01253 |       0.01412 |       1.00000 |       1.00000 |      36.47609 |      35.92287 |    4862.22314 |    4859.45996 |      -1.04482 |    4861.84473 |      36.50000 |      36.00000 | 
     59.58242 |     103.33781 |       0.01678 |       0.00918 |       0.01283 |       1.00000 |       1.00000 |      36.47607 |      35.92291 |    4860.39990 |    4857.63330 |      -1.04180 |    4860.02100 |      36.50000 |      36.00000 | 
     58.26596 |     104.56969 |       0.01716 |       0.00918 |       0.01283 |       1.00000 |       1.00000 |      36.47604 |      35.92296 |    4858.08203 |    4855.31201 |      -1.03795 |    4857.70312 |      36.50000 |      36.00000 | 
     54.63049 |      51.54108 |       0.01830 |       0.00918 |       0.01283 |       1.00000 |       1.00000 |      36.47601 |      35.92302 |    4855.50342 |    4852.72900 |      -1.03365 |    4855.12451 |      36.50000 |      36.00000 | 
     59.33505 |     106.67805 |       0.01685 |       0.00918 |       0.01283 |       1.00000 |       1.00000 |      36.47599 |      35.92305 |    4853.78271 |    4851.00537 |      -1.03078 |    4853.40381 |      36.50000 |      36.00000 | 
     57.50931 |      43.34258 |       0.01739 |       0.00918 |       0.01283 |       1.00000 |       1.00000 |      36.47597 |      35.92310 |    4851.49756 |    4848.71631 |      -1.02694 |    4851.11865 |      36.50000 |      36.00000 | 
     61.47710 |     113.12217 |       0.01627 |       0.00918 |       0.01283 |       1.00000 |       1.00000 |      36.47595 |      35.92314 |    4849.76367 |    4846.97949 |      -1.02402 |    4849.38477 |      36.50000 |      36.00000 | 
     58.47924 |      41.39073 |       0.01710 |       0.00918 |       0.01283 |       1.00000 |       1.00000 |      36.47593 |      35.92319 |    4847.44434 |    4844.65576 |      -1.02011 |    4847.06543 |      36.50000 |      36.00000 | 
     57.15520 |      37.32040 |       0.01750 |       0.00918 |       0.01283 |       1.00000 |       1.00000 |      36.47591 |      35.92322 |    4845.94043 |    4843.14990 |      -1.01757 |    4845.56201 |      36.50000 |      36.00000 | 
     56.63494 |      40.84467 |       0.01766 |       0.00918 |       0.01283 |       1.00000 |       1.00000 |      36.47589 |      35.92326 |    4843.74951 |    4840.95508 |      -1.01385 |    4843.37061 |      36.50000 |      36.00000 | 
     54.62162 |      41.35649 |       0.01831 |       0.00918 |       0.01283 |       1.00000 |       1.00000 |      36.47586 |      35.92332 |    4841.32471 |    4838.52588 |      -1.00972 |    4840.94629 |      36.50000 |      36.00000 | 
     57.55155 |      89.75855 |       0.01738 |       0.00918 |       0.01283 |       1.00000 |       1.00000 |      36.47584 |      35.92336 |    4839.41113 |    4836.60938 |      -1.00645 |    4839.03223 |      36.50000 |      36.00000 | 
     55.42960 |      22.47747 |       0.01804 |       0.00918 |       0.01283 |       1.00000 |       1.00000 |      36.47582 |      35.92340 |    4837.19385 |    4834.38818 |      -1.00265 |    4836.81494 |      36.50000 |      36.00000 | 
     54.57014 |      40.18970 |       0.01833 |       0.00918 |       0.01283 |       1.00000 |       1.00000 |      36.47579 |      35.92345 |    4834.87549 |    4832.06592 |      -0.99866 |    4834.49707 |      36.50000 |      36.00000 | 
     54.80085 |      20.78267 |       0.01825 |       0.00918 |       0.01283 |       1.00000 |       1.00000 |      36.47576 |      35.92351 |    4832.06689 |    4829.25195 |      -0.99381 |    4831.68799 |      36.50000 |      36.00000 | 
     54.16344 |      40.38609 |       0.01846 |       0.00918 |       0.01283 |       1.00000 |       1.00000 |      36.47574 |      35.92356 |    4829.74902 |    4826.93066 |      -0.98980 |    4829.37061 |      36.50000 |      36.00000 | 
     57.66643 |      94.84067 |       0.01734 |       0.00918 |       0.01283 |       1.00000 |       1.00000 |      36.47572 |      35.92360 |    4827.88086 |    4825.05859 |      -0.98655 |    4827.50195 |      36.50000 |      36.00000 | 
     54.92094 |      21.41557 |       0.01821 |       0.00918 |       0.01283 |       1.00000 |       1.00000 |      36.47569 |      35.92365 |    4825.53711 |    4822.71143 |      -0.98246 |    4825.15820 |      36.50000 |      36.00000 | 
     57.93610 |      84.16800 |       0.01726 |       0.00918 |       0.01283 |       1.00000 |       1.00000 |      36.47567 |      35.92369 |    4823.58301 |    4820.75391 |      -0.97905 |    4823.20801 |      36.50000 |      36.00000 | 
     55.41635 |      42.40163 |       0.01805 |       0.00918 |       0.01283 |       1.00000 |       1.00000 |      36.47564 |      35.92375 |    4820.89893 |    4818.06494 |      -0.97434 |    4820.52344 |      36.50000 |      36.00000 | 
     63.36567 |     106.26993 |       0.01578 |       0.00918 |       0.01283 |       1.00000 |       1.00000 |      36.47563 |      35.92377 |    4819.49365 |    4816.65771 |      -0.97187 |    4819.11865 |      36.50000 |      36.00000 | 
     59.49834 |     101.55377 |       0.01681 |       0.00918 |       0.01283 |       1.00000 |       1.00000 |      36.47560 |      35.92384 |    4816.49268 |    4813.65088 |      -0.96657 |    4816.11768 |      36.50000 |      36.00000 | 
     55.99217 |      41.20653 |       0.01786 |       0.00985 |       0.01335 |       1.00000 |       1.00000 |      36.47557 |      35.92389 |    4814.02002 |    4811.17432 |      -0.96219 |    4813.64502 |      36.50000 |      36.00000 | 
     58.78538 |      95.36525 |       0.01701 |       0.00985 |       0.01335 |       1.00000 |       1.00000 |      36.47555 |      35.92393 |    4812.12549 |    4809.27588 |      -0.95882 |    4811.75049 |      36.50000 |      36.00000 | 
     61.42194 |      97.28573 |       0.01628 |       0.00985 |       0.01335 |       1.00000 |       1.00000 |      36.47553 |      35.92397 |    4810.21631 |    4807.36377 |      -0.95542 |    4809.84082 |      36.50000 |      36.00000 | 
     57.57282 |      87.52735 |       0.01737 |       0.00985 |       0.01335 |       1.00000 |       1.00000 |      36.47550 |      35.92403 |    4807.17871 |    4804.32031 |      -0.94998 |    4806.80322 |      36.50000 |      36.00000 | 
     55.69126 |      42.43582 |       0.01796 |       0.00985 |       0.01335 |       1.00000 |       1.00000 |      36.47547 |      35.92409 |    4804.80859 |    4801.94629 |      -0.94573 |    4804.43359 |      36.50000 |      36.00000 | 
     59.35442 |      93.72950 |       0.01685 |       0.00985 |       0.01335 |       1.00000 |       1.00000 |      36.47545 |      35.92413 |    4803.00586 |    4800.14014 |      -0.94248 |    4802.63086 |      36.50000 |      36.00000 | 
     55.93251 |      36.85549 |       0.01788 |       0.00985 |       0.01335 |       1.00000 |       1.00000 |      36.47543 |      35.92418 |    4800.55957 |    4797.68945 |      -0.93806 |    4800.18408 |      36.50000 |      36.00000 | 
     58.69896 |     109.57703 |       0.01704 |       0.00985 |       0.01335 |       1.00000 |       1.00000 |      36.47541 |      35.92422 |    4798.60791 |    4795.73389 |      -0.93452 |    4798.23242 |      36.50000 |      36.00000 | 
     55.87983 |      40.11071 |       0.01790 |       0.00985 |       0.01335 |       1.00000 |       1.00000 |      36.47538 |      35.92427 |    4796.18164 |    4793.30322 |      -0.93011 |    4795.80615 |      36.50000 |      36.00000 | 
     59.17781 |      94.62528 |       0.01690 |       0.00985 |       0.01335 |       1.00000 |       1.00000 |      36.47536 |      35.92430 |    4794.34570 |    4791.46436 |      -0.92677 |    4793.97070 |      36.50000 |      36.00000 | 
     55.85663 |      40.46944 |       0.01790 |       0.00985 |       0.01335 |       1.00000 |       1.00000 |      36.47533 |      35.92436 |    4791.88281 |    4788.99658 |      -0.92226 |    4791.50732 |      36.50000 |      36.00000 | 
     58.36436 |      88.73115 |       0.01713 |       0.00985 |       0.01335 |       1.00000 |       1.00000 |      36.47532 |      35.92440 |    4789.95557 |    4787.06592 |      -0.91873 |    4789.58008 |      36.50000 |      36.00000 | 
     55.75805 |      22.17049 |       0.01793 |       0.00985 |       0.01335 |       1.00000 |       1.00000 |      36.47529 |      35.92445 |    4787.70020 |    4784.80664 |      -0.91458 |    4787.32471 |      36.50000 |      36.00000 | 
     54.73481 |      40.43018 |       0.01827 |       0.00985 |       0.01335 |       1.00000 |       1.00000 |      36.47527 |      35.92450 |    4785.37793 |    4782.47998 |      -0.91029 |    4785.00244 |      36.50000 |      36.00000 | 
     54.51130 |      39.32518 |       0.01834 |       0.00985 |       0.01335 |       1.00000 |       1.00000 |      36.47525 |      35.92453 |    4783.88379 |    4780.98291 |      -0.90753 |    4783.50830 |      36.50000 |      36.00000 | 
     54.74139 |      24.68831 |       0.01827 |       0.00985 |       0.01335 |       1.00000 |       1.00000 |      36.47522 |      35.92458 |    4781.23975 |    4778.33398 |      -0.90263 |    4780.86426 |      36.50000 |      36.00000 | 
     57.44722 |     100.01000 |       0.01741 |       0.00985 |       0.01335 |       1.00000 |       1.00000 |      36.47520 |      35.92463 |    4779.28174 |    4776.37256 |      -0.89898 |    4778.90674 |      36.50000 |      36.00000 | 
     55.41517 |      42.16740 |       0.01805 |       0.00985 |       0.01335 |       1.00000 |       1.00000 |      36.47517 |      35.92467 |    4776.88818 |    4773.97461 |      -0.89451 |    4776.51318 |      36.50000 |      36.00000 | 
     58.73161 |      91.61704 |       0.01703 |       0.00985 |       0.01335 |       1.00000 |       1.00000 |      36.47515 |      35.92471 |    4775.03857 |    4772.12158 |      -0.89105 |    4774.66309 |      36.50000 |      36.00000 | 
     57.05465 |      26.69300 |       0.01753 |       0.00985 |       0.01335 |       1.00000 |       1.00000 |      36.47513 |      35.92476 |    4773.03662 |    4770.11523 |      -0.88729 |    4772.66113 |      36.50000 |      36.00000 | 
     60.58341 |     103.85294 |       0.01651 |       0.00978 |       0.01249 |       1.00000 |       1.00000 |      36.47511 |      35.92479 |    4771.24316 |    4768.31934 |      -0.88392 |    4770.86816 |      36.50000 |      36.00000 | 
     57.67916 |      42.99966 |       0.01734 |       0.00978 |       0.01249 |       1.00000 |       1.00000 |      36.47509 |      35.92484 |    4768.88867 |    4765.96045 |      -0.87947 |    4768.51367 |      36.50000 |      36.00000 | 
     59.42944 |      74.54898 |       0.01683 |       0.00978 |       0.01249 |       1.00000 |       1.00000 |      36.47507 |      35.92488 |    4766.94922 |    4764.01660 |      -0.87580 |    4766.57373 |      36.50000 |      36.00000 | 
     57.58814 |      44.94382 |       0.01736 |       0.00978 |       0.01249 |       1.00000 |       1.00000 |      36.47504 |      35.92493 |    4764.66992 |    4761.73340 |      -0.87147 |    4764.29492 |      36.50000 |      36.00000 | 
     58.46425 |      21.85315 |       0.01710 |       0.00978 |       0.01249 |       1.00000 |       1.00000 |      36.47502 |      35.92499 |    4762.06201 |    4759.12012 |      -0.86651 |    4761.68652 |      36.50000 |      36.00000 | 
     57.55724 |      41.27797 |       0.01737 |       0.00978 |       0.01249 |       1.00000 |       1.00000 |      36.47499 |      35.92503 |    4759.87402 |    4756.92773 |      -0.86233 |    4759.49854 |      36.50000 |      36.00000 | 
     57.03653 |      42.81555 |       0.01753 |       0.00978 |       0.01249 |       1.00000 |       1.00000 |      36.47497 |      35.92508 |    4757.68115 |    4754.73145 |      -0.85813 |    4757.30615 |      36.50000 |      36.00000 | 
     56.91674 |      39.26496 |       0.01757 |       0.00978 |       0.01249 |       1.00000 |       1.00000 |      36.47495 |      35.92511 |    4756.26709 |    4753.31445 |      -0.85541 |    4755.89209 |      36.50000 |      36.00000 | 
     59.49559 |     107.14668 |       0.01681 |       0.00978 |       0.01249 |       1.00000 |       1.00000 |      36.47493 |      35.92515 |    4754.32471 |    4751.36768 |      -0.85167 |    4753.94922 |      36.50000 |      36.00000 | 
     56.39485 |      40.09302 |       0.01773 |       0.00978 |       0.01249 |       1.00000 |       1.00000 |      36.47491 |      35.92520 |    4751.90820 |    4748.94727 |      -0.84701 |    4751.53320 |      36.50000 |      36.00000 | 
     56.39140 |      24.95570 |       0.01773 |       0.00978 |       0.01249 |       1.00000 |       1.00000 |      36.47488 |      35.92525 |    4749.31152 |    4746.34473 |      -0.84198 |    4748.93604 |      36.50000 |      36.00000 | 
     56.77031 |      26.82403 |       0.01761 |       0.00978 |       0.01249 |       1.00000 |       1.00000 |      36.47485 |      35.92531 |    4746.82373 |    4743.85254 |      -0.83714 |    4746.44824 |      36.50000 |      36.00000 | 
     56.94905 |      23.17229 |       0.01756 |       0.00978 |       0.01249 |       1.00000 |       1.00000 |      36.47483 |      35.92537 |    4744.18799 |    4741.21191 |      -0.83200 |    4743.81299 |      36.50000 |      36.00000 | 
     55.82300 |      42.62211 |       0.01791 |       0.00978 |       0.01249 |       1.00000 |       1.00000 |      36.47480 |      35.92541 |    4741.90137 |    4738.91992 |      -0.82753 |    4741.52588 |      36.50000 |      36.00000 | 
     58.81340 |      95.97850 |       0.01700 |       0.00978 |       0.01249 |       1.00000 |       1.00000 |      36.47478 |      35.92545 |    4740.02002 |    4737.03564 |      -0.82384 |    4739.64648 |      36.50000 |      36.00000 | 
     62.39286 |     110.68069 |       0.01603 |       0.00978 |       0.01249 |       1.00000 |       1.00000 |      36.47476 |      35.92549 |    4738.19775 |    4735.20996 |      -0.82026 |    4737.82422 |      36.50000 |      36.00000 | 
     57.43101 |      78.42522 |       0.01741 |       0.00978 |       0.01249 |       1.00000 |       1.00000 |      36.47473 |      35.92556 |    4734.98975 |    4731.99512 |      -0.81393 |    4734.61621 |      36.50000 |      36.00000 | 
     57.15816 |      29.73005 |       0.01750 |       0.00978 |       0.01249 |       1.00000 |       1.00000 |      36.47470 |      35.92561 |    4732.53223 |    4729.53320 |      -0.80907 |    4732.15869 |      36.50000 |      36.00000 | 
     60.46232 |     103.98253 |       0.01654 |       0.00978 |       0.01249 |       1.00000 |       1.00000 |      36.47468 |      35.92565 |    4730.66260 |    4727.65967 |      -0.80536 |    4730.28906 |      36.50000 |      36.00000 | 
     61.53236 |      90.17946 |       0.01625 |       0.00978 |       0.01249 |       1.00000 |       1.00000 |      36.47466 |      35.92570 |    4728.36230 |    4725.35449 |      -0.80078 |    4727.98877 |      36.50000 |      36.00000 | 
     62.69384 |      97.61812 |       0.01595 |       0.01039 |       0.01336 |       1.00000 |       1.00000 |      36.47463 |      35.92575 |    4725.95947 |    4722.94727 |      -0.79598 |    4725.58545 |      36.50000 |      36.00000 | 
     59.84892 |     102.78548 |       0.01671 |       0.01039 |       0.01336 |       1.00000 |       1.00000 |      36.47460 |      35.92581 |    4723.13574 |    4720.11768 |      -0.79033 |    4722.76221 |      36.50000 |      36.00000 | 
     56.99529 |      43.79434 |       0.01755 |       0.01039 |       0.01336 |       1.00000 |       1.00000 |      36.47458 |      35.92586 |    4720.75391 |    4717.73145 |      -0.78554 |    4720.38037 |      36.50000 |      36.00000 | 
     59.62922 |      87.07767 |       0.01677 |       0.01039 |       0.01336 |       1.00000 |       1.00000 |      36.47456 |      35.92590 |    4718.87793 |    4715.85156 |      -0.78176 |    4718.50439 |      36.50000 |      36.00000 | 
     57.65995 |      26.94328 |       0.01734 |       0.01039 |       0.01336 |       1.00000 |       1.00000 |      36.47454 |      35.92594 |    4716.88770 |    4713.85742 |      -0.77774 |    4716.51416 |      36.50000 |      36.00000 | 
     60.35159 |      98.73618 |       0.01657 |       0.01039 |       0.01336 |       1.00000 |       1.00000 |      36.47451 |      35.92598 |    4715.01367 |    4711.97949 |      -0.77395 |    4714.64014 |      36.50000 |      36.00000 | 
     63.96165 |     113.89522 |       0.01563 |       0.01039 |       0.01336 |       1.00000 |       1.00000 |      36.47449 |      35.92602 |    4713.23193 |    4710.19336 |      -0.77033 |    4712.85840 |      36.50000 |      36.00000 | 
     59.14647 |      94.88567 |       0.01691 |       0.01039 |       0.01336 |       1.00000 |       1.00000 |      36.47446 |      35.92608 |    4710.04443 |    4707.00000 |      -0.76384 |    4709.67090 |      36.50000 |      36.00000 | 
     55.60708 |      37.04115 |       0.01798 |       0.01039 |       0.01336 |       1.00000 |       1.00000 |      36.47444 |      35.92614 |    4707.57422 |    4704.52490 |      -0.75880 |    4707.20068 |      36.50000 |      36.00000 | 
     58.11919 |      78.45599 |       0.01721 |       0.01039 |       0.01336 |       1.00000 |       1.00000 |      36.47441 |      35.92618 |    4705.59424 |    4702.54102 |      -0.75474 |    4705.22070 |      36.50000 |      36.00000 | 
     54.82643 |      40.49895 |       0.01824 |       0.01039 |       0.01336 |       1.00000 |       1.00000 |      36.47438 |      35.92624 |    4702.83057 |    4699.77100 |      -0.74906 |    4702.45703 |      36.50000 |      36.00000 | 
     57.87889 |      92.10648 |       0.01728 |       0.01039 |       0.01336 |       1.00000 |       1.00000 |      36.47437 |      35.92627 |    4700.93018 |    4697.86719 |      -0.74515 |    4700.55664 |      36.50000 |      36.00000 | 
     54.48737 |      39.00612 |       0.01835 |       0.01039 |       0.01336 |       1.00000 |       1.00000 |      36.47434 |      35.92633 |    4698.39502 |    4695.32666 |      -0.73991 |    4698.02148 |      36.50000 |      36.00000 | 
     58.95371 |     113.21182 |       0.01696 |       0.01039 |       0.01336 |       1.00000 |       1.00000 |      36.47432 |      35.92636 |    4696.63770 |    4693.56543 |      -0.73627 |    4696.26416 |      36.50000 |      36.00000 | 
     56.31836 |      41.35478 |       0.01776 |       0.01039 |       0.01336 |       1.00000 |       1.00000 |      36.47429 |      35.92641 |    4694.24072 |    4691.16357 |      -0.73130 |    4693.86719 |      36.50000 |      36.00000 | 
     59.84727 |     103.89610 |       0.01671 |       0.01039 |       0.01336 |       1.00000 |       1.00000 |      36.47427 |      35.92645 |    4692.42773 |    4689.34717 |      -0.72752 |    4692.05420 |      36.50000 |      36.00000 | 
     57.03812 |      40.84133 |       0.01753 |       0.01039 |       0.01336 |       1.00000 |       1.00000 |      36.47425 |      35.92651 |    4690.05713 |    4686.97119 |      -0.72257 |    4689.68359 |      36.50000 |      36.00000 | 
     59.68115 |      87.81173 |       0.01676 |       0.01039 |       0.01336 |       1.00000 |       1.00000 |      36.47423 |      35.92654 |    4688.17773 |    4685.08789 |      -0.71864 |    4687.80420 |      36.50000 |      36.00000 | 
     57.67254 |      42.85775 |       0.01734 |       0.01039 |       0.01336 |       1.00000 |       1.00000 |      36.47421 |      35.92659 |    4685.89307 |    4682.79883 |      -0.71385 |    4685.51953 |      36.50000 |      36.00000 | 
     57.91145 |      29.19623 |       0.01727 |       0.01039 |       0.01336 |       1.00000 |       1.00000 |      36.47418 |      35.92664 |    4683.50879 |    4680.40918 |      -0.70883 |    4683.13525 |      36.50000 |      36.00000 | 
     61.00927 |      97.46589 |       0.01639 |       0.00975 |       0.01247 |       1.00000 |       1.00000 |      36.47416 |      35.92668 |    4681.69775 |    4678.59424 |      -0.70502 |    4681.32422 |      36.50000 |      36.00000 | 
     62.72493 |      83.18083 |       0.01594 |       0.00975 |       0.01247 |       1.00000 |       1.00000 |      36.47414 |      35.92672 |    4679.77490 |    4676.66748 |      -0.70095 |    4679.40137 |      36.50000 |      36.00000 | 
     60.40906 |     116.21150 |       0.01655 |       0.00975 |       0.01247 |       1.00000 |       1.00000 |      36.47411 |      35.92678 |    4677.02246 |    4673.90918 |      -0.69512 |    4676.64893 |      36.50000 |      36.00000 | 
     57.55761 |      40.98025 |       0.01737 |       0.00975 |       0.01247 |       1.00000 |       1.00000 |      36.47409 |      35.92683 |    4674.67334 |    4671.55518 |      -0.69012 |    4674.29980 |      36.50000 |      36.00000 | 
     58.36334 |      23.68882 |       0.01713 |       0.00975 |       0.01247 |       1.00000 |       1.00000 |      36.47406 |      35.92688 |    4672.13184 |    4669.00830 |      -0.68471 |    4671.75830 |      36.50000 |      36.00000 | 
     60.86747 |      88.23789 |       0.01643 |       0.00975 |       0.01247 |       1.00000 |       1.00000 |      36.47404 |      35.92692 |    4670.22607 |    4667.09814 |      -0.68063 |    4669.85254 |      36.50000 |      36.00000 | 
     58.33757 |      43.94638 |       0.01714 |       0.00975 |       0.01247 |       1.00000 |       1.00000 |      36.47401 |      35.92697 |    4667.94531 |    4664.81250 |      -0.67575 |    4667.57178 |      36.50000 |      36.00000 | 
     60.68864 |      92.76438 |       0.01648 |       0.00975 |       0.01247 |       1.00000 |       1.00000 |      36.47400 |      35.92701 |    4666.07031 |    4662.93359 |      -0.67172 |    4665.69678 |      36.50000 |      36.00000 | 
     57.31799 |      40.66198 |       0.01745 |       0.00975 |       0.01247 |       1.00000 |       1.00000 |      36.47397 |      35.92706 |    4663.67627 |    4660.53467 |      -0.66656 |    4663.30273 |      36.50000 |      36.00000 | 
     56.38721 |      41.63371 |       0.01773 |       0.00975 |       0.01247 |       1.00000 |       1.00000 |      36.47395 |      35.92711 |    4661.43066 |    4658.28418 |      -0.66172 |    4661.05713 |      36.50000 |      36.00000 | 
     56.74010 |      24.94139 |       0.01762 |       0.00975 |       0.01247 |       1.00000 |       1.00000 |      36.47392 |      35.92716 |    4658.87451 |    4655.72266 |      -0.65618 |    4658.50293 |      36.50000 |      36.00000 | 
     59.87843 |      92.52406 |       0.01670 |       0.00975 |       0.01247 |       1.00000 |       1.00000 |      36.47390 |      35.92720 |    4656.97900 |    4653.82275 |      -0.65207 |    4656.60742 |      36.50000 |      36.00000 | 
     55.36248 |      39.36233 |       0.01806 |       0.00975 |       0.01247 |       1.00000 |       1.00000 |      36.47387 |      35.92726 |    4654.00928 |    4650.84766 |      -0.64626 |    4653.63770 |      36.50000 |      36.00000 | 
     56.24727 |      22.92684 |       0.01778 |       0.00975 |       0.01247 |       1.00000 |       1.00000 |      36.47384 |      35.92732 |    4651.38184 |    4648.21484 |      -0.64150 |    4651.00977 |      36.50000 |      36.00000 | 
     54.38720 |      42.64392 |       0.01839 |       0.00975 |       0.01247 |       1.00000 |       1.00000 |      36.47381 |      35.92737 |    4648.94580 |    4645.77441 |      -0.63708 |    4648.57422 |      36.50000 |      36.00000 | 
     55.80024 |      23.94407 |       0.01792 |       0.00975 |       0.01247 |       1.00000 |       1.00000 |      36.47379 |      35.92742 |    4646.39160 |    4643.21582 |      -0.63242 |    4646.02002 |      36.50000 |      36.00000 | 
     54.53392 |      41.20992 |       0.01834 |       0.00975 |       0.01247 |       1.00000 |       1.00000 |      36.47376 |      35.92747 |    4644.03564 |    4640.85547 |      -0.62811 |    4643.66357 |      36.50000 |      36.00000 | 
     55.91746 |      24.12021 |       0.01788 |       0.00975 |       0.01247 |       1.00000 |       1.00000 |      36.47373 |      35.92753 |    4641.48047 |    4638.29590 |      -0.62343 |    4641.10889 |      36.50000 |      36.00000 | 
     55.17753 |      40.77140 |       0.01812 |       0.00975 |       0.01247 |       1.00000 |       1.00000 |      36.47371 |      35.92757 |    4639.19873 |    4636.00928 |      -0.61923 |    4638.82666 |      36.50000 |      36.00000 | 
     58.42256 |      91.99632 |       0.01712 |       0.01018 |       0.01306 |       1.00000 |       1.00000 |      36.47369 |      35.92761 |    4637.33203 |    4634.13965 |      -0.61578 |    4636.96045 |      36.50000 |      36.00000 | 
     55.64558 |      40.92993 |       0.01797 |       0.01018 |       0.01306 |       1.00000 |       1.00000 |      36.47366 |      35.92767 |    4634.89844 |    4631.70117 |      -0.61127 |    4634.52686 |      36.50000 |      36.00000 | 
     55.74875 |      22.35286 |       0.01794 |       0.01018 |       0.01306 |       1.00000 |       1.00000 |      36.47363 |      35.92772 |    4632.17578 |    4628.97412 |      -0.60621 |    4631.80420 |      36.50000 |      36.00000 | 
     55.81666 |      42.05214 |       0.01792 |       0.01018 |       0.01306 |       1.00000 |       1.00000 |      36.47361 |      35.92777 |    4629.98779 |    4626.78174 |      -0.60213 |    4629.61621 |      36.50000 |      36.00000 | 
     58.94283 |     103.09278 |       0.01697 |       0.01018 |       0.01306 |       1.00000 |       1.00000 |      36.47359 |      35.92781 |    4628.11426 |    4624.90479 |      -0.59863 |    4627.74268 |      36.50000 |      36.00000 | 
     59.32441 |     117.06860 |       0.01686 |       0.01018 |       0.01306 |       1.00000 |       1.00000 |      36.47357 |      35.92785 |    4625.97119 |    4622.75732 |      -0.59461 |    4625.59912 |      36.50000 |      36.00000 | 
     55.98146 |      39.16961 |       0.01786 |       0.01018 |       0.01306 |       1.00000 |       1.00000 |      36.47354 |      35.92791 |    4623.51221 |    4620.29346 |      -0.58999 |    4623.14014 |      36.50000 |      36.00000 | 
     59.44621 |     105.54089 |       0.01682 |       0.01018 |       0.01306 |       1.00000 |       1.00000 |      36.47352 |      35.92794 |    4621.68750 |    4618.46582 |      -0.58654 |    4621.31592 |      36.50000 |      36.00000 | 
     55.62172 |      40.22203 |       0.01798 |       0.01018 |       0.01306 |       1.00000 |       1.00000 |      36.47350 |      35.92800 |    4619.16797 |    4615.94141 |      -0.58178 |    4618.79639 |      36.50000 |      36.00000 | 
     59.03320 |     101.14291 |       0.01694 |       0.01018 |       0.01306 |       1.00000 |       1.00000 |      36.47348 |      35.92804 |    4617.32764 |    4614.09766 |      -0.57829 |    4616.95557 |      36.50000 |      36.00000 | 
     56.20144 |      42.04684 |       0.01779 |       0.01018 |       0.01306 |       1.00000 |       1.00000 |      36.47345 |      35.92809 |    4614.90723 |    4611.67285 |      -0.57368 |    4614.53564 |      36.50000 |      36.00000 | 
     56.47265 |      22.20742 |       0.01771 |       0.01018 |       0.01306 |       1.00000 |       1.00000 |      36.47342 |      35.92814 |    4612.21094 |    4608.97119 |      -0.56853 |    4611.83887 |      36.50000 |      36.00000 | 
     56.04411 |      40.98025 |       0.01784 |       0.01018 |       0.01306 |       1.00000 |       1.00000 |      36.47340 |      35.92819 |    4609.99561 |    4606.75195 |      -0.56429 |    4609.62402 |      36.50000 |      36.00000 | 
     55.83011 |      39.67624 |       0.01791 |       0.01018 |       0.01306 |       1.00000 |       1.00000 |      36.47338 |      35.92823 |    4607.79688 |    4604.54883 |      -0.56006 |    4607.42529 |      36.50000 |      36.00000 | 
     59.36893 |     108.87316 |       0.01684 |       0.01018 |       0.01306 |       1.00000 |       1.00000 |      36.47336 |      35.92827 |    4605.97705 |    4602.72510 |      -0.55656 |    4605.60498 |      36.50000 |      36.00000 | 
     55.43076 |      38.34062 |       0.01804 |       0.01018 |       0.01306 |       1.00000 |       1.00000 |      36.47333 |      35.92833 |    4603.44922 |    4600.19238 |      -0.55168 |    4603.07764 |      36.50000 |      36.00000 | 
     59.22309 |     108.40108 |       0.01689 |       0.01018 |       0.01306 |       1.00000 |       1.00000 |      36.47331 |      35.92836 |    4601.64600 |    4598.38574 |      -0.54818 |    4601.27393 |      36.50000 |      36.00000 | 
     55.58797 |      39.47732 |       0.01799 |       0.01018 |       0.01306 |       1.00000 |       1.00000 |      36.47329 |      35.92842 |    4599.14209 |    4595.87744 |      -0.54332 |    4598.77051 |      36.50000 |      36.00000 | 
     58.01300 |      89.98470 |       0.01724 |       0.01018 |       0.01306 |       1.00000 |       1.00000 |      36.47326 |      35.92846 |    4597.19580 |    4593.92676 |      -0.53953 |    4596.82373 |      36.50000 |      36.00000 | 
     53.32443 |      19.90000 |       0.01875 |       0.01018 |       0.01306 |       1.00000 |       1.00000 |      36.47324 |      35.92851 |    4594.70117 |    4591.42773 |      -0.53465 |    4594.32959 |      36.50000 |      36.00000 | 
     52.74516 |      40.57124 |       0.01896 |       0.00972 |       0.01407 |       1.00000 |       1.00000 |      36.47321 |      35.92857 |    4592.08447 |    4588.80518 |      -0.52952 |    4591.71240 |      36.50000 |      36.00000 | 
     53.28324 |      40.74482 |       0.01877 |       0.00972 |       0.01407 |       1.00000 |       1.00000 |      36.47319 |      35.92860 |    4590.62500 |    4587.34326 |      -0.52665 |    4590.25293 |      36.50000 |      36.00000 | 
     53.99893 |      30.57450 |       0.01852 |       0.00972 |       0.01407 |       1.00000 |       1.00000 |      36.47317 |      35.92865 |    4588.18896 |    4584.90283 |      -0.52186 |    4587.81738 |      36.50000 |      36.00000 | 
     56.91257 |      84.53800 |       0.01757 |       0.00972 |       0.01407 |       1.00000 |       1.00000 |      36.47315 |      35.92869 |    4586.25586 |    4582.96582 |      -0.51804 |    4585.88428 |      36.50000 |      36.00000 | 
     61.44299 |     109.50504 |       0.01628 |       0.00972 |       0.01407 |       1.00000 |       1.00000 |      36.47313 |      35.92873 |    4584.49268 |    4581.19922 |      -0.51454 |    4584.12109 |      36.50000 |      36.00000 | 
     55.58042 |      71.24030 |       0.01799 |       0.00972 |       0.01407 |       1.00000 |       1.00000 |      36.47309 |      35.92879 |    4581.12158 |    4577.82129 |      -0.50785 |    4580.75000 |      36.50000 |      36.00000 | 
     54.67690 |      26.74226 |       0.01829 |       0.00972 |       0.01407 |       1.00000 |       1.00000 |      36.47307 |      35.92884 |    4579.18262 |    4575.87842 |      -0.50398 |    4578.81250 |      36.50000 |      36.00000 | 
     55.34875 |      22.85349 |       0.01807 |       0.00972 |       0.01407 |       1.00000 |       1.00000 |      36.47305 |      35.92889 |    4576.51709 |    4573.20752 |      -0.49865 |    4576.14697 |      36.50000 |      36.00000 | 
     54.93531 |      42.34597 |       0.01820 |       0.00972 |       0.01407 |       1.00000 |       1.00000 |      36.47302 |      35.92894 |    4574.24609 |    4570.93213 |      -0.49410 |    4573.87646 |      36.50000 |      36.00000 | 
     56.62167 |      72.25956 |       0.01766 |       0.00972 |       0.01407 |       1.00000 |       1.00000 |      36.47300 |      35.92899 |    4572.20459 |    4568.88623 |      -0.48999 |    4571.83496 |      36.50000 |      36.00000 | 
     55.25415 |      25.87657 |       0.01810 |       0.00972 |       0.01407 |       1.00000 |       1.00000 |      36.47298 |      35.92903 |    4570.21533 |    4566.89307 |      -0.48598 |    4569.84521 |      36.50000 |      36.00000 | 
     55.88871 |      25.07020 |       0.01789 |       0.00972 |       0.01407 |       1.00000 |       1.00000 |      36.47295 |      35.92908 |    4567.64844 |    4564.32129 |      -0.48079 |    4567.27832 |      36.50000 |      36.00000 | 
     54.32233 |      41.59907 |       0.01841 |       0.00972 |       0.01407 |       1.00000 |       1.00000 |      36.47292 |      35.92913 |    4565.25391 |    4561.92139 |      -0.47594 |    4564.88379 |      36.50000 |      36.00000 | 
     55.49131 |      22.30052 |       0.01802 |       0.00972 |       0.01407 |       1.00000 |       1.00000 |      36.47290 |      35.92919 |    4562.59912 |    4559.26123 |      -0.47054 |    4562.22900 |      36.50000 |      36.00000 | 
     55.05268 |      42.89452 |       0.01816 |       0.00972 |       0.01407 |       1.00000 |       1.00000 |      36.47287 |      35.92923 |    4560.33154 |    4556.98877 |      -0.46591 |    4559.96143 |      36.50000 |      36.00000 | 
     55.94295 |      43.04408 |       0.01788 |       0.00972 |       0.01407 |       1.00000 |       1.00000 |      36.47286 |      35.92926 |    4558.97168 |    4555.62598 |      -0.46313 |    4558.60156 |      36.50000 |      36.00000 | 
     62.07180 |     126.00806 |       0.01611 |       0.00972 |       0.01407 |       1.00000 |       1.00000 |      36.47284 |      35.92929 |    4557.35889 |    4554.01025 |      -0.45982 |    4556.98877 |      36.50000 |      36.00000 | 
     56.84527 |     115.34026 |       0.01759 |       0.00972 |       0.01407 |       1.00000 |       1.00000 |      36.47280 |      35.92937 |    4553.80127 |    4550.44531 |      -0.45251 |    4553.43115 |      36.50000 |      36.00000 | 
     53.39742 |      35.70026 |       0.01873 |       0.00972 |       0.01407 |       1.00000 |       1.00000 |      36.47277 |      35.92942 |    4551.22021 |    4547.85889 |      -0.44719 |    4550.85010 |      36.50000 |      36.00000 | 
     60.74390 |     117.43981 |       0.01646 |       0.00972 |       0.01407 |       1.00000 |       1.00000 |      36.47275 |      35.92947 |    4548.91162 |    4545.54590 |      -0.44241 |    4548.54150 |      36.50000 |      36.00000 | 
     54.25120 |      39.39489 |       0.01843 |       0.01015 |       0.01327 |       1.00000 |       1.00000 |      36.47271 |      35.92955 |    4545.30420 |    4541.93066 |      -0.43492 |    4544.93408 |      36.50000 |      36.00000 | 
     57.26798 |      91.54994 |       0.01746 |       0.01015 |       0.01327 |       1.00000 |       1.00000 |      36.47269 |      35.92959 |    4543.38379 |    4540.00635 |      -0.43092 |    4543.01367 |      36.50000 |      36.00000 | 
     54.83593 |      41.93224 |       0.01824 |       0.01015 |       0.01327 |       1.00000 |       1.00000 |      36.47267 |      35.92964 |    4540.92822 |    4537.54541 |      -0.42579 |    4540.55811 |      36.50000 |      36.00000 | 
     56.73459 |      74.12898 |       0.01763 |       0.01015 |       0.01327 |       1.00000 |       1.00000 |      36.47264 |      35.92968 |    4538.90137 |    4535.51465 |      -0.42154 |    4538.53125 |      36.50000 |      36.00000 | 
     54.75887 |      38.95143 |       0.01826 |       0.01015 |       0.01327 |       1.00000 |       1.00000 |      36.47262 |      35.92973 |    4536.49414 |    4533.10254 |      -0.41649 |    4536.12402 |      36.50000 |      36.00000 | 
     58.78256 |     103.61620 |       0.01701 |       0.01015 |       0.01327 |       1.00000 |       1.00000 |      36.47260 |      35.92977 |    4534.70020 |    4531.30469 |      -0.41271 |    4534.33008 |      36.50000 |      36.00000 | 
     55.51085 |      38.34650 |       0.01801 |       0.01015 |       0.01327 |       1.00000 |       1.00000 |      36.47257 |      35.92982 |    4532.22656 |    4528.82568 |      -0.40749 |    4531.85645 |      36.50000 |      36.00000 | 
     58.93447 |     111.65699 |       0.01697 |       0.01015 |       0.01327 |       1.00000 |       1.00000 |      36.47255 |      35.92986 |    4530.37988 |    4526.97510 |      -0.40358 |    4530.00977 |      36.50000 |      36.00000 | 
     55.47079 |      38.55496 |       0.01803 |       0.01015 |       0.01327 |       1.00000 |       1.00000 |      36.47253 |      35.92992 |    4527.88721 |    4524.47705 |      -0.39829 |    4527.51709 |      36.50000 |      36.00000 | 
     59.41545 |     114.90291 |       0.01683 |       0.01015 |       0.01327 |       1.00000 |       1.00000 |      36.47251 |      35.92995 |    4526.09619 |    4522.68262 |      -0.39448 |    4525.72656 |      36.50000 |      36.00000 | 
     56.43542 |      39.51788 |       0.01772 |       0.01015 |       0.01327 |       1.00000 |       1.00000 |      36.47248 |      35.93000 |    4523.68506 |    4520.26611 |      -0.38934 |    4523.31494 |      36.50000 |      36.00000 | 
     60.07582 |     116.91804 |       0.01665 |       0.01015 |       0.01327 |       1.00000 |       1.00000 |      36.47247 |      35.93004 |    4521.88184 |    4518.45898 |      -0.38549 |    4521.51172 |      36.50000 |      36.00000 | 
     57.16694 |      41.56622 |       0.01749 |       0.01015 |       0.01327 |       1.00000 |       1.00000 |      36.47244 |      35.93009 |    4519.50293 |    4516.07471 |      -0.38039 |    4519.13281 |      36.50000 |      36.00000 | 
     56.92197 |      41.86553 |       0.01757 |       0.01015 |       0.01327 |       1.00000 |       1.00000 |      36.47242 |      35.93014 |    4517.33740 |    4513.90479 |      -0.37574 |    4516.96729 |      36.50000 |      36.00000 | 
     61.34795 |     119.74614 |       0.01630 |       0.01015 |       0.01327 |       1.00000 |       1.00000 |      36.47240 |      35.93017 |    4515.62988 |    4512.19385 |      -0.37206 |    4515.25977 |      36.50000 |      36.00000 | 
     59.71429 |      95.07511 |       0.01675 |       0.01015 |       0.01327 |       1.00000 |       1.00000 |      36.47237 |      35.93022 |    4513.36719 |    4509.92627 |      -0.36718 |    4512.99707 |      36.50000 |      36.00000 | 
     62.00236 |      99.52229 |       0.01613 |       0.01015 |       0.01327 |       1.00000 |       1.00000 |      36.47235 |      35.93026 |    4511.45361 |    4508.00781 |      -0.36304 |    4511.08350 |      36.50000 |      36.00000 | 
     56.98786 |      40.73652 |       0.01755 |       0.01015 |       0.01327 |       1.00000 |       1.00000 |      36.47232 |      35.93032 |    4508.55908 |    4505.10791 |      -0.35676 |    4508.18896 |      36.50000 |      36.00000 | 
     56.98019 |      20.61643 |       0.01755 |       0.01015 |       0.01327 |       1.00000 |       1.00000 |      36.47229 |      35.93038 |    4505.79004 |    4502.33252 |      -0.35073 |    4505.41992 |      36.50000 |      36.00000 | 
     56.02449 |      44.85713 |       0.01785 |       0.00958 |       0.01378 |       1.00000 |       1.00000 |      36.47227 |      35.93043 |    4503.51465 |    4500.05225 |      -0.34576 |    4503.14453 |      36.50000 |      36.00000 | 
     59.18272 |      95.72126 |       0.01690 |       0.00958 |       0.01378 |       1.00000 |       1.00000 |      36.47225 |      35.93047 |    4501.66211 |    4498.19531 |      -0.34171 |    4501.29199 |      36.50000 |      36.00000 | 
     60.77444 |      80.79502 |       0.01645 |       0.00958 |       0.01378 |       1.00000 |       1.00000 |      36.47223 |      35.93051 |    4499.66699 |    4496.19580 |      -0.33733 |    4499.29834 |      36.50000 |      36.00000 | 
     57.04290 |      76.23113 |       0.01753 |       0.00958 |       0.01378 |       1.00000 |       1.00000 |      36.47220 |      35.93057 |    4496.76270 |    4493.28467 |      -0.33094 |    4496.39404 |      36.50000 |      36.00000 | 
     56.17344 |      30.60537 |       0.01780 |       0.00958 |       0.01378 |       1.00000 |       1.00000 |      36.47218 |      35.93061 |    4494.93555 |    4491.45410 |      -0.32692 |    4494.56738 |      36.50000 |      36.00000 | 
     55.80417 |      25.00625 |       0.01792 |       0.00958 |       0.01378 |       1.00000 |       1.00000 |      36.47215 |      35.93066 |    4492.28516 |    4488.79834 |      -0.32105 |    4491.91699 |      36.50000 |      36.00000 | 
     56.49269 |      24.08072 |       0.01770 |       0.00958 |       0.01378 |       1.00000 |       1.00000 |      36.47212 |      35.93072 |    4489.69238 |    4486.19873 |      -0.31530 |    4489.32373 |      36.50000 |      36.00000 | 
     55.14975 |      39.63535 |       0.01813 |       0.00958 |       0.01378 |       1.00000 |       1.00000 |      36.47210 |      35.93077 |    4487.36377 |    4483.86768 |      -0.31183 |    4486.99561 |      36.50000 |      36.00000 | 
     55.26253 |      22.90321 |       0.01810 |       0.00958 |       0.01378 |       1.00000 |       1.00000 |      36.47207 |      35.93082 |    4484.66602 |    4481.16602 |      -0.30782 |    4484.29785 |      36.50000 |      36.00000 | 
     54.29899 |      39.43684 |       0.01842 |       0.00958 |       0.01378 |       1.00000 |       1.00000 |      36.47205 |      35.93087 |    4482.33008 |    4478.82568 |      -0.30433 |    4481.96143 |      36.50000 |      36.00000 | 
     55.17787 |      22.89115 |       0.01812 |       0.00958 |       0.01378 |       1.00000 |       1.00000 |      36.47202 |      35.93093 |    4479.67041 |    4476.16260 |      -0.30035 |    4479.30225 |      36.50000 |      36.00000 | 
     55.10900 |      41.81476 |       0.01815 |       0.00958 |       0.01378 |       1.00000 |       1.00000 |      36.47199 |      35.93098 |    4477.44141 |    4473.93066 |      -0.29700 |    4477.07324 |      36.50000 |      36.00000 | 
     58.74591 |     106.96331 |       0.01702 |       0.00958 |       0.01378 |       1.00000 |       1.00000 |      36.47197 |      35.93102 |    4475.60986 |    4472.09619 |      -0.29423 |    4475.24170 |      36.50000 |      36.00000 | 
     55.82408 |      40.48419 |       0.01791 |       0.00958 |       0.01378 |       1.00000 |       1.00000 |      36.47195 |      35.93106 |    4473.17236 |    4469.65430 |      -0.29054 |    4472.80420 |      36.50000 |      36.00000 | 
     59.57383 |     108.89687 |       0.01679 |       0.00958 |       0.01378 |       1.00000 |       1.00000 |      36.47193 |      35.93110 |    4471.36816 |    4467.84766 |      -0.28780 |    4471.00000 |      36.50000 |      36.00000 | 
     58.97298 |     112.24604 |       0.01696 |       0.00958 |       0.01378 |       1.00000 |       1.00000 |      36.47190 |      35.93115 |    4469.13525 |    4465.61133 |      -0.28439 |    4468.76660 |      36.50000 |      36.00000 | 
     58.64336 |     108.73111 |       0.01705 |       0.00958 |       0.01378 |       1.00000 |       1.00000 |      36.47188 |      35.93119 |    4466.91162 |    4463.38428 |      -0.28099 |    4466.54346 |      36.50000 |      36.00000 | 
     54.60355 |      35.50380 |       0.01831 |       0.00958 |       0.01378 |       1.00000 |       1.00000 |      36.47186 |      35.93125 |    4464.35352 |    4460.82227 |      -0.27705 |    4463.98486 |      36.50000 |      36.00000 | 
     54.79514 |      40.31608 |       0.01825 |       0.00958 |       0.01378 |       1.00000 |       1.00000 |      36.47183 |      35.93130 |    4462.13867 |    4458.60400 |      -0.27364 |    4461.77051 |      36.50000 |      36.00000 | 
     53.80765 |      34.29238 |       0.01858 |       0.00958 |       0.01378 |       1.00000 |       1.00000 |      36.47182 |      35.93133 |    4460.57080 |    4457.03320 |      -0.27121 |    4460.20215 |      36.50000 |      36.00000 | 
     53.52460 |      41.14041 |       0.01868 |       0.01010 |       0.01356 |       1.00000 |       1.00000 |      36.47179 |      35.93138 |    4458.25537 |    4454.71436 |      -0.26762 |    4457.88721 |      36.50000 |      36.00000 | 
     56.87317 |      90.20386 |       0.01758 |       0.01010 |       0.01356 |       1.00000 |       1.00000 |      36.47177 |      35.93142 |    4456.35547 |    4452.81201 |      -0.26466 |    4455.98682 |      36.50000 |      36.00000 | 
     53.31855 |      39.13129 |       0.01876 |       0.01010 |       0.01356 |       1.00000 |       1.00000 |      36.47174 |      35.93147 |    4453.73926 |    4450.19189 |      -0.26057 |    4453.37109 |      36.50000 |      36.00000 | 
     56.72119 |      98.86308 |       0.01763 |       0.01010 |       0.01356 |       1.00000 |       1.00000 |      36.47172 |      35.93151 |    4451.82227 |    4448.27148 |      -0.25756 |    4451.45410 |      36.50000 |      36.00000 | 
     53.24482 |      39.57418 |       0.01878 |       0.01010 |       0.01356 |       1.00000 |       1.00000 |      36.47169 |      35.93157 |    4449.20703 |    4445.65234 |      -0.25344 |    4448.83887 |      36.50000 |      36.00000 | 
     55.81098 |      88.84940 |       0.01792 |       0.01010 |       0.01356 |       1.00000 |       1.00000 |      36.47167 |      35.93161 |    4447.19141 |    4443.63330 |      -0.25025 |    4446.82324 |      36.50000 |      36.00000 | 
     53.42827 |      39.78199 |       0.01872 |       0.01010 |       0.01356 |       1.00000 |       1.00000 |      36.47165 |      35.93166 |    4444.67529 |    4441.11328 |      -0.24626 |    4444.30713 |      36.50000 |      36.00000 | 
     57.37484 |      99.68102 |       0.01743 |       0.01010 |       0.01356 |       1.00000 |       1.00000 |      36.47163 |      35.93170 |    4442.83350 |    4439.26855 |      -0.24333 |    4442.46533 |      36.50000 |      36.00000 | 
     55.12749 |      41.34965 |       0.01814 |       0.01010 |       0.01356 |       1.00000 |       1.00000 |      36.47160 |      35.93175 |    4440.41113 |    4436.84229 |      -0.23946 |    4440.04248 |      36.50000 |      36.00000 | 
     58.73581 |      99.21619 |       0.01703 |       0.01010 |       0.01356 |       1.00000 |       1.00000 |      36.47158 |      35.93179 |    4438.57959 |    4435.00781 |      -0.23652 |    4438.21094 |      36.50000 |      36.00000 | 
     55.05555 |      40.52356 |       0.01816 |       0.01010 |       0.01356 |       1.00000 |       1.00000 |      36.47156 |      35.93184 |    4436.04297 |    4432.46680 |      -0.23244 |    4435.67432 |      36.50000 |      36.00000 | 
     55.51994 |      22.20742 |       0.01801 |       0.01010 |       0.01356 |       1.00000 |       1.00000 |      36.47153 |      35.93190 |    4433.33838 |    4429.75781 |      -0.22808 |    4432.97021 |      36.50000 |      36.00000 | 
     59.24303 |     113.28877 |       0.01688 |       0.01010 |       0.01356 |       1.00000 |       1.00000 |      36.47151 |      35.93194 |    4431.52246 |    4427.93945 |      -0.22514 |    4431.15430 |      36.50000 |      36.00000 | 
     55.67756 |      39.75195 |       0.01796 |       0.01010 |       0.01356 |       1.00000 |       1.00000 |      36.47148 |      35.93199 |    4429.02686 |    4425.43945 |      -0.22108 |    4428.65820 |      36.50000 |      36.00000 | 
     59.60564 |     114.60004 |       0.01678 |       0.01010 |       0.01356 |       1.00000 |       1.00000 |      36.47146 |      35.93203 |    4427.24170 |    4423.65137 |      -0.21817 |    4426.87354 |      36.50000 |      36.00000 | 
     55.90580 |      40.93663 |       0.01789 |       0.01010 |       0.01356 |       1.00000 |       1.00000 |      36.47144 |      35.93208 |    4424.74365 |    4421.14990 |      -0.21408 |    4424.37549 |      36.50000 |      36.00000 | 
     60.01559 |     113.94713 |       0.01666 |       0.01010 |       0.01356 |       1.00000 |       1.00000 |      36.47142 |      35.93212 |    4422.98242 |    4419.38525 |      -0.21119 |    4422.61768 |      36.50000 |      36.00000 | 
     61.88312 |     101.09179 |       0.01616 |       0.01010 |       0.01356 |       1.00000 |       1.00000 |      36.47140 |      35.93216 |    4421.02197 |    4417.42139 |      -0.20796 |    4420.65723 |      36.50000 |      36.00000 | 
     56.11689 |      41.44734 |       0.01782 |       0.01010 |       0.01356 |       1.00000 |       1.00000 |      36.47136 |      35.93223 |    4417.81934 |    4414.21338 |      -0.20266 |    4417.45459 |      36.50000 |      36.00000 | 
     62.38247 |     100.71508 |       0.01603 |       0.00954 |       0.01328 |       1.00000 |       1.00000 |      36.47134 |      35.93227 |    4415.54492 |    4411.93555 |      -0.19889 |    4415.18018 |      36.50000 |      36.00000 | 
     56.96485 |      69.55554 |       0.01755 |       0.00954 |       0.01328 |       1.00000 |       1.00000 |      36.47131 |      35.93234 |    4412.29346 |    4408.67822 |      -0.19347 |    4411.92822 |      36.50000 |      36.00000 | 
     56.77619 |      74.28869 |       0.01761 |       0.00954 |       0.01328 |       1.00000 |       1.00000 |      36.47128 |      35.93240 |    4409.75830 |    4406.13867 |      -0.18922 |    4409.39355 |      36.50000 |      36.00000 | 
     53.60531 |      40.95172 |       0.01865 |       0.00954 |       0.01328 |       1.00000 |       1.00000 |      36.47125 |      35.93246 |    4406.84912 |    4403.22461 |      -0.18433 |    4406.48438 |      36.50000 |      36.00000 | 
     56.47254 |      95.00285 |       0.01771 |       0.00954 |       0.01328 |       1.00000 |       1.00000 |      36.47123 |      35.93250 |    4404.87891 |    4401.25146 |      -0.18101 |    4404.51416 |      36.50000 |      36.00000 | 
     53.58774 |      39.36078 |       0.01866 |       0.00954 |       0.01328 |       1.00000 |       1.00000 |      36.47120 |      35.93255 |    4402.33057 |    4398.69873 |      -0.17669 |    4401.96582 |      36.50000 |      36.00000 | 
     56.80744 |      96.42271 |       0.01760 |       0.00954 |       0.01328 |       1.00000 |       1.00000 |      36.47118 |      35.93259 |    4400.40869 |    4396.77393 |      -0.17343 |    4400.04395 |      36.50000 |      36.00000 | 
     53.94143 |      38.87118 |       0.01854 |       0.00954 |       0.01328 |       1.00000 |       1.00000 |      36.47115 |      35.93264 |    4397.88623 |    4394.24707 |      -0.16913 |    4397.52148 |      36.50000 |      36.00000 | 
     54.07919 |      39.18342 |       0.01849 |       0.00954 |       0.01328 |       1.00000 |       1.00000 |      36.47114 |      35.93267 |    4396.41553 |    4392.77393 |      -0.16662 |    4396.05078 |      36.50000 |      36.00000 | 
     56.85996 |      95.01188 |       0.01759 |       0.00954 |       0.01328 |       1.00000 |       1.00000 |      36.47112 |      35.93272 |    4394.45215 |    4390.80713 |      -0.16325 |    4394.08691 |      36.50000 |      36.00000 | 
     54.47161 |      40.59595 |       0.01836 |       0.00954 |       0.01328 |       1.00000 |       1.00000 |      36.47109 |      35.93277 |    4391.98975 |    4388.34033 |      -0.15902 |    4391.62451 |      36.50000 |      36.00000 | 
     58.04601 |     101.23507 |       0.01723 |       0.00954 |       0.01328 |       1.00000 |       1.00000 |      36.47107 |      35.93281 |    4390.13672 |    4386.48438 |      -0.15582 |    4389.77197 |      36.50000 |      36.00000 | 
     54.68917 |      40.76308 |       0.01829 |       0.00954 |       0.01328 |       1.00000 |       1.00000 |      36.47104 |      35.93286 |    4387.60742 |    4383.95068 |      -0.15145 |    4387.24268 |      36.50000 |      36.00000 | 
     56.24426 |      74.23354 |       0.01778 |       0.00954 |       0.01328 |       1.00000 |       1.00000 |      36.47102 |      35.93290 |    4385.52686 |    4381.86670 |      -0.14783 |    4385.16211 |      36.50000 |      36.00000 | 
     55.52824 |      28.47786 |       0.01801 |       0.00954 |       0.01328 |       1.00000 |       1.00000 |      36.47099 |      35.93296 |    4382.96533 |    4379.30029 |      -0.14337 |    4382.60059 |      36.50000 |      36.00000 | 
     54.93267 |      41.99916 |       0.01820 |       0.00954 |       0.01328 |       1.00000 |       1.00000 |      36.47097 |      35.93301 |    4380.68018 |    4377.01123 |      -0.13938 |    4380.31543 |      36.50000 |      36.00000 | 
     58.27301 |      95.90486 |       0.01716 |       0.00954 |       0.01328 |       1.00000 |       1.00000 |      36.47095 |      35.93304 |    4378.81396 |    4375.14160 |      -0.13611 |    4378.44922 |      36.50000 |      36.00000 | 
     61.70894 |     101.75010 |       0.01621 |       0.00954 |       0.01328 |       1.00000 |       1.00000 |      36.47092 |      35.93310 |    4376.22070 |    4372.54395 |      -0.13155 |    4375.85596 |      36.50000 |      36.00000 | 
     55.75752 |      39.00917 |       0.01793 |       0.00954 |       0.01328 |       1.00000 |       1.00000 |      36.47089 |      35.93317 |    4372.93555 |    4369.25293 |      -0.12575 |    4372.57031 |      36.50000 |      36.00000 | 
     58.34847 |      96.77731 |       0.01714 |       0.01096 |       0.01293 |       1.00000 |       1.00000 |      36.47087 |      35.93321 |    4371.00586 |    4367.31982 |      -0.12233 |    4370.64111 |      36.50000 |      36.00000 | 
     55.34983 |      39.75195 |       0.01807 |       0.01096 |       0.01293 |       1.00000 |       1.00000 |      36.47084 |      35.93326 |    4368.54004 |    4364.84961 |      -0.11794 |    4368.17529 |      36.50000 |      36.00000 | 
     59.12801 |     105.95465 |       0.01691 |       0.01096 |       0.01293 |       1.00000 |       1.00000 |      36.47083 |      35.93330 |    4366.73389 |    4363.04004 |      -0.11472 |    4366.36914 |      36.50000 |      36.00000 | 
     55.83714 |      39.63064 |       0.01791 |       0.01096 |       0.01293 |       1.00000 |       1.00000 |      36.47080 |      35.93335 |    4364.26953 |    4360.57227 |      -0.11075 |    4363.90479 |      36.50000 |      36.00000 | 
     59.83294 |     110.98779 |       0.01671 |       0.01096 |       0.01293 |       1.00000 |       1.00000 |      36.47078 |      35.93339 |    4362.49756 |    4358.80029 |      -0.11147 |    4362.13281 |      36.50000 |      36.00000 | 
     56.23726 |      39.48199 |       0.01778 |       0.01096 |       0.01293 |       1.00000 |       1.00000 |      36.47075 |      35.93344 |    4360.03125 |    4356.33545 |      -0.11246 |    4359.66650 |      36.50000 |      36.00000 | 
     59.11816 |      95.03896 |       0.01692 |       0.01096 |       0.01293 |       1.00000 |       1.00000 |      36.47073 |      35.93348 |    4358.16162 |    4354.46680 |      -0.11320 |    4357.79688 |      36.50000 |      36.00000 | 
     54.90574 |      39.05640 |       0.01821 |       0.01096 |       0.01293 |       1.00000 |       1.00000 |      36.47071 |      35.93353 |    4355.58154 |    4351.88770 |      -0.11420 |    4355.21680 |      36.50000 |      36.00000 | 
     56.72021 |      79.05138 |       0.01763 |       0.01096 |       0.01293 |       1.00000 |       1.00000 |      36.47068 |      35.93357 |    4353.54395 |    4349.85010 |      -0.11498 |    4353.17871 |      36.50000 |      36.00000 | 
     54.02620 |      25.26848 |       0.01851 |       0.01096 |       0.01293 |       1.00000 |       1.00000 |      36.47066 |      35.93362 |    4351.36133 |    4347.66895 |      -0.11581 |    4350.99658 |      36.50000 |      36.00000 | 
     57.70947 |      92.51550 |       0.01733 |       0.01096 |       0.01293 |       1.00000 |       1.00000 |      36.47064 |      35.93366 |    4349.44580 |    4345.75439 |      -0.11652 |    4349.08105 |      36.50000 |      36.00000 | 
     53.66089 |      39.23107 |       0.01864 |       0.01096 |       0.01293 |       1.00000 |       1.00000 |      36.47061 |      35.93373 |    4346.26807 |    4342.57764 |      -0.11769 |    4345.90332 |      36.50000 |      36.00000 | 
     53.86884 |      37.95787 |       0.01856 |       0.01096 |       0.01293 |       1.00000 |       1.00000 |      36.47059 |      35.93376 |    4344.80273 |    4341.11279 |      -0.11822 |    4344.43945 |      36.50000 |      36.00000 | 
     51.72596 |      32.68722 |       0.01933 |       0.01096 |       0.01293 |       1.00000 |       1.00000 |      36.47057 |      35.93380 |    4343.05127 |    4339.36230 |      -0.11884 |    4342.68848 |      36.50000 |      36.00000 | 
     54.70653 |      90.12257 |       0.01828 |       0.01096 |       0.01293 |       1.00000 |       1.00000 |      36.47055 |      35.93384 |    4341.03564 |    4337.34717 |      -0.11955 |    4340.67236 |      36.50000 |      36.00000 | 
     52.70166 |      40.79135 |       0.01897 |       0.01096 |       0.01293 |       1.00000 |       1.00000 |      36.47052 |      35.93389 |    4338.51025 |    4334.82227 |      -0.12042 |    4338.14697 |      36.50000 |      36.00000 | 
     56.40009 |      99.20635 |       0.01773 |       0.01096 |       0.01293 |       1.00000 |       1.00000 |      36.47050 |      35.93393 |    4336.62549 |    4332.93799 |      -0.12107 |    4336.26221 |      36.50000 |      36.00000 | 
     53.55714 |      38.91051 |       0.01867 |       0.01096 |       0.01293 |       1.00000 |       1.00000 |      36.47048 |      35.93398 |    4334.07861 |    4330.39209 |      -0.12192 |    4333.71582 |      36.50000 |      36.00000 | 
     57.14874 |      99.37395 |       0.01750 |       0.01096 |       0.01293 |       1.00000 |       1.00000 |      36.47046 |      35.93402 |    4332.20557 |    4328.51953 |      -0.12254 |    4331.84229 |      36.50000 |      36.00000 | 
     60.57199 |     102.97601 |       0.01651 |       0.01096 |       0.01293 |       1.00000 |       1.00000 |      36.47044 |      35.93406 |    4330.32373 |    4326.63867 |      -0.12315 |    4329.96094 |      36.50000 |      36.00000 | 
     51.85043 |      35.58972 |       0.01929 |       0.01020 |       0.01496 |       1.00000 |       1.00000 |      36.47039 |      35.93415 |    4326.24170 |    4322.55762 |      -0.12444 |    4325.87842 |      36.50000 |      36.00000 | 
     52.37970 |      40.64215 |       0.01909 |       0.01020 |       0.01496 |       1.00000 |       1.00000 |      36.47037 |      35.93419 |    4323.95020 |    4320.26709 |      -0.12515 |    4323.58691 |      36.50000 |      36.00000 | 
     52.35187 |      38.70568 |       0.01910 |       0.01020 |       0.01496 |       1.00000 |       1.00000 |      36.47036 |      35.93423 |    4322.41064 |    4318.72852 |      -0.12562 |    4322.04785 |      36.50000 |      36.00000 | 
     52.76184 |      23.42359 |       0.01895 |       0.01020 |       0.01496 |       1.00000 |       1.00000 |      36.47033 |      35.93428 |    4319.67578 |    4315.99365 |      -0.12643 |    4319.31250 |      36.50000 |      36.00000 | 
     53.76834 |      29.11039 |       0.01860 |       0.01020 |       0.01496 |       1.00000 |       1.00000 |      36.47030 |      35.93434 |    4317.17969 |    4313.49854 |      -0.12716 |    4316.81641 |      36.50000 |      36.00000 | 
     52.82451 |      40.96178 |       0.01893 |       0.01020 |       0.01496 |       1.00000 |       1.00000 |      36.47028 |      35.93439 |    4314.76660 |    4311.08594 |      -0.12785 |    4314.40332 |      36.50000 |      36.00000 | 
     53.14327 |      39.10221 |       0.01882 |       0.01020 |       0.01496 |       1.00000 |       1.00000 |      36.47026 |      35.93442 |    4313.28613 |    4309.60596 |      -0.12827 |    4312.92334 |      36.50000 |      36.00000 | 
     53.94906 |      24.39619 |       0.01854 |       0.01020 |       0.01496 |       1.00000 |       1.00000 |      36.47023 |      35.93447 |    4310.63574 |    4306.95605 |      -0.12900 |    4310.27246 |      36.50000 |      36.00000 | 
     56.94164 |      94.59843 |       0.01756 |       0.01020 |       0.01496 |       1.00000 |       1.00000 |      36.47021 |      35.93451 |    4308.70312 |    4305.02441 |      -0.12952 |    4308.33984 |      36.50000 |      36.00000 | 
     53.63341 |      41.16582 |       0.01865 |       0.01020 |       0.01496 |       1.00000 |       1.00000 |      36.47018 |      35.93457 |    4306.11719 |    4302.43896 |      -0.13020 |    4305.75391 |      36.50000 |      36.00000 | 
     56.56491 |      90.21200 |       0.01768 |       0.01020 |       0.01496 |       1.00000 |       1.00000 |      36.47016 |      35.93461 |    4304.17139 |    4300.49365 |      -0.13071 |    4303.80811 |      36.50000 |      36.00000 | 
     54.51782 |      40.16548 |       0.01834 |       0.01020 |       0.01496 |       1.00000 |       1.00000 |      36.47014 |      35.93466 |    4301.73682 |    4298.05957 |      -0.13132 |    4301.37354 |      36.50000 |      36.00000 | 
     58.59291 |     108.87316 |       0.01707 |       0.01020 |       0.01496 |       1.00000 |       1.00000 |      36.47012 |      35.93470 |    4299.94189 |    4296.26562 |      -0.13177 |    4299.57861 |      36.50000 |      36.00000 | 
     60.45537 |      87.02463 |       0.01654 |       0.01020 |       0.01496 |       1.00000 |       1.00000 |      36.47010 |      35.93474 |    4297.95264 |    4294.27686 |      -0.13225 |    4297.58936 |      36.50000 |      36.00000 | 
     56.15769 |      39.31590 |       0.01781 |       0.01020 |       0.01496 |       1.00000 |       1.00000 |      36.47007 |      35.93480 |    4294.98779 |    4291.31250 |      -0.13295 |    4294.62451 |      36.50000 |      36.00000 | 
     59.75555 |     110.95085 |       0.01673 |       0.01020 |       0.01496 |       1.00000 |       1.00000 |      36.47005 |      35.93484 |    4293.16260 |    4289.48779 |      -0.13337 |    4292.79980 |      36.50000 |      36.00000 | 
     56.22276 |      40.80467 |       0.01779 |       0.01020 |       0.01496 |       1.00000 |       1.00000 |      36.47002 |      35.93489 |    4290.69824 |    4287.02393 |      -0.13393 |    4290.33496 |      36.50000 |      36.00000 | 
     61.90105 |      91.49131 |       0.01615 |       0.01020 |       0.01496 |       1.00000 |       1.00000 |      36.47001 |      35.93491 |    4289.80518 |    4286.13135 |      -0.13412 |    4289.44238 |      36.50000 |      36.00000 | 
     55.64353 |      94.48224 |       0.01797 |       0.01020 |       0.01496 |       1.00000 |       1.00000 |      36.46997 |      35.93499 |    4286.13428 |    4282.46094 |      -0.13491 |    4285.77100 |      36.50000 |      36.00000 | 
     58.36553 |      89.60574 |       0.01713 |       0.01074 |       0.01345 |       1.00000 |       1.00000 |      36.46995 |      35.93503 |    4284.15625 |    4280.48389 |      -0.13532 |    4283.79346 |      36.50000 |      36.00000 | 
     54.86991 |      41.08126 |       0.01822 |       0.01074 |       0.01345 |       1.00000 |       1.00000 |      36.46992 |      35.93509 |    4281.23438 |    4277.56152 |      -0.13591 |    4280.87109 |      36.50000 |      36.00000 | 
     55.28908 |      22.95526 |       0.01809 |       0.01074 |       0.01345 |       1.00000 |       1.00000 |      36.46989 |      35.93515 |    4278.54883 |    4274.87695 |      -0.13643 |    4278.18555 |      36.50000 |      36.00000 | 
     59.20475 |     112.80316 |       0.01689 |       0.01074 |       0.01345 |       1.00000 |       1.00000 |      36.46988 |      35.93518 |    4276.74951 |    4273.07861 |      -0.13677 |    4276.38672 |      36.50000 |      36.00000 | 
     62.05014 |     104.50413 |       0.01612 |       0.01074 |       0.01345 |       1.00000 |       1.00000 |      36.46985 |      35.93522 |    4274.86475 |    4271.19385 |      -0.13712 |    4274.50195 |      36.50000 |      36.00000 | 
     58.67192 |     107.59630 |       0.01704 |       0.01074 |       0.01345 |       1.00000 |       1.00000 |      36.46982 |      35.93529 |    4271.78369 |    4268.11328 |      -0.13767 |    4271.42041 |      36.50000 |      36.00000 | 
     58.01870 |     109.13456 |       0.01724 |       0.01074 |       0.01345 |       1.00000 |       1.00000 |      36.46980 |      35.93533 |    4269.50830 |    4265.83789 |      -0.13806 |    4269.14697 |      36.50000 |      36.00000 | 
     54.53563 |      39.34994 |       0.01834 |       0.01074 |       0.01345 |       1.00000 |       1.00000 |      36.46977 |      35.93539 |    4266.96680 |    4263.29688 |      -0.13848 |    4266.60547 |      36.50000 |      36.00000 | 
     54.37618 |      23.43237 |       0.01839 |       0.01074 |       0.01345 |       1.00000 |       1.00000 |      36.46974 |      35.93544 |    4264.24121 |    4260.57129 |      -0.13891 |    4263.87939 |      36.50000 |      36.00000 | 
     56.63326 |      90.94216 |       0.01766 |       0.01074 |       0.01345 |       1.00000 |       1.00000 |      36.46972 |      35.93549 |    4262.22949 |    4258.56055 |      -0.13922 |    4261.86816 |      36.50000 |      36.00000 | 
     53.59506 |      39.31900 |       0.01866 |       0.01074 |       0.01345 |       1.00000 |       1.00000 |      36.46969 |      35.93554 |    4259.67188 |    4256.00293 |      -0.13959 |    4259.31055 |      36.50000 |      36.00000 | 
     56.62601 |      96.28345 |       0.01766 |       0.01074 |       0.01345 |       1.00000 |       1.00000 |      36.46967 |      35.93558 |    4257.72119 |    4254.05273 |      -0.13987 |    4257.35986 |      36.50000 |      36.00000 | 
     53.83606 |      40.92825 |       0.01857 |       0.01074 |       0.01345 |       1.00000 |       1.00000 |      36.46965 |      35.93563 |    4255.18896 |    4251.52100 |      -0.14021 |    4254.82764 |      36.50000 |      36.00000 | 
     56.57553 |      96.73051 |       0.01768 |       0.01074 |       0.01345 |       1.00000 |       1.00000 |      36.46962 |      35.93568 |    4253.20850 |    4249.54053 |      -0.14047 |    4252.84717 |      36.50000 |      36.00000 | 
     53.69020 |      38.27751 |       0.01863 |       0.01074 |       0.01345 |       1.00000 |       1.00000 |      36.46960 |      35.93573 |    4250.67334 |    4247.00586 |      -0.14078 |    4250.31152 |      36.50000 |      36.00000 | 
     53.52190 |      39.87082 |       0.01868 |       0.01074 |       0.01345 |       1.00000 |       1.00000 |      36.46958 |      35.93576 |    4249.15186 |    4245.48438 |      -0.14097 |    4248.79053 |      36.50000 |      36.00000 | 
     59.07191 |      78.36990 |       0.01693 |       0.01074 |       0.01345 |       1.00000 |       1.00000 |      36.46956 |      35.93581 |    4246.70898 |    4243.04199 |      -0.14124 |    4246.34766 |      36.50000 |      36.00000 | 
     59.60714 |      87.55034 |       0.01678 |       0.01074 |       0.01345 |       1.00000 |       1.00000 |      36.46953 |      35.93586 |    4244.27295 |    4240.60596 |      -0.14151 |    4243.91162 |      36.50000 |      36.00000 | 
     57.10717 |      94.69697 |       0.01751 |       0.01074 |       0.01345 |       1.00000 |       1.00000 |      36.46950 |      35.93592 |    4241.40869 |    4237.74219 |      -0.14179 |    4241.04736 |      36.50000 |      36.00000 | 
     54.88232 |      41.02901 |       0.01822 |       0.01065 |       0.01344 |       1.00000 |       1.00000 |      36.46947 |      35.93597 |    4238.97168 |    4235.30566 |      -0.14202 |    4238.61035 |      36.50000 |      36.00000 | 
     57.78873 |      89.91997 |       0.01730 |       0.01065 |       0.01344 |       1.00000 |       1.00000 |      36.46946 |      35.93601 |    4237.05029 |    4233.38428 |      -0.14219 |    4236.68896 |      36.50000 |      36.00000 | 
     55.24416 |      41.28308 |       0.01810 |       0.01065 |       0.01344 |       1.00000 |       1.00000 |      36.46943 |      35.93607 |    4234.60156 |    4230.93604 |      -0.14240 |    4234.24023 |      36.50000 |      36.00000 | 
     58.93900 |     101.56409 |       0.01697 |       0.01065 |       0.01344 |       1.00000 |       1.00000 |      36.46941 |      35.93610 |    4232.77246 |    4229.10693 |      -0.14254 |    4232.41113 |      36.50000 |      36.00000 | 
     55.22971 |      39.45084 |       0.01811 |       0.01065 |       0.01344 |       1.00000 |       1.00000 |      36.46938 |      35.93615 |    4230.23486 |    4226.56934 |      -0.14272 |    4229.87354 |      36.50000 |      36.00000 | 
     60.23520 |      78.03964 |       0.01660 |       0.01065 |       0.01344 |       1.00000 |       1.00000 |      36.46937 |      35.93618 |    4229.27246 |    4225.60742 |      -0.14278 |    4228.91113 |      36.50000 |      36.00000 | 
     56.21041 |     107.06638 |       0.01779 |       0.01065 |       0.01344 |       1.00000 |       1.00000 |      36.46934 |      35.93624 |    4225.91357 |    4222.24854 |      -0.14299 |    4225.55225 |      36.50000 |      36.00000 | 
     58.74820 |     101.41988 |       0.01702 |       0.01065 |       0.01344 |       1.00000 |       1.00000 |      36.46932 |      35.93629 |    4223.90234 |    4220.23730 |      -0.14310 |    4223.54102 |      36.50000 |      36.00000 | 
     56.86813 |     113.79153 |       0.01758 |       0.01065 |       0.01344 |       1.00000 |       1.00000 |      36.46928 |      35.93635 |    4220.92578 |    4217.26074 |      -0.14324 |    4220.56445 |      36.50000 |      36.00000 | 
     53.56400 |      35.75003 |       0.01867 |       0.01065 |       0.01344 |       1.00000 |       1.00000 |      36.46926 |      35.93640 |    4218.35156 |    4214.68604 |      -0.14334 |    4217.98975 |      36.50000 |      36.00000 | 
     53.41843 |      37.20792 |       0.01872 |       0.01065 |       0.01344 |       1.00000 |       1.00000 |      36.46923 |      35.93645 |    4216.05518 |    4212.39014 |      -0.14342 |    4215.69385 |      36.50000 |      36.00000 | 
     56.24397 |      90.27715 |       0.01778 |       0.01065 |       0.01344 |       1.00000 |       1.00000 |      36.46921 |      35.93649 |    4214.07861 |    4210.41357 |      -0.14347 |    4213.71729 |      36.50000 |      36.00000 | 
     53.27826 |      39.07777 |       0.01877 |       0.01065 |       0.01344 |       1.00000 |       1.00000 |      36.46918 |      35.93654 |    4211.49658 |    4207.83154 |      -0.14353 |    4211.13525 |      36.50000 |      36.00000 | 
     53.23393 |      38.86212 |       0.01879 |       0.01065 |       0.01344 |       1.00000 |       1.00000 |      36.46917 |      35.93658 |    4209.97559 |    4206.31055 |      -0.14355 |    4209.61426 |      36.50000 |      36.00000 | 
     56.17840 |      85.48470 |       0.01780 |       0.01065 |       0.01344 |       1.00000 |       1.00000 |      36.46915 |      35.93661 |    4208.00928 |    4204.34473 |      -0.14358 |    4207.64795 |      36.50000 |      36.00000 | 
     53.62214 |      37.29256 |       0.01865 |       0.01065 |       0.01344 |       1.00000 |       1.00000 |      36.46912 |      35.93667 |    4205.49414 |    4201.82959 |      -0.14359 |    4205.13281 |      36.50000 |      36.00000 | 
     53.29614 |      36.55371 |       0.01876 |       0.01065 |       0.01344 |       1.00000 |       1.00000 |      36.46910 |      35.93670 |    4203.95605 |    4200.29150 |      -0.14359 |    4203.59473 |      36.50000 |      36.00000 | 
     56.97719 |     113.68804 |       0.01755 |       0.01065 |       0.01344 |       1.00000 |       1.00000 |      36.46909 |      35.93674 |    4202.06738 |    4198.40283 |      -0.14358 |    4201.70605 |      36.50000 |      36.00000 | 
     53.90081 |      38.17085 |       0.01855 |       0.01065 |       0.01344 |       1.00000 |       1.00000 |      36.46906 |      35.93679 |    4199.50586 |    4195.84082 |      -0.14355 |    4199.14453 |      36.50000 |      36.00000 | 
     57.42026 |     105.19672 |       0.01742 |       0.01065 |       0.01344 |       1.00000 |       1.00000 |      36.46904 |      35.93683 |    4197.62402 |    4193.95898 |      -0.14351 |    4197.26270 |      36.50000 |      36.00000 | 
     53.35006 |      38.67126 |       0.01874 |       0.00989 |       0.01433 |       1.00000 |       1.00000 |      36.46901 |      35.93689 |    4194.95166 |    4191.28711 |      -0.14345 |    4194.59033 |      36.50000 |      36.00000 | 
     53.27607 |      36.59251 |       0.01877 |       0.00989 |       0.01433 |       1.00000 |       1.00000 |      36.46899 |      35.93692 |    4193.43652 |    4189.77197 |      -0.14340 |    4193.07715 |      36.50000 |      36.00000 | 
     57.02728 |     110.59500 |       0.01754 |       0.00989 |       0.01433 |       1.00000 |       1.00000 |      36.46898 |      35.93695 |    4191.55908 |    4187.89404 |      -0.14334 |    4191.19922 |      36.50000 |      36.00000 | 
     52.97155 |      35.91825 |       0.01888 |       0.00989 |       0.01433 |       1.00000 |       1.00000 |      36.46894 |      35.93701 |    4188.87207 |    4185.20703 |      -0.14323 |    4188.51221 |      36.50000 |      36.00000 | 
     56.69416 |     105.31859 |       0.01764 |       0.00989 |       0.01433 |       1.00000 |       1.00000 |      36.46893 |      35.93705 |    4186.98340 |    4183.31836 |      -0.14313 |    4186.62402 |      36.50000 |      36.00000 | 
     57.74023 |      67.29928 |       0.01732 |       0.00989 |       0.01433 |       1.00000 |       1.00000 |      36.46890 |      35.93709 |    4184.84277 |    4181.17725 |      -0.14302 |    4184.48291 |      36.50000 |      36.00000 | 
     53.98814 |      38.28484 |       0.01852 |       0.00989 |       0.01433 |       1.00000 |       1.00000 |      36.46887 |      35.93715 |    4181.89746 |    4178.23193 |      -0.14284 |    4181.53809 |      36.50000 |      36.00000 | 
     57.84032 |      70.49203 |       0.01729 |       0.00989 |       0.01433 |       1.00000 |       1.00000 |      36.46886 |      35.93718 |    4180.79980 |    4177.13379 |      -0.14277 |    4180.43994 |      36.50000 |      36.00000 | 
     54.15632 |      75.72316 |       0.01847 |       0.00989 |       0.01433 |       1.00000 |       1.00000 |      36.46882 |      35.93724 |    4177.61426 |    4173.94824 |      -0.14253 |    4177.25488 |      36.50000 |      36.00000 | 
     53.28480 |      28.42120 |       0.01877 |       0.00989 |       0.01433 |       1.00000 |       1.00000 |      36.46880 |      35.93728 |    4175.63281 |    4171.96631 |      -0.14237 |    4175.27295 |      36.50000 |      36.00000 | 
     52.55027 |      40.57783 |       0.01903 |       0.00989 |       0.01433 |       1.00000 |       1.00000 |      36.46878 |      35.93733 |    4173.20605 |    4169.54004 |      -0.14216 |    4172.84668 |      36.50000 |      36.00000 | 
     55.74905 |      95.79462 |       0.01794 |       0.00989 |       0.01433 |       1.00000 |       1.00000 |      36.46875 |      35.93737 |    4171.22705 |    4167.56055 |      -0.14198 |    4170.86719 |      36.50000 |      36.00000 | 
     52.24062 |      37.55445 |       0.01914 |       0.00989 |       0.01433 |       1.00000 |       1.00000 |      36.46872 |      35.93742 |    4168.52637 |    4164.85986 |      -0.14171 |    4168.16650 |      36.50000 |      36.00000 | 
     52.22969 |      38.36562 |       0.01915 |       0.00989 |       0.01433 |       1.00000 |       1.00000 |      36.46871 |      35.93746 |    4166.96777 |    4163.30078 |      -0.14155 |    4166.60840 |      36.50000 |      36.00000 | 
     52.39457 |      39.27113 |       0.01909 |       0.00989 |       0.01433 |       1.00000 |       1.00000 |      36.46869 |      35.93749 |    4165.42969 |    4161.76270 |      -0.14137 |    4165.06982 |      36.50000 |      36.00000 | 
     55.19554 |      90.10632 |       0.01812 |       0.00989 |       0.01433 |       1.00000 |       1.00000 |      36.46867 |      35.93753 |    4163.39404 |    4159.72656 |      -0.14114 |    4163.03418 |      36.50000 |      36.00000 | 
     52.13164 |      37.28283 |       0.01918 |       0.00989 |       0.01433 |       1.00000 |       1.00000 |      36.46864 |      35.93758 |    4160.72314 |    4157.05566 |      -0.14081 |    4160.36377 |      36.50000 |      36.00000 | 
     54.66709 |      94.32182 |       0.01829 |       0.00989 |       0.01433 |       1.00000 |       1.00000 |      36.46862 |      35.93763 |    4158.63574 |    4154.96777 |      -0.14054 |    4158.27588 |      36.50000 |      36.00000 | 
     51.24218 |      41.25412 |       0.01952 |       0.00989 |       0.01433 |       1.00000 |       1.00000 |      36.46859 |      35.93768 |    4155.86328 |    4152.19531 |      -0.14016 |    4155.50391 |      36.50000 |      36.00000 | 
     50.72768 |      39.15120 |       0.01971 |       0.00989 |       0.01433 |       1.00000 |       1.00000 |      36.46857 |      35.93771 |    4154.18896 |    4150.52051 |      -0.13992 |    4153.82910 |      36.50000 |      36.00000 | 
     53.73254 |      90.32608 |       0.01861 |       0.01135 |       0.01468 |       1.00000 |       1.00000 |      36.46854 |      35.93776 |    4152.10986 |    4148.44141 |      -0.13962 |    4151.75049 |      36.50000 |      36.00000 | 
     50.42627 |      38.85004 |       0.01983 |       0.01135 |       0.01468 |       1.00000 |       1.00000 |      36.46851 |      35.93781 |    4149.30029 |    4145.63135 |      -0.13918 |    4148.94043 |      36.50000 |      36.00000 | 
     50.18314 |      35.76538 |       0.01993 |       0.01135 |       0.01468 |       1.00000 |       1.00000 |      36.46849 |      35.93784 |    4147.64795 |    4143.97900 |      -0.13891 |    4147.28809 |      36.50000 |      36.00000 | 
     50.35288 |      36.65286 |       0.01986 |       0.01135 |       0.01468 |       1.00000 |       1.00000 |      36.46848 |      35.93787 |    4146.04492 |    4142.37500 |      -0.13864 |    4145.68506 |      36.50000 |      36.00000 | 
     53.52888 |      93.63296 |       0.01868 |       0.01135 |       0.01468 |       1.00000 |       1.00000 |      36.46845 |      35.93792 |    4143.97949 |    4140.30957 |      -0.13829 |    4143.62012 |      36.50000 |      36.00000 | 
     51.27638 |      39.43529 |       0.01950 |       0.01135 |       0.01468 |       1.00000 |       1.00000 |      36.46842 |      35.93797 |    4141.30859 |    4137.63818 |      -0.13781 |    4140.94873 |      36.50000 |      36.00000 | 
     55.39209 |     106.59844 |       0.01805 |       0.01135 |       0.01468 |       1.00000 |       1.00000 |      36.46840 |      35.93801 |    4139.39502 |    4135.72412 |      -0.13745 |    4139.03564 |      36.50000 |      36.00000 | 
     52.62177 |      37.69602 |       0.01900 |       0.01135 |       0.01468 |       1.00000 |       1.00000 |      36.46837 |      35.93806 |    4136.75586 |    4133.08496 |      -0.13695 |    4136.39648 |      36.50000 |      36.00000 | 
     56.50394 |     103.60547 |       0.01770 |       0.01135 |       0.01468 |       1.00000 |       1.00000 |      36.46835 |      35.93810 |    4134.85303 |    4131.18164 |      -0.13657 |    4134.49316 |      36.50000 |      36.00000 | 
     54.05861 |      40.28035 |       0.01850 |       0.01135 |       0.01468 |       1.00000 |       1.00000 |      36.46832 |      35.93814 |    4132.30762 |    4128.63525 |      -0.13604 |    4131.94775 |      36.50000 |      36.00000 | 
     57.59192 |     104.36234 |       0.01736 |       0.01135 |       0.01468 |       1.00000 |       1.00000 |      36.46830 |      35.93818 |    4130.39453 |    4126.72168 |      -0.13564 |    4130.03516 |      36.50000 |      36.00000 | 
     60.08932 |      95.82215 |       0.01664 |       0.01135 |       0.01468 |       1.00000 |       1.00000 |      36.46828 |      35.93822 |    4128.39209 |    4124.71924 |      -0.13520 |    4128.03271 |      36.50000 |      36.00000 | 
     55.12717 |      40.23659 |       0.01814 |       0.01135 |       0.01468 |       1.00000 |       1.00000 |      36.46824 |      35.93829 |    4125.15869 |    4121.48486 |      -0.13447 |    4124.79883 |      36.50000 |      36.00000 | 
     55.79137 |      21.67035 |       0.01792 |       0.01135 |       0.01468 |       1.00000 |       1.00000 |      36.46821 |      35.93834 |    4122.38623 |    4118.71143 |      -0.13382 |    4122.02637 |      36.50000 |      36.00000 | 
     59.21854 |      85.52126 |       0.01689 |       0.01135 |       0.01468 |       1.00000 |       1.00000 |      36.46819 |      35.93838 |    4120.46289 |    4116.78760 |      -0.13336 |    4120.10498 |      36.50000 |      36.00000 | 
     55.96763 |      40.59265 |       0.01787 |       0.01135 |       0.01468 |       1.00000 |       1.00000 |      36.46815 |      35.93843 |    4117.63574 |    4113.95996 |      -0.13266 |    4117.27783 |      36.50000 |      36.00000 | 
     55.47091 |      39.90105 |       0.01803 |       0.01135 |       0.01468 |       1.00000 |       1.00000 |      36.46814 |      35.93846 |    4116.10693 |    4112.43066 |      -0.13227 |    4115.74902 |      36.50000 |      36.00000 | 
     56.16711 |      29.14517 |       0.01780 |       0.01135 |       0.01468 |       1.00000 |       1.00000 |      36.46811 |      35.93851 |    4113.61621 |    4109.93945 |      -0.13162 |    4113.25830 |      36.50000 |      36.00000 | 
     59.11006 |      97.88567 |       0.01692 |       0.01135 |       0.01468 |       1.00000 |       1.00000 |      36.46809 |      35.93855 |    4111.69336 |    4108.01611 |      -0.13110 |    4111.33545 |      36.50000 |      36.00000 | 
     55.72842 |      40.85802 |       0.01794 |       0.01135 |       0.01468 |       1.00000 |       1.00000 |      36.46806 |      35.93859 |    4109.14941 |    4105.47119 |      -0.13041 |    4108.79150 |      36.50000 |      36.00000 | 
     58.70522 |      95.02090 |       0.01703 |       0.00991 |       0.01358 |       1.00000 |       1.00000 |      36.46803 |      35.93863 |    4107.21533 |    4103.53662 |      -0.12986 |    4106.85742 |      36.50000 |      36.00000 | 
     55.02816 |      39.37783 |       0.01817 |       0.00991 |       0.01358 |       1.00000 |       1.00000 |      36.46800 |      35.93868 |    4104.61670 |    4100.93750 |      -0.12912 |    4104.25879 |      36.50000 |      36.00000 | 
     54.59884 |      38.01848 |       0.01832 |       0.00991 |       0.01358 |       1.00000 |       1.00000 |      36.46798 |      35.93871 |    4103.07080 |    4099.39111 |      -0.12866 |    4102.71289 |      36.50000 |      36.00000 | 
     54.06720 |      40.42527 |       0.01850 |       0.00991 |       0.01358 |       1.00000 |       1.00000 |      36.46797 |      35.93874 |    4101.48779 |    4097.80762 |      -0.12819 |    4101.12988 |      36.50000 |      36.00000 | 
     57.59316 |     104.44955 |       0.01736 |       0.00991 |       0.01358 |       1.00000 |       1.00000 |      36.46795 |      35.93878 |    4099.54590 |    4095.86523 |      -0.12760 |    4099.18799 |      36.50000 |      36.00000 | 
     54.79126 |      40.94501 |       0.01825 |       0.00991 |       0.01358 |       1.00000 |       1.00000 |      36.46791 |      35.93883 |    4096.99561 |    4093.31445 |      -0.12681 |    4096.63770 |      36.50000 |      36.00000 | 
     57.65677 |      88.09020 |       0.01734 |       0.00991 |       0.01358 |       1.00000 |       1.00000 |      36.46789 |      35.93887 |    4095.03003 |    4091.34790 |      -0.12619 |    4094.67212 |      36.50000 |      36.00000 | 
     55.75317 |      23.51613 |       0.01794 |       0.00991 |       0.01358 |       1.00000 |       1.00000 |      36.46786 |      35.93890 |    4092.82251 |    4089.13965 |      -0.12548 |    4092.46460 |      36.50000 |      36.00000 | 
     54.88195 |      38.93778 |       0.01822 |       0.00991 |       0.01358 |       1.00000 |       1.00000 |      36.46783 |      35.93895 |    4090.46216 |    4086.77832 |      -0.12470 |    4090.10425 |      36.50000 |      36.00000 | 
     57.83018 |      96.62769 |       0.01729 |       0.00991 |       0.01358 |       1.00000 |       1.00000 |      36.46781 |      35.93899 |    4088.49951 |    4084.81543 |      -0.12404 |    4088.14185 |      36.50000 |      36.00000 | 
     59.03135 |      87.65778 |       0.01694 |       0.00991 |       0.01358 |       1.00000 |       1.00000 |      36.46778 |      35.93903 |    4086.35229 |    4082.66724 |      -0.12330 |    4085.99463 |      36.50000 |      36.00000 | 
     53.88704 |      41.32232 |       0.01856 |       0.00991 |       0.01358 |       1.00000 |       1.00000 |      36.46775 |      35.93909 |    4083.09082 |    4079.40479 |      -0.12216 |    4082.73315 |      36.50000 |      36.00000 | 
     57.50840 |      62.20453 |       0.01739 |       0.00991 |       0.01358 |       1.00000 |       1.00000 |      36.46772 |      35.93913 |    4081.18652 |    4077.49927 |      -0.12148 |    4080.82861 |      36.50000 |      36.00000 | 
     59.78178 |      63.74299 |       0.01673 |       0.00991 |       0.01358 |       1.00000 |       1.00000 |      36.46770 |      35.93916 |    4079.22998 |    4075.54248 |      -0.12077 |    4078.87207 |      36.50000 |      36.00000 | 
     62.36661 |      66.88068 |       0.01603 |       0.00991 |       0.01358 |       1.00000 |       1.00000 |      36.46768 |      35.93919 |    4077.36401 |    4073.67578 |      -0.12008 |    4077.00610 |      36.50000 |      36.00000 | 
     59.22385 |      32.60409 |       0.01689 |       0.00991 |       0.01358 |       1.00000 |       1.00000 |      36.46766 |      35.93923 |    4075.47485 |    4071.78589 |      -0.11937 |    4075.11694 |      36.50000 |      36.00000 | 
     60.92074 |      93.68559 |       0.01641 |       0.00991 |       0.01358 |       1.00000 |       1.00000 |      36.46763 |      35.93927 |    4073.49097 |    4069.80151 |      -0.11861 |    4073.13306 |      36.50000 |      36.00000 | 
     56.33659 |      39.77092 |       0.01775 |       0.00991 |       0.01358 |       1.00000 |       1.00000 |      36.46760 |      35.93932 |    4070.88843 |    4067.19775 |      -0.11760 |    4070.53052 |      36.50000 |      36.00000 | 
     58.88214 |      97.60859 |       0.01698 |       0.00991 |       0.01358 |       1.00000 |       1.00000 |      36.46758 |      35.93935 |    4068.91431 |    4065.22290 |      -0.11682 |    4068.55640 |      36.50000 |      36.00000 | 
     55.20740 |      41.11673 |       0.01811 |       0.00991 |       0.01358 |       1.00000 |       1.00000 |      36.46754 |      35.93940 |    4066.30688 |    4062.61426 |      -0.11577 |    4065.94897 |      36.50000 |      36.00000 | 
     57.76940 |      93.46668 |       0.01731 |       0.01129 |       0.01366 |       1.00000 |       1.00000 |      36.46752 |      35.93943 |    4064.29907 |    4060.60571 |      -0.11495 |    4063.94141 |      36.50000 |      36.00000 | 
     54.26418 |      38.21461 |       0.01843 |       0.01129 |       0.01366 |       1.00000 |       1.00000 |      36.46749 |      35.93948 |    4061.66479 |    4057.96997 |      -0.11386 |    4061.30688 |      36.50000 |      36.00000 | 
     53.99104 |      38.61302 |       0.01852 |       0.01129 |       0.01366 |       1.00000 |       1.00000 |      36.46747 |      35.93951 |    4060.10645 |    4056.41162 |      -0.11320 |    4059.74878 |      36.50000 |      36.00000 | 
     57.18235 |      98.11617 |       0.01749 |       0.01129 |       0.01366 |       1.00000 |       1.00000 |      36.46744 |      35.93955 |    4058.13232 |    4054.43652 |      -0.11235 |    4057.77441 |      36.50000 |      36.00000 | 
     53.76434 |      38.32299 |       0.01860 |       0.01129 |       0.01366 |       1.00000 |       1.00000 |      36.46741 |      35.93960 |    4055.47949 |    4051.78247 |      -0.11120 |    4055.12158 |      36.50000 |      36.00000 | 
     56.92461 |     100.07005 |       0.01757 |       0.01129 |       0.01366 |       1.00000 |       1.00000 |      36.46738 |      35.93963 |    4053.49927 |    4049.80127 |      -0.11032 |    4053.14478 |      36.50000 |      36.00000 | 
     53.76076 |      38.84853 |       0.01860 |       0.01129 |       0.01366 |       1.00000 |       1.00000 |      36.46735 |      35.93968 |    4050.86060 |    4047.16162 |      -0.10914 |    4050.50610 |      36.50000 |      36.00000 | 
     53.81677 |      39.11598 |       0.01858 |       0.01129 |       0.01366 |       1.00000 |       1.00000 |      36.46733 |      35.93971 |    4049.32812 |    4045.62842 |      -0.10844 |    4048.97388 |      36.50000 |      36.00000 | 
     56.69641 |     100.10010 |       0.01764 |       0.01129 |       0.01366 |       1.00000 |       1.00000 |      36.46731 |      35.93974 |    4047.29346 |    4043.59229 |      -0.10750 |    4046.93921 |      36.50000 |      36.00000 | 
     55.21896 |     100.42177 |       0.01811 |       0.01129 |       0.01366 |       1.00000 |       1.00000 |      36.46727 |      35.93979 |    4044.76001 |    4041.05811 |      -0.10632 |    4044.40552 |      36.50000 |      36.00000 | 
     53.41368 |      40.32909 |       0.01872 |       0.01129 |       0.01366 |       1.00000 |       1.00000 |      36.46724 |      35.93983 |    4042.21826 |    4038.51489 |      -0.10511 |    4041.86401 |      36.50000 |      36.00000 | 
     56.89641 |      95.92326 |       0.01758 |       0.01129 |       0.01366 |       1.00000 |       1.00000 |      36.46722 |      35.93987 |    4040.26685 |    4036.56299 |      -0.10417 |    4039.91260 |      36.50000 |      36.00000 | 
     59.69143 |      94.03799 |       0.01675 |       0.01129 |       0.01366 |       1.00000 |       1.00000 |      36.46719 |      35.93991 |    4038.26782 |    4034.56274 |      -0.10319 |    4037.91357 |      36.50000 |      36.00000 | 
     55.24818 |      40.17839 |       0.01810 |       0.01129 |       0.01366 |       1.00000 |       1.00000 |      36.46715 |      35.93996 |    4035.13452 |    4031.42773 |      -0.10163 |    4034.78003 |      36.50000 |      36.00000 | 
     62.80034 |     104.66821 |       0.01592 |       0.01129 |       0.01366 |       1.00000 |       1.00000 |      36.46713 |      35.93999 |    4033.64307 |    4029.93555 |      -0.10088 |    4033.28857 |      36.50000 |      36.00000 | 
     56.89570 |      39.60710 |       0.01758 |       0.01129 |       0.01366 |       1.00000 |       1.00000 |      36.46709 |      35.94004 |    4030.41626 |    4026.70752 |      -0.09923 |    4030.06201 |      36.50000 |      36.00000 | 
     59.11666 |      80.16675 |       0.01692 |       0.01129 |       0.01366 |       1.00000 |       1.00000 |      36.46706 |      35.94008 |    4028.43433 |    4024.72437 |      -0.09820 |    4028.08008 |      36.50000 |      36.00000 | 
     56.05283 |      37.96507 |       0.01784 |       0.01129 |       0.01366 |       1.00000 |       1.00000 |      36.46703 |      35.94012 |    4025.94263 |    4022.23120 |      -0.09689 |    4025.58813 |      36.50000 |      36.00000 | 
     59.18434 |     108.89687 |       0.01690 |       0.01129 |       0.01366 |       1.00000 |       1.00000 |      36.46701 |      35.94016 |    4024.03027 |    4020.31763 |      -0.09587 |    4023.67603 |      36.50000 |      36.00000 | 
     55.40813 |      37.85728 |       0.01805 |       0.01129 |       0.01366 |       1.00000 |       1.00000 |      36.46697 |      35.94020 |    4021.43921 |    4017.72534 |      -0.09448 |    4021.08496 |      36.50000 |      36.00000 | 
     54.89766 |      39.61180 |       0.01822 |       0.01024 |       0.01417 |       1.00000 |       1.00000 |      36.46695 |      35.94023 |    4019.88354 |    4016.16895 |      -0.09363 |    4019.52905 |      36.50000 |      36.00000 | 
     57.38043 |      96.16309 |       0.01743 |       0.01024 |       0.01417 |       1.00000 |       1.00000 |      36.46693 |      35.94027 |    4017.84985 |    4014.13403 |      -0.09251 |    4017.49561 |      36.50000 |      36.00000 | 
     55.98448 |      95.55662 |       0.01786 |       0.01024 |       0.01417 |       1.00000 |       1.00000 |      36.46689 |      35.94031 |    4015.36646 |    4011.64941 |      -0.09112 |    4015.01196 |      36.50000 |      36.00000 | 
     53.53989 |      38.50449 |       0.01868 |       0.01024 |       0.01417 |       1.00000 |       1.00000 |      36.46686 |      35.94035 |    4012.78345 |    4009.06494 |      -0.08965 |    4012.42896 |      36.50000 |      36.00000 | 
     57.23888 |     104.63535 |       0.01747 |       0.01024 |       0.01417 |       1.00000 |       1.00000 |      36.46684 |      35.94039 |    4010.85938 |    4007.13940 |      -0.08855 |    4010.50488 |      36.50000 |      36.00000 | 
     54.41777 |      38.83948 |       0.01838 |       0.01024 |       0.01417 |       1.00000 |       1.00000 |      36.46680 |      35.94043 |    4008.28809 |    4004.56665 |      -0.08706 |    4007.93359 |      36.50000 |      36.00000 | 
     54.55156 |      37.89458 |       0.01833 |       0.01024 |       0.01417 |       1.00000 |       1.00000 |      36.46678 |      35.94046 |    4006.79321 |    4003.07080 |      -0.08618 |    4006.43872 |      36.50000 |      36.00000 | 
     59.56088 |      87.45846 |       0.01679 |       0.01024 |       0.01417 |       1.00000 |       1.00000 |      36.46677 |      35.94048 |    4005.79272 |    4002.07031 |      -0.08559 |    4005.43848 |      36.50000 |      36.00000 | 
     55.22729 |      98.42519 |       0.01811 |       0.01024 |       0.01417 |       1.00000 |       1.00000 |      36.46672 |      35.94054 |    4002.23706 |    3998.51196 |      -0.08346 |    4001.88257 |      36.50000 |      36.00000 | 
     52.79987 |      39.84540 |       0.01894 |       0.01024 |       0.01417 |       1.00000 |       1.00000 |      36.46668 |      35.94058 |    3999.61304 |    3995.88647 |      -0.08187 |    3999.25879 |      36.50000 |      36.00000 | 
     56.60606 |     104.15582 |       0.01767 |       0.01024 |       0.01417 |       1.00000 |       1.00000 |      36.46666 |      35.94061 |    3997.68481 |    3993.95752 |      -0.08120 |    3997.33032 |      36.50000 |      36.00000 | 
     58.23451 |      77.35149 |       0.01717 |       0.01024 |       0.01417 |       1.00000 |       1.00000 |      36.46663 |      35.94065 |    3995.55615 |    3991.82910 |      -0.08081 |    3995.20190 |      36.50000 |      36.00000 | 
     54.63017 |      98.70694 |       0.01830 |       0.01024 |       0.01417 |       1.00000 |       1.00000 |      36.46658 |      35.94071 |    3992.09717 |    3988.36914 |      -0.08015 |    3991.74292 |      36.50000 |      36.00000 | 
     52.83504 |      40.31445 |       0.01893 |       0.01024 |       0.01417 |       1.00000 |       1.00000 |      36.46655 |      35.94075 |    3989.52930 |    3985.80078 |      -0.07964 |    3989.17480 |      36.50000 |      36.00000 | 
     54.18606 |      25.60819 |       0.01845 |       0.01024 |       0.01417 |       1.00000 |       1.00000 |      36.46651 |      35.94080 |    3986.90405 |    3983.17505 |      -0.07911 |    3986.55151 |      36.50000 |      36.00000 | 
     54.26142 |      43.22455 |       0.01843 |       0.01024 |       0.01417 |       1.00000 |       1.00000 |      36.46648 |      35.94083 |    3984.58325 |    3980.85352 |      -0.07862 |    3984.23071 |      36.50000 |      36.00000 | 
     57.08407 |      81.98065 |       0.01752 |       0.01024 |       0.01417 |       1.00000 |       1.00000 |      36.46645 |      35.94086 |    3982.59497 |    3978.86499 |      -0.07819 |    3982.24243 |      36.50000 |      36.00000 | 
     58.95295 |      93.31841 |       0.01696 |       0.01024 |       0.01417 |       1.00000 |       1.00000 |      36.46642 |      35.94090 |    3980.49780 |    3976.76733 |      -0.07772 |    3980.14502 |      36.50000 |      36.00000 | 
     55.37695 |      41.21332 |       0.01806 |       0.01024 |       0.01417 |       1.00000 |       1.00000 |      36.46638 |      35.94095 |    3977.50073 |    3973.76953 |      -0.07704 |    3977.14819 |      36.50000 |      36.00000 | 
     57.35021 |      74.73842 |       0.01744 |       0.01023 |       0.01303 |       1.00000 |       1.00000 |      36.46635 |      35.94099 |    3975.45679 |    3971.72510 |      -0.07656 |    3975.10400 |      36.50000 |      36.00000 | 
     56.19262 |      27.49216 |       0.01780 |       0.01023 |       0.01303 |       1.00000 |       1.00000 |      36.46632 |      35.94102 |    3973.49561 |    3969.76343 |      -0.07609 |    3973.14307 |      36.50000 |      36.00000 | 
     58.86861 |      97.72305 |       0.01699 |       0.01023 |       0.01303 |       1.00000 |       1.00000 |      36.46630 |      35.94105 |    3971.54272 |    3967.81030 |      -0.07561 |    3971.19019 |      36.50000 |      36.00000 | 
     55.23714 |      39.80733 |       0.01810 |       0.01023 |       0.01303 |       1.00000 |       1.00000 |      36.46626 |      35.94109 |    3968.95654 |    3965.22339 |      -0.07497 |    3968.60400 |      36.50000 |      36.00000 | 
     58.57350 |     101.75010 |       0.01707 |       0.01023 |       0.01303 |       1.00000 |       1.00000 |      36.46623 |      35.94112 |    3967.05029 |    3963.31641 |      -0.07448 |    3966.69751 |      36.50000 |      36.00000 | 
     55.22720 |      39.72353 |       0.01811 |       0.01023 |       0.01303 |       1.00000 |       1.00000 |      36.46620 |      35.94117 |    3964.48828 |    3960.75366 |      -0.07381 |    3964.13550 |      36.50000 |      36.00000 | 
     59.39145 |     114.67890 |       0.01684 |       0.01023 |       0.01303 |       1.00000 |       1.00000 |      36.46617 |      35.94119 |    3962.67188 |    3958.93701 |      -0.07332 |    3962.31934 |      36.50000 |      36.00000 | 
     56.80527 |      40.94166 |       0.01760 |       0.01023 |       0.01303 |       1.00000 |       1.00000 |      36.46614 |      35.94123 |    3960.24585 |    3956.51001 |      -0.07266 |    3959.89331 |      36.50000 |      36.00000 | 
     60.55039 |     112.76500 |       0.01652 |       0.01023 |       0.01303 |       1.00000 |       1.00000 |      36.46611 |      35.94126 |    3958.42505 |    3954.68896 |      -0.07216 |    3958.07251 |      36.50000 |      36.00000 | 
     56.61401 |      37.88022 |       0.01766 |       0.01023 |       0.01303 |       1.00000 |       1.00000 |      36.46607 |      35.94130 |    3955.90479 |    3952.16772 |      -0.07144 |    3955.55200 |      36.50000 |      36.00000 | 
     55.94146 |      41.27626 |       0.01788 |       0.01023 |       0.01303 |       1.00000 |       1.00000 |      36.46604 |      35.94134 |    3953.61060 |    3949.87305 |      -0.07078 |    3953.25781 |      36.50000 |      36.00000 | 
     59.26770 |     102.97601 |       0.01687 |       0.01023 |       0.01303 |       1.00000 |       1.00000 |      36.46601 |      35.94137 |    3951.72510 |    3947.98657 |      -0.07022 |    3951.37231 |      36.50000 |      36.00000 | 
     55.98566 |      42.50797 |       0.01786 |       0.01023 |       0.01303 |       1.00000 |       1.00000 |      36.46598 |      35.94141 |    3949.20605 |    3945.46704 |      -0.06947 |    3948.85327 |      36.50000 |      36.00000 | 
     56.07815 |      26.64535 |       0.01783 |       0.01023 |       0.01303 |       1.00000 |       1.00000 |      36.46594 |      35.94145 |    3946.61646 |    3942.87671 |      -0.06867 |    3946.26392 |      36.50000 |      36.00000 | 
     58.81588 |      94.25071 |       0.01700 |       0.01023 |       0.01303 |       1.00000 |       1.00000 |      36.46591 |      35.94148 |    3944.67383 |    3940.93359 |      -0.06807 |    3944.32129 |      36.50000 |      36.00000 | 
     56.01834 |      39.26496 |       0.01785 |       0.01023 |       0.01303 |       1.00000 |       1.00000 |      36.46587 |      35.94152 |    3942.20996 |    3938.46899 |      -0.06728 |    3941.85742 |      36.50000 |      36.00000 | 
     59.59819 |     105.05305 |       0.01678 |       0.01023 |       0.01303 |       1.00000 |       1.00000 |      36.46585 |      35.94155 |    3940.36304 |    3936.62183 |      -0.06669 |    3940.01050 |      36.50000 |      36.00000 | 
     56.11803 |      38.57132 |       0.01782 |       0.01023 |       0.01303 |       1.00000 |       1.00000 |      36.46581 |      35.94159 |    3937.85278 |    3934.11035 |      -0.06586 |    3937.50024 |      36.50000 |      36.00000 | 
     60.07683 |     112.75228 |       0.01665 |       0.01023 |       0.01303 |       1.00000 |       1.00000 |      36.46579 |      35.94162 |    3936.04395 |    3932.30103 |      -0.06526 |    3935.69141 |      36.50000 |      36.00000 | 
     57.04393 |      40.47600 |       0.01753 |       0.01023 |       0.01303 |       1.00000 |       1.00000 |      36.46575 |      35.94165 |    3933.60693 |    3929.86304 |      -0.06443 |    3933.25415 |      36.50000 |      36.00000 | 
     60.44782 |     110.02310 |       0.01654 |       0.00902 |       0.01305 |       1.00000 |       1.00000 |      36.46572 |      35.94168 |    3931.76587 |    3928.02124 |      -0.06379 |    3931.41333 |      36.50000 |      36.00000 | 
     56.86118 |      41.44047 |       0.01759 |       0.00902 |       0.01305 |       1.00000 |       1.00000 |      36.46568 |      35.94172 |    3929.27490 |    3925.52979 |      -0.06292 |    3928.92407 |      36.50000 |      36.00000 | 
     56.06851 |      38.47486 |       0.01784 |       0.00902 |       0.01305 |       1.00000 |       1.00000 |      36.46566 |      35.94175 |    3927.74927 |    3924.00342 |      -0.06237 |    3927.39844 |      36.50000 |      36.00000 | 
     55.75030 |      24.80651 |       0.01794 |       0.00902 |       0.01305 |       1.00000 |       1.00000 |      36.46562 |      35.94179 |    3925.06445 |    3921.31738 |      -0.06140 |    3924.71362 |      36.50000 |      36.00000 | 
     58.71537 |      97.24789 |       0.01703 |       0.00902 |       0.01305 |       1.00000 |       1.00000 |      36.46559 |      35.94182 |    3923.14478 |    3919.39746 |      -0.06070 |    3922.79370 |      36.50000 |      36.00000 | 
     55.35451 |      39.67467 |       0.01807 |       0.00902 |       0.01305 |       1.00000 |       1.00000 |      36.46555 |      35.94186 |    3920.60522 |    3916.85669 |      -0.05975 |    3920.25439 |      36.50000 |      36.00000 | 
     58.54323 |      92.30201 |       0.01708 |       0.00902 |       0.01305 |       1.00000 |       1.00000 |      36.46553 |      35.94189 |    3918.70581 |    3914.95630 |      -0.05903 |    3918.35498 |      36.50000 |      36.00000 | 
     56.12117 |      41.89359 |       0.01782 |       0.00902 |       0.01305 |       1.00000 |       1.00000 |      36.46549 |      35.94192 |    3916.27368 |    3912.52344 |      -0.05810 |    3915.92285 |      36.50000 |      36.00000 | 
     56.19912 |      40.10910 |       0.01779 |       0.00902 |       0.01305 |       1.00000 |       1.00000 |      36.46547 |      35.94194 |    3914.82837 |    3911.07764 |      -0.05754 |    3914.47754 |      36.50000 |      36.00000 | 
     56.31875 |      25.95650 |       0.01776 |       0.00902 |       0.01305 |       1.00000 |       1.00000 |      36.46543 |      35.94198 |    3912.22925 |    3908.47705 |      -0.05651 |    3911.87842 |      36.50000 |      36.00000 | 
     56.19489 |      27.76698 |       0.01780 |       0.00902 |       0.01305 |       1.00000 |       1.00000 |      36.46539 |      35.94202 |    3909.65991 |    3905.90723 |      -0.05548 |    3909.30908 |      36.50000 |      36.00000 | 
     57.62293 |      78.90169 |       0.01735 |       0.00902 |       0.01305 |       1.00000 |       1.00000 |      36.46535 |      35.94205 |    3907.58545 |    3903.83154 |      -0.05464 |    3907.23462 |      36.50000 |      36.00000 | 
     55.75471 |      30.68520 |       0.01794 |       0.00902 |       0.01305 |       1.00000 |       1.00000 |      36.46532 |      35.94208 |    3905.64111 |    3901.88672 |      -0.05383 |    3905.29028 |      36.50000 |      36.00000 | 
     55.03505 |      39.23569 |       0.01817 |       0.00902 |       0.01305 |       1.00000 |       1.00000 |      36.46530 |      35.94210 |    3904.09131 |    3900.33643 |      -0.05319 |    3903.74048 |      36.50000 |      36.00000 | 
     57.22580 |      88.66821 |       0.01747 |       0.00902 |       0.01305 |       1.00000 |       1.00000 |      36.46527 |      35.94213 |    3902.06348 |    3898.30786 |      -0.05234 |    3901.71265 |      36.50000 |      36.00000 | 
     53.79124 |      39.87241 |       0.01859 |       0.00902 |       0.01305 |       1.00000 |       1.00000 |      36.46523 |      35.94217 |    3899.43799 |    3895.68091 |      -0.05121 |    3899.08716 |      36.50000 |      36.00000 | 
     53.68808 |      38.25701 |       0.01863 |       0.00902 |       0.01305 |       1.00000 |       1.00000 |      36.46521 |      35.94220 |    3897.91113 |    3894.15308 |      -0.05056 |    3897.56006 |      36.50000 |      36.00000 | 
     53.50574 |      38.79427 |       0.01869 |       0.00902 |       0.01305 |       1.00000 |       1.00000 |      36.46518 |      35.94222 |    3896.36841 |    3892.61011 |      -0.04988 |    3896.01758 |      36.50000 |      36.00000 | 
     56.85823 |      59.37185 |       0.01759 |       0.00902 |       0.01305 |       1.00000 |       1.00000 |      36.46515 |      35.94225 |    3894.44922 |    3890.68970 |      -0.04904 |    3894.09839 |      36.50000 |      36.00000 | 
     52.91363 |      41.38388 |       0.01890 |       0.00902 |       0.01305 |       1.00000 |       1.00000 |      36.46511 |      35.94229 |    3891.39478 |    3887.63428 |      -0.04767 |    3891.04395 |      36.50000 |      36.00000 | 
     56.19657 |     100.42177 |       0.01779 |       0.00902 |       0.01305 |       1.00000 |       1.00000 |      36.46508 |      35.94232 |    3889.42944 |    3885.66797 |      -0.04678 |    3889.07861 |      36.50000 |      36.00000 | 
     54.08743 |      42.45924 |       0.01849 |       0.01119 |       0.01438 |       1.00000 |       1.00000 |      36.46503 |      35.94236 |    3886.92529 |    3883.16284 |      -0.04563 |    3886.57446 |      36.50000 |      36.00000 | 
     57.01621 |      82.50825 |       0.01754 |       0.01119 |       0.01438 |       1.00000 |       1.00000 |      36.46500 |      35.94238 |    3884.97705 |    3881.21362 |      -0.04473 |    3884.62622 |      36.50000 |      36.00000 | 
     54.84807 |      23.89886 |       0.01823 |       0.01119 |       0.01438 |       1.00000 |       1.00000 |      36.46497 |      35.94241 |    3882.77490 |    3879.01050 |      -0.04369 |    3882.42407 |      36.50000 |      36.00000 | 
     57.94099 |     106.74637 |       0.01726 |       0.01119 |       0.01438 |       1.00000 |       1.00000 |      36.46494 |      35.94244 |    3880.83960 |    3877.07422 |      -0.04277 |    3880.48877 |      36.50000 |      36.00000 | 
     54.46395 |      38.34944 |       0.01836 |       0.01119 |       0.01438 |       1.00000 |       1.00000 |      36.46490 |      35.94248 |    3878.26050 |    3874.49414 |      -0.04153 |    3877.90967 |      36.50000 |      36.00000 | 
     57.56192 |      98.67772 |       0.01737 |       0.01119 |       0.01438 |       1.00000 |       1.00000 |      36.46487 |      35.94250 |    3876.33057 |    3872.56250 |      -0.04059 |    3875.97949 |      36.50000 |      36.00000 | 
     53.49976 |      40.16064 |       0.01869 |       0.01119 |       0.01438 |       1.00000 |       1.00000 |      36.46482 |      35.94254 |    3873.64478 |    3869.87573 |      -0.03927 |    3873.29370 |      36.50000 |      36.00000 | 
     55.97674 |      89.67805 |       0.01786 |       0.01119 |       0.01438 |       1.00000 |       1.00000 |      36.46479 |      35.94257 |    3871.60938 |    3867.83960 |      -0.03825 |    3871.26025 |      36.50000 |      36.00000 | 
     52.43364 |      41.20653 |       0.01907 |       0.01119 |       0.01438 |       1.00000 |       1.00000 |      36.46475 |      35.94261 |    3868.90674 |    3865.13550 |      -0.03689 |    3868.55762 |      36.50000 |      36.00000 | 
     55.70754 |     108.63661 |       0.01795 |       0.01119 |       0.01438 |       1.00000 |       1.00000 |      36.46472 |      35.94264 |    3866.91602 |    3863.14380 |      -0.03587 |    3866.56689 |      36.50000 |      36.00000 | 
     53.03343 |      37.59964 |       0.01886 |       0.01119 |       0.01438 |       1.00000 |       1.00000 |      36.46468 |      35.94267 |    3864.33179 |    3860.55786 |      -0.03453 |    3863.98267 |      36.50000 |      36.00000 | 
     56.92520 |     103.71292 |       0.01757 |       0.01119 |       0.01438 |       1.00000 |       1.00000 |      36.46465 |      35.94270 |    3862.45874 |    3858.68384 |      -0.03356 |    3862.10962 |      36.50000 |      36.00000 | 
     53.45643 |      37.62510 |       0.01871 |       0.01119 |       0.01438 |       1.00000 |       1.00000 |      36.46460 |      35.94274 |    3859.83081 |    3856.05469 |      -0.03217 |    3859.48169 |      36.50000 |      36.00000 | 
     53.60420 |      37.88740 |       0.01866 |       0.01119 |       0.01438 |       1.00000 |       1.00000 |      36.46458 |      35.94276 |    3858.33618 |    3854.55908 |      -0.03137 |    3857.98706 |      36.50000 |      36.00000 | 
     57.36699 |     116.74060 |       0.01743 |       0.01119 |       0.01438 |       1.00000 |       1.00000 |      36.46455 |      35.94278 |    3856.44458 |    3852.66675 |      -0.03035 |    3856.09546 |      36.50000 |      36.00000 | 
     54.34967 |      38.98787 |       0.01840 |       0.01119 |       0.01438 |       1.00000 |       1.00000 |      36.46451 |      35.94282 |    3853.90015 |    3850.12085 |      -0.02897 |    3853.55103 |      36.50000 |      36.00000 | 
     57.62477 |      93.36196 |       0.01735 |       0.01119 |       0.01438 |       1.00000 |       1.00000 |      36.46448 |      35.94284 |    3852.00073 |    3848.22046 |      -0.02793 |    3851.65161 |      36.50000 |      36.00000 | 
     54.43396 |      37.65060 |       0.01837 |       0.01119 |       0.01438 |       1.00000 |       1.00000 |      36.46444 |      35.94287 |    3849.46313 |    3845.68140 |      -0.02652 |    3849.11401 |      36.50000 |      36.00000 | 
     52.92023 |      32.94242 |       0.01890 |       0.01119 |       0.01438 |       1.00000 |       1.00000 |      36.46441 |      35.94290 |    3847.80420 |    3844.02148 |      -0.02559 |    3847.45508 |      36.50000 |      36.00000 | 
     56.80426 |     111.01244 |       0.01760 |       0.01119 |       0.01438 |       1.00000 |       1.00000 |      36.46437 |      35.94292 |    3845.92871 |    3842.14502 |      -0.02454 |    3845.57959 |      36.50000 |      36.00000 | 
     56.09337 |     113.00712 |       0.01783 |       0.01037 |       0.01491 |       1.00000 |       1.00000 |      36.46434 |      35.94296 |    3843.54004 |    3839.75488 |      -0.02317 |    3843.19092 |      36.50000 |      36.00000 | 
     54.70159 |      88.77053 |       0.01828 |       0.01037 |       0.01491 |       1.00000 |       1.00000 |      36.46429 |      35.94299 |    3841.05420 |    3837.26758 |      -0.02174 |    3840.70508 |      36.50000 |      36.00000 | 
     57.34659 |      87.56567 |       0.01744 |       0.01037 |       0.01491 |       1.00000 |       1.00000 |      36.46426 |      35.94302 |    3839.01147 |    3835.22388 |      -0.02055 |    3838.66235 |      36.50000 |      36.00000 | 
     52.98191 |      82.26390 |       0.01887 |       0.01037 |       0.01491 |       1.00000 |       1.00000 |      36.46420 |      35.94306 |    3835.39941 |    3831.60962 |      -0.01843 |    3835.05029 |      36.50000 |      36.00000 | 
     51.88993 |      22.53572 |       0.01927 |       0.01037 |       0.01491 |       1.00000 |       1.00000 |      36.46416 |      35.94309 |    3833.15991 |    3829.36890 |      -0.01709 |    3832.81079 |      36.50000 |      36.00000 | 
     51.43345 |      37.39996 |       0.01944 |       0.01037 |       0.01491 |       1.00000 |       1.00000 |      36.46412 |      35.94312 |    3830.72241 |    3826.92944 |      -0.01563 |    3830.37329 |      36.50000 |      36.00000 | 
     55.30585 |     101.07136 |       0.01808 |       0.01037 |       0.01491 |       1.00000 |       1.00000 |      36.46409 |      35.94315 |    3828.80811 |    3825.01392 |      -0.01446 |    3828.45898 |      36.50000 |      36.00000 | 
     59.12920 |      91.87798 |       0.01691 |       0.01037 |       0.01491 |       1.00000 |       1.00000 |      36.46405 |      35.94318 |    3826.15503 |    3822.35962 |      -0.01284 |    3825.80591 |      36.50000 |      36.00000 | 
     51.74841 |      38.93323 |       0.01932 |       0.01037 |       0.01491 |       1.00000 |       1.00000 |      36.46399 |      35.94323 |    3822.38696 |    3818.58887 |      -0.01050 |    3822.03784 |      36.50000 |      36.00000 | 
     51.61215 |      36.82292 |       0.01938 |       0.01037 |       0.01491 |       1.00000 |       1.00000 |      36.46396 |      35.94325 |    3820.80884 |    3817.01025 |      -0.00950 |    3820.45972 |      36.50000 |      36.00000 | 
     55.07286 |      99.00010 |       0.01816 |       0.01037 |       0.01491 |       1.00000 |       1.00000 |      36.46392 |      35.94327 |    3818.84326 |    3815.04321 |      -0.00826 |    3818.49585 |      36.50000 |      36.00000 | 
     51.91209 |      38.52822 |       0.01926 |       0.01037 |       0.01491 |       1.00000 |       1.00000 |      36.46388 |      35.94331 |    3816.15601 |    3812.35400 |      -0.00655 |    3815.80859 |      36.50000 |      36.00000 | 
     51.76174 |      39.91379 |       0.01932 |       0.01037 |       0.01491 |       1.00000 |       1.00000 |      36.46385 |      35.94333 |    3814.56934 |    3810.76685 |      -0.00553 |    3814.22217 |      36.50000 |      36.00000 | 
     54.92625 |      95.77627 |       0.01821 |       0.01037 |       0.01491 |       1.00000 |       1.00000 |      36.46382 |      35.94335 |    3812.56592 |    3808.76196 |      -0.00423 |    3812.21851 |      36.50000 |      36.00000 | 
     51.61021 |      38.27312 |       0.01938 |       0.01037 |       0.01491 |       1.00000 |       1.00000 |      36.46377 |      35.94338 |    3809.85742 |    3806.05151 |      -0.00246 |    3809.51001 |      36.50000 |      36.00000 | 
     51.59512 |      36.84870 |       0.01938 |       0.01037 |       0.01491 |       1.00000 |       1.00000 |      36.46375 |      35.94340 |    3808.29297 |    3804.48633 |      -0.00143 |    3807.94556 |      36.50000 |      36.00000 | 
     51.19249 |      37.23424 |       0.01953 |       0.01037 |       0.01491 |       1.00000 |       1.00000 |      36.46370 |      35.94343 |    3805.85571 |    3802.04736 |       0.00019 |    3805.50830 |      36.50000 |      36.00000 | 
     51.63678 |      37.84152 |       0.01937 |       0.01037 |       0.01491 |       1.00000 |       1.00000 |      36.46368 |      35.94345 |    3804.33936 |    3800.52979 |       0.00121 |    3803.99194 |      36.50000 |      36.00000 | 
     51.78538 |      37.64777 |       0.01931 |       0.01037 |       0.01491 |       1.00000 |       1.00000 |      36.46365 |      35.94347 |    3802.79614 |    3798.98560 |       0.00224 |    3802.44873 |      36.50000 |      36.00000 | 
     55.71224 |     108.31889 |       0.01795 |       0.01037 |       0.01491 |       1.00000 |       1.00000 |      36.46362 |      35.94349 |    3800.89600 |    3797.08398 |       0.00353 |    3800.54858 |      36.50000 |      36.00000 | 
     52.24394 |      37.15262 |       0.01914 |       0.01068 |       0.01483 |       1.00000 |       1.00000 |      36.46357 |      35.94352 |    3798.21387 |    3794.40039 |       0.00536 |    3797.86646 |      36.50000 |      36.00000 | 
     56.22584 |     108.02636 |       0.01779 |       0.01068 |       0.01483 |       1.00000 |       1.00000 |      36.46354 |      35.94355 |    3796.33472 |    3792.52002 |       0.00660 |    3795.98730 |      36.50000 |      36.00000 | 
     52.80865 |      37.18440 |       0.01894 |       0.01068 |       0.01483 |       1.00000 |       1.00000 |      36.46349 |      35.94358 |    3793.69556 |    3789.87988 |       0.00710 |    3793.34814 |      36.50000 |      36.00000 | 
     56.21494 |     103.19917 |       0.01779 |       0.01068 |       0.01483 |       1.00000 |       1.00000 |      36.46346 |      35.94360 |    3791.75586 |    3787.93994 |       0.00748 |    3791.40845 |      36.50000 |      36.00000 | 
     52.22115 |      39.66994 |       0.01915 |       0.01068 |       0.01483 |       1.00000 |       1.00000 |      36.46341 |      35.94363 |    3789.02271 |    3785.20654 |       0.00804 |    3788.67554 |      36.50000 |      36.00000 | 
     55.77361 |      70.00350 |       0.01793 |       0.01068 |       0.01483 |       1.00000 |       1.00000 |      36.46339 |      35.94365 |    3787.86865 |    3784.05200 |       0.00828 |    3787.52124 |      36.50000 |      36.00000 | 
     52.79958 |      79.64320 |       0.01894 |       0.01068 |       0.01483 |       1.00000 |       1.00000 |      36.46334 |      35.94368 |    3784.72144 |    3780.90454 |       0.00895 |    3784.37402 |      36.50000 |      36.00000 | 
     50.39021 |      37.59822 |       0.01985 |       0.01068 |       0.01483 |       1.00000 |       1.00000 |      36.46329 |      35.94371 |    3782.02979 |    3778.21289 |       0.00867 |    3781.68237 |      36.50000 |      36.00000 | 
     50.26621 |      38.07638 |       0.01989 |       0.01068 |       0.01483 |       1.00000 |       1.00000 |      36.46326 |      35.94373 |    3780.40405 |    3776.58765 |       0.00850 |    3780.05664 |      36.50000 |      36.00000 | 
     49.69215 |      33.52330 |       0.02012 |       0.01068 |       0.01483 |       1.00000 |       1.00000 |      36.46323 |      35.94375 |    3778.72681 |    3774.90991 |       0.00833 |    3778.37939 |      36.50000 |      36.00000 | 
     50.04612 |      37.97084 |       0.01998 |       0.01068 |       0.01483 |       1.00000 |       1.00000 |      36.46321 |      35.94377 |    3777.14941 |    3773.33325 |       0.00818 |    3776.80200 |      36.50000 |      36.00000 | 
     49.78600 |      34.86750 |       0.02009 |       0.01068 |       0.01483 |       1.00000 |       1.00000 |      36.46318 |      35.94379 |    3775.50513 |    3771.68872 |       0.00803 |    3775.15771 |      36.50000 |      36.00000 | 
     50.12719 |      36.15329 |       0.01995 |       0.01068 |       0.01483 |       1.00000 |       1.00000 |      36.46315 |      35.94380 |    3773.93677 |    3770.12036 |       0.00789 |    3773.58936 |      36.50000 |      36.00000 | 
     53.07280 |      88.70753 |       0.01884 |       0.01068 |       0.01483 |       1.00000 |       1.00000 |      36.46312 |      35.94383 |    3771.85718 |    3768.04150 |       0.00772 |    3771.50977 |      36.50000 |      36.00000 | 
     50.65171 |      38.73867 |       0.01974 |       0.01068 |       0.01483 |       1.00000 |       1.00000 |      36.46307 |      35.94386 |    3769.17236 |    3765.35645 |       0.00751 |    3768.82495 |      36.50000 |      36.00000 | 
     51.13280 |      37.96940 |       0.01956 |       0.01068 |       0.01483 |       1.00000 |       1.00000 |      36.46304 |      35.94387 |    3767.64551 |    3763.83032 |       0.00740 |    3767.30176 |      36.50000 |      36.00000 | 
     49.60925 |      32.88608 |       0.02016 |       0.01068 |       0.01483 |       1.00000 |       1.00000 |      36.46301 |      35.94389 |    3765.86157 |    3762.04614 |       0.00728 |    3765.51758 |      36.50000 |      36.00000 | 
     53.33200 |      93.14456 |       0.01875 |       0.01068 |       0.01483 |       1.00000 |       1.00000 |      36.46297 |      35.94391 |    3763.88208 |    3760.06641 |       0.00715 |    3763.53809 |      36.50000 |      36.00000 | 
     50.97108 |      35.54039 |       0.01962 |       0.01068 |       0.01483 |       1.00000 |       1.00000 |      36.46293 |      35.94394 |    3761.23730 |    3757.42188 |       0.00700 |    3760.89331 |      36.50000 |      36.00000 | 
     51.04708 |      36.24370 |       0.01959 |       0.01068 |       0.01483 |       1.00000 |       1.00000 |      36.46290 |      35.94396 |    3759.66968 |    3755.85449 |       0.00692 |    3759.32568 |      36.50000 |      36.00000 | 
     51.27255 |      36.63540 |       0.01950 |       0.01068 |       0.01483 |       1.00000 |       1.00000 |      36.46287 |      35.94398 |    3758.12451 |    3754.30933 |       0.00685 |    3757.78052 |      36.50000 |      36.00000 | 
     51.39555 |      37.77576 |       0.01946 |       0.01069 |       0.01414 |       1.00000 |       1.00000 |      36.46284 |      35.94399 |    3756.56714 |    3752.75220 |       0.00678 |    3756.22339 |      36.50000 |      36.00000 | 
     51.19660 |      37.01236 |       0.01953 |       0.01069 |       0.01414 |       1.00000 |       1.00000 |      36.46282 |      35.94401 |    3754.97095 |    3751.15576 |       0.00671 |    3754.62720 |      36.50000 |      36.00000 | 
     50.81540 |      35.02995 |       0.01968 |       0.01069 |       0.01414 |       1.00000 |       1.00000 |      36.46279 |      35.94403 |    3753.35034 |    3749.53516 |       0.00665 |    3753.00635 |      36.50000 |      36.00000 | 
     54.92364 |     101.93680 |       0.01821 |       0.01069 |       0.01414 |       1.00000 |       1.00000 |      36.46275 |      35.94405 |    3751.44922 |    3747.63477 |       0.00659 |    3751.10522 |      36.50000 |      36.00000 | 
     51.18396 |      37.00825 |       0.01954 |       0.01069 |       0.01414 |       1.00000 |       1.00000 |      36.46270 |      35.94407 |    3748.68774 |    3744.87280 |       0.00651 |    3748.34375 |      36.50000 |      36.00000 | 
     51.35925 |      39.96962 |       0.01947 |       0.01069 |       0.01414 |       1.00000 |       1.00000 |      36.46268 |      35.94409 |    3747.12622 |    3743.31177 |       0.00648 |    3746.78247 |      36.50000 |      36.00000 | 
     54.66296 |      94.60738 |       0.01829 |       0.01069 |       0.01414 |       1.00000 |       1.00000 |      36.46264 |      35.94411 |    3745.13428 |    3741.31982 |       0.00645 |    3744.79028 |      36.50000 |      36.00000 | 
     52.63250 |      38.92868 |       0.01900 |       0.01069 |       0.01414 |       1.00000 |       1.00000 |      36.46260 |      35.94414 |    3742.59814 |    3738.78345 |       0.00642 |    3742.25415 |      36.50000 |      36.00000 | 
     52.82042 |      38.09959 |       0.01893 |       0.01069 |       0.01414 |       1.00000 |       1.00000 |      36.46257 |      35.94415 |    3741.09229 |    3737.27759 |       0.00641 |    3740.74829 |      36.50000 |      36.00000 | 
     52.85677 |      39.37938 |       0.01892 |       0.01069 |       0.01414 |       1.00000 |       1.00000 |      36.46254 |      35.94417 |    3739.56641 |    3735.75171 |       0.00640 |    3739.22266 |      36.50000 |      36.00000 | 
     54.69682 |      77.68800 |       0.01828 |       0.01069 |       0.01414 |       1.00000 |       1.00000 |      36.46250 |      35.94419 |    3737.44727 |    3733.63232 |       0.00641 |    3737.10327 |      36.50000 |      36.00000 | 
     51.26904 |      36.83648 |       0.01950 |       0.01069 |       0.01414 |       1.00000 |       1.00000 |      36.46246 |      35.94421 |    3734.72266 |    3730.90820 |       0.00643 |    3734.37891 |      36.50000 |      36.00000 | 
     51.06142 |      36.40202 |       0.01958 |       0.01069 |       0.01414 |       1.00000 |       1.00000 |      36.46243 |      35.94423 |    3733.12354 |    3729.30884 |       0.00645 |    3732.77954 |      36.50000 |      36.00000 | 
     50.86346 |      37.18163 |       0.01966 |       0.01069 |       0.01414 |       1.00000 |       1.00000 |      36.46239 |      35.94425 |    3731.51514 |    3727.70068 |       0.00647 |    3731.17114 |      36.50000 |      36.00000 | 
     50.54329 |      36.74984 |       0.01979 |       0.01069 |       0.01414 |       1.00000 |       1.00000 |      36.46237 |      35.94426 |    3729.88330 |    3726.06860 |       0.00650 |    3729.53955 |      36.50000 |      36.00000 | 
     50.73840 |      36.64077 |       0.01971 |       0.01069 |       0.01414 |       1.00000 |       1.00000 |      36.46234 |      35.94428 |    3728.31714 |    3724.50220 |       0.00654 |    3727.97314 |      36.50000 |      36.00000 | 
     54.06840 |      96.09840 |       0.01850 |       0.01069 |       0.01414 |       1.00000 |       1.00000 |      36.46230 |      35.94430 |    3726.30933 |    3722.49463 |       0.00659 |    3725.96533 |      36.50000 |      36.00000 | 
     50.95432 |      39.00004 |       0.01963 |       0.01069 |       0.01414 |       1.00000 |       1.00000 |      36.46225 |      35.94432 |    3723.57812 |    3719.76318 |       0.00668 |    3723.23438 |      36.50000 |      36.00000 | 
     50.53705 |      36.31346 |       0.01979 |       0.01069 |       0.01414 |       1.00000 |       1.00000 |      36.46222 |      35.94434 |    3721.93726 |    3718.12207 |       0.00675 |    3721.59326 |      36.50000 |      36.00000 | 
     50.28143 |      38.56388 |       0.01989 |       0.01069 |       0.01414 |       1.00000 |       1.00000 |      36.46219 |      35.94436 |    3720.29565 |    3716.48071 |       0.00681 |    3719.95190 |      36.50000 |      36.00000 | 
     49.82500 |      34.71619 |       0.02007 |       0.01069 |       0.01414 |       1.00000 |       1.00000 |      36.46216 |      35.94437 |    3718.63135 |    3714.81641 |       0.00689 |    3718.28735 |      36.50000 |      36.00000 | 
     50.04324 |      36.46707 |       0.01998 |       0.01069 |       0.01414 |       1.00000 |       1.00000 |      36.46214 |      35.94439 |    3717.04468 |    3713.22949 |       0.00697 |    3716.70239 |      36.50000 |      36.00000 | 
     50.03803 |      37.27866 |       0.01998 |       0.01162 |       0.01555 |       1.00000 |       1.00000 |      36.46210 |      35.94440 |    3715.42822 |    3711.61279 |       0.00706 |    3715.08618 |      36.50000 |      36.00000 | 
     50.02160 |      37.15815 |       0.01999 |       0.01162 |       0.01555 |       1.00000 |       1.00000 |      36.46207 |      35.94442 |    3713.81055 |    3709.99512 |       0.00715 |    3713.46851 |      36.50000 |      36.00000 | 
     49.49918 |      34.71017 |       0.02020 |       0.01162 |       0.01555 |       1.00000 |       1.00000 |      36.46204 |      35.94443 |    3712.12622 |    3708.31079 |       0.00726 |    3711.78394 |      36.50000 |      36.00000 | 
     49.29799 |      35.29453 |       0.02028 |       0.01162 |       0.01555 |       1.00000 |       1.00000 |      36.46201 |      35.94445 |    3710.46875 |    3706.65356 |       0.00737 |    3710.12671 |      36.50000 |      36.00000 | 
     48.99220 |      37.18301 |       0.02041 |       0.01162 |       0.01555 |       1.00000 |       1.00000 |      36.46198 |      35.94446 |    3708.77905 |    3704.96289 |       0.00749 |    3708.43677 |      36.50000 |      36.00000 | 
     48.98951 |      38.26872 |       0.02041 |       0.01162 |       0.01555 |       1.00000 |       1.00000 |      36.46195 |      35.94448 |    3707.12085 |    3703.30493 |       0.00761 |    3706.77881 |      36.50000 |      36.00000 | 
     49.17176 |      36.45776 |       0.02034 |       0.01162 |       0.01555 |       1.00000 |       1.00000 |      36.46192 |      35.94449 |    3705.49951 |    3701.68384 |       0.00774 |    3705.15723 |      36.50000 |      36.00000 | 
     49.31240 |      35.86029 |       0.02028 |       0.01162 |       0.01555 |       1.00000 |       1.00000 |      36.46189 |      35.94450 |    3703.88086 |    3700.06445 |       0.00787 |    3703.53857 |      36.50000 |      36.00000 | 
     49.33670 |      37.43216 |       0.02027 |       0.01162 |       0.01555 |       1.00000 |       1.00000 |      36.46186 |      35.94452 |    3702.24219 |    3698.42578 |       0.00801 |    3701.89990 |      36.50000 |      36.00000 | 
     49.25249 |      36.46042 |       0.02030 |       0.01162 |       0.01555 |       1.00000 |       1.00000 |      36.46183 |      35.94453 |    3700.59155 |    3696.77539 |       0.00816 |    3700.24951 |      36.50000 |      36.00000 | 
     49.24413 |      37.43496 |       0.02031 |       0.01162 |       0.01555 |       1.00000 |       1.00000 |      36.46180 |      35.94455 |    3698.94556 |    3695.12891 |       0.00832 |    3698.60352 |      36.50000 |      36.00000 | 
     49.39211 |      36.46441 |       0.02025 |       0.01162 |       0.01555 |       1.00000 |       1.00000 |      36.46177 |      35.94456 |    3697.32788 |    3693.51123 |       0.00848 |    3696.98584 |      36.50000 |      36.00000 | 
     48.79520 |      33.94088 |       0.02049 |       0.01162 |       0.01555 |       1.00000 |       1.00000 |      36.46174 |      35.94458 |    3695.61060 |    3691.79346 |       0.00866 |    3695.26855 |      36.50000 |      36.00000 | 
     52.59798 |      96.71180 |       0.01901 |       0.01162 |       0.01555 |       1.00000 |       1.00000 |      36.46170 |      35.94460 |    3693.60962 |    3689.79224 |       0.00887 |    3693.26733 |      36.50000 |      36.00000 | 
     50.61002 |      36.68648 |       0.01976 |       0.01162 |       0.01555 |       1.00000 |       1.00000 |      36.46165 |      35.94462 |    3690.97119 |    3687.15430 |       0.00894 |    3690.62915 |      36.50000 |      36.00000 | 
     51.50894 |      38.48670 |       0.01941 |       0.01162 |       0.01555 |       1.00000 |       1.00000 |      36.46163 |      35.94463 |    3689.50122 |    3685.68408 |       0.00892 |    3689.15894 |      36.50000 |      36.00000 | 
     54.47695 |      87.99718 |       0.01836 |       0.01162 |       0.01555 |       1.00000 |       1.00000 |      36.46159 |      35.94464 |    3687.47534 |    3683.65845 |       0.00891 |    3687.13330 |      36.50000 |      36.00000 | 
     53.35401 |      81.92021 |       0.01874 |       0.01162 |       0.01555 |       1.00000 |       1.00000 |      36.46154 |      35.94467 |    3684.97388 |    3681.15674 |       0.00892 |    3684.63184 |      36.50000 |      36.00000 | 
     51.47417 |      21.68727 |       0.01943 |       0.01162 |       0.01555 |       1.00000 |       1.00000 |      36.46150 |      35.94469 |    3682.61523 |    3678.79785 |       0.00893 |    3682.27295 |      36.50000 |      36.00000 | 
     51.02607 |      36.16113 |       0.01960 |       0.01162 |       0.01555 |       1.00000 |       1.00000 |      36.46147 |      35.94470 |    3680.98926 |    3676.37256 |       0.80817 |    3680.64697 |      36.50000 |      36.00000 | 
     53.93327 |      95.57488 |       0.01854 |       0.01162 |       0.01555 |       1.00000 |       1.00000 |      36.46143 |      35.94472 |    3678.93115 |    3671.46899 |       3.65417 |    3678.58911 |      36.50000 |      36.00000 | 
     48.47132 |      35.51515 |       0.02063 |       0.01162 |       0.01555 |       1.00000 |       1.00000 |      36.46137 |      35.94474 |    3675.55420 |    3663.43066 |       8.31515 |    3675.21191 |      36.50000 |      36.00000 | 
     49.01822 |      36.53368 |       0.02040 |       0.01162 |       0.01555 |       1.00000 |       1.00000 |      36.46134 |      35.94476 |    3673.97144 |    3659.66797 |      10.49529 |    3673.62915 |      36.50000 |      36.00000 | 
     49.11892 |      37.30787 |       0.02036 |       0.01169 |       0.01479 |       1.00000 |       1.00000 |      36.46131 |      35.94477 |    3672.33447 |    3655.77808 |      12.74819 |    3671.99243 |      36.50000 |      36.00000 | 
     49.32361 |      37.93914 |       0.02027 |       0.01169 |       0.01479 |       1.00000 |       1.00000 |      36.46128 |      35.94478 |    3670.71484 |    3651.93213 |      14.97438 |    3670.37256 |      36.50000 |      36.00000 | 
     49.51138 |      36.70668 |       0.02020 |       0.01169 |       0.01479 |       1.00000 |       1.00000 |      36.46125 |      35.94479 |    3669.10498 |    3648.11206 |      17.18453 |    3668.76270 |      36.50000 |      36.00000 | 
     50.03290 |      36.54303 |       0.01999 |       0.01169 |       0.01479 |       1.00000 |       1.00000 |      36.46122 |      35.94481 |    3667.55347 |    3644.43286 |      19.31216 |    3667.21118 |      36.50000 |      36.00000 | 
     49.84724 |      34.82137 |       0.02006 |       0.01169 |       0.01479 |       1.00000 |       1.00000 |      36.46119 |      35.94482 |    3665.92065 |    3640.56372 |      21.54870 |    3665.58008 |      36.50000 |      36.00000 | 
     50.24088 |      36.77687 |       0.01990 |       0.01169 |       0.01479 |       1.00000 |       1.00000 |      36.46116 |      35.94483 |    3664.35986 |    3636.86792 |      23.68356 |    3664.01953 |      36.50000 |      36.00000 | 
     50.16529 |      37.22315 |       0.01993 |       0.01169 |       0.01479 |       1.00000 |       1.00000 |      36.46113 |      35.94484 |    3662.74048 |    3633.03564 |      25.89651 |    3662.40015 |      36.50000 |      36.00000 | 
     50.19663 |      37.87162 |       0.01992 |       0.01169 |       0.01479 |       1.00000 |       1.00000 |      36.46110 |      35.94485 |    3661.13159 |    3629.23120 |      28.09221 |    3660.79126 |      36.50000 |      36.00000 | 
     50.28999 |      37.56292 |       0.01988 |       0.01169 |       0.01479 |       1.00000 |       1.00000 |      36.46107 |      35.94487 |    3659.53467 |    3625.45703 |      30.26945 |    3659.19434 |      36.50000 |      36.00000 | 
     50.23133 |      40.34047 |       0.01991 |       0.01169 |       0.01479 |       1.00000 |       1.00000 |      36.46104 |      35.94488 |    3657.90723 |    3621.61426 |      32.48499 |    3657.56689 |      36.50000 |      36.00000 | 
     53.70521 |      95.64802 |       0.01862 |       0.01169 |       0.01479 |       1.00000 |       1.00000 |      36.46100 |      35.94489 |    3655.89746 |    3616.87158 |      35.21744 |    3655.55713 |      36.50000 |      36.00000 | 
     50.62976 |      39.21107 |       0.01975 |       0.01169 |       0.01479 |       1.00000 |       1.00000 |      36.46095 |      35.94491 |    3653.14941 |    3610.39404 |      38.94707 |    3652.80908 |      36.50000 |      36.00000 | 
     50.37600 |      38.62346 |       0.01985 |       0.01169 |       0.01479 |       1.00000 |       1.00000 |      36.46092 |      35.94492 |    3651.51147 |    3606.53784 |      41.16566 |    3651.17114 |      36.50000 |      36.00000 | 
     49.91999 |      40.11553 |       0.02003 |       0.01169 |       0.01479 |       1.00000 |       1.00000 |      36.46089 |      35.94493 |    3649.82812 |    3602.57642 |      43.44340 |    3649.48779 |      36.50000 |      36.00000 | 
     49.40778 |      36.35438 |       0.02024 |       0.01169 |       0.01479 |       1.00000 |       1.00000 |      36.46086 |      35.94495 |    3648.13403 |    3598.59326 |      45.73226 |    3647.79346 |      36.50000 |      36.00000 | 
     49.32457 |      36.61126 |       0.02027 |       0.01169 |       0.01479 |       1.00000 |       1.00000 |      36.46083 |      35.94496 |    3646.48584 |    3594.72168 |      47.95585 |    3646.14551 |      36.50000 |      36.00000 | 
     48.67225 |      36.97815 |       0.02055 |       0.01169 |       0.01479 |       1.00000 |       1.00000 |      36.46079 |      35.94497 |    3644.74316 |    3590.63110 |      50.30408 |    3644.40283 |      36.50000 |      36.00000 | 
     48.47350 |      36.27262 |       0.02063 |       0.01169 |       0.01479 |       1.00000 |       1.00000 |      36.46076 |      35.94498 |    3643.05054 |    3586.82349 |      52.41865 |    3642.70996 |      36.50000 |      36.00000 | 
     51.53098 |      91.67583 |       0.01941 |       0.01169 |       0.01479 |       1.00000 |       1.00000 |      36.46072 |      35.94500 |    3640.92188 |    3582.12256 |      54.99134 |    3640.58154 |      36.50000 |      36.00000 | 
     49.46240 |      36.49502 |       0.02022 |       0.01169 |       0.01479 |       1.00000 |       1.00000 |      36.46067 |      35.94501 |    3638.20874 |    3576.13232 |      58.26813 |    3637.86816 |      36.50000 |      36.00000 | 
     49.72467 |      36.38745 |       0.02011 |       0.01169 |       0.01479 |       1.00000 |       1.00000 |      36.46064 |      35.94503 |    3636.61694 |    3572.61963 |      60.18908 |    3636.27661 |      36.50000 |      36.00000 | 
     49.71854 |      36.63809 |       0.02011 |       0.01169 |       0.01479 |       1.00000 |       1.00000 |      36.46061 |      35.94504 |    3634.99243 |    3569.03516 |      62.14902 |    3634.65186 |      36.50000 |      36.00000 | 
     53.11652 |     101.69836 |       0.01883 |       0.01169 |       0.01479 |       1.00000 |       1.00000 |      36.46057 |      35.94505 |    3632.95605 |    3564.54370 |      64.60384 |    3632.61572 |      36.50000 |      36.00000 | 
     50.46330 |      37.85728 |       0.01982 |       0.01149 |       0.01451 |       1.00000 |       1.00000 |      36.46052 |      35.94507 |    3630.23853 |    3558.55298 |      67.87736 |    3629.89819 |      36.50000 |      36.00000 | 
     50.87361 |      35.45345 |       0.01966 |       0.01149 |       0.01451 |       1.00000 |       1.00000 |      36.46049 |      35.94508 |    3628.70703 |    3555.17773 |      69.72096 |    3628.36670 |      36.50000 |      36.00000 | 
     50.73421 |      37.40695 |       0.01971 |       0.01149 |       0.01451 |       1.00000 |       1.00000 |      36.46046 |      35.94509 |    3627.09985 |    3551.63696 |      71.65454 |    3626.75952 |      36.50000 |      36.00000 | 
     50.65536 |      37.67897 |       0.01974 |       0.01149 |       0.01451 |       1.00000 |       1.00000 |      36.46043 |      35.94510 |    3625.49561 |    3548.10376 |      73.58356 |    3625.15527 |      36.50000 |      36.00000 | 
     50.65641 |      35.76666 |       0.01974 |       0.01149 |       0.01451 |       1.00000 |       1.00000 |      36.46038 |      35.94511 |    3623.08398 |    3542.79443 |      76.48115 |    3622.74341 |      36.50000 |      36.00000 | 
     50.70323 |      36.96038 |       0.01972 |       0.01149 |       0.01451 |       1.00000 |       1.00000 |      36.46035 |      35.94512 |    3621.49854 |    3539.30591 |      78.38458 |    3621.15820 |      36.50000 |      36.00000 | 
     50.86245 |      36.94945 |       0.01966 |       0.01149 |       0.01451 |       1.00000 |       1.00000 |      36.46032 |      35.94513 |    3619.93140 |    3535.85791 |      80.26520 |    3619.59082 |      36.50000 |      36.00000 | 
     51.11120 |      36.46574 |       0.01957 |       0.01149 |       0.01451 |       1.00000 |       1.00000 |      36.46029 |      35.94514 |    3618.38452 |    3532.45581 |      82.12039 |    3618.04419 |      36.50000 |      36.00000 | 
     51.25011 |      36.91808 |       0.01951 |       0.01149 |       0.01451 |       1.00000 |       1.00000 |      36.46026 |      35.94515 |    3616.82812 |    3529.03394 |      83.98569 |    3616.48950 |      36.50000 |      36.00000 | 
     54.63556 |      94.84067 |       0.01830 |       0.01149 |       0.01451 |       1.00000 |       1.00000 |      36.46022 |      35.94516 |    3614.84570 |    3524.67700 |      86.36042 |    3614.50684 |      36.50000 |      36.00000 | 
     51.94008 |      37.85011 |       0.01925 |       0.01149 |       0.01451 |       1.00000 |       1.00000 |      36.46017 |      35.94518 |    3612.21460 |    3518.89673 |      89.50945 |    3611.87598 |      36.50000 |      36.00000 | 
     53.17410 |      30.51665 |       0.01881 |       0.01149 |       0.01451 |       1.00000 |       1.00000 |      36.46013 |      35.94519 |    3609.77319 |    3513.53687 |      92.42831 |    3609.43457 |      36.50000 |      36.00000 | 
     52.07690 |      34.56500 |       0.01920 |       0.01149 |       0.01451 |       1.00000 |       1.00000 |      36.46008 |      35.94521 |    3607.33472 |    3508.18555 |      95.34103 |    3606.99609 |      36.50000 |      36.00000 | 
     51.85818 |      39.07624 |       0.01928 |       0.01149 |       0.01451 |       1.00000 |       1.00000 |      36.46004 |      35.94522 |    3604.94189 |    3502.93701 |      98.19653 |    3604.60303 |      36.50000 |      36.00000 | 
     55.72652 |     103.86373 |       0.01794 |       0.01149 |       0.01451 |       1.00000 |       1.00000 |      36.46000 |      35.94523 |    3603.04688 |    3498.78320 |     100.45580 |    3602.70825 |      36.50000 |      36.00000 | 
     52.43592 |      36.84870 |       0.01907 |       0.01149 |       0.01451 |       1.00000 |       1.00000 |      36.45995 |      35.94524 |    3600.39722 |    3492.97681 |     103.61206 |    3600.05859 |      36.50000 |      36.00000 | 
     52.47532 |      38.47190 |       0.01906 |       0.01149 |       0.01451 |       1.00000 |       1.00000 |      36.45992 |      35.94525 |    3598.86353 |    3489.61792 |     105.43732 |    3598.52466 |      36.50000 |      36.00000 | 
     51.77121 |      38.08363 |       0.01932 |       0.01149 |       0.01451 |       1.00000 |       1.00000 |      36.45989 |      35.94526 |    3597.22900 |    3486.03931 |     107.38129 |    3596.89014 |      36.50000 |      36.00000 | 
     54.57179 |      59.75143 |       0.01832 |       0.01149 |       0.01451 |       1.00000 |       1.00000 |      36.45987 |      35.94527 |    3595.98877 |    3483.32495 |     108.85548 |    3595.65015 |      36.50000 |      36.00000 | 
     51.67027 |      37.24533 |       0.01935 |       0.01149 |       0.01451 |       1.00000 |       1.00000 |      36.45981 |      35.94528 |    3593.12109 |    3477.05151 |     112.26110 |    3592.78223 |      36.50000 |      36.00000 | 
     51.62049 |      36.81479 |       0.01937 |       0.01149 |       0.01451 |       1.00000 |       1.00000 |      36.45978 |      35.94529 |    3591.55664 |    3473.63086 |     114.11716 |    3591.21802 |      36.50000 |      36.00000 | 
     51.37716 |      36.95628 |       0.01946 |       0.01149 |       0.01451 |       1.00000 |       1.00000 |      36.45975 |      35.94530 |    3589.96216 |    3470.14673 |     116.00733 |    3589.62354 |      36.50000 |      36.00000 | 
     51.45298 |      37.28839 |       0.01944 |       0.01057 |       0.01521 |       1.00000 |       1.00000 |      36.45972 |      35.94530 |    3588.40405 |    3466.74194 |     117.85361 |    3588.06519 |      36.50000 |      36.00000 | 
     55.04329 |      97.93360 |       0.01817 |       0.01057 |       0.01521 |       1.00000 |       1.00000 |      36.45968 |      35.94531 |    3586.45898 |    3462.49438 |     120.15652 |    3586.12036 |      36.50000 |      36.00000 | 
     52.55465 |      37.98238 |       0.01903 |       0.01057 |       0.01521 |       1.00000 |       1.00000 |      36.45963 |      35.94533 |    3583.88550 |    3456.82983 |     123.24745 |    3583.54688 |      36.50000 |      36.00000 | 
     52.68246 |      37.70455 |       0.01898 |       0.01057 |       0.01521 |       1.00000 |       1.00000 |      36.45960 |      35.94534 |    3582.37085 |    3453.49780 |     125.06483 |    3582.03223 |      36.50000 |      36.00000 | 
     52.81382 |      38.35826 |       0.01893 |       0.01057 |       0.01521 |       1.00000 |       1.00000 |      36.45958 |      35.94534 |    3580.85791 |    3450.17114 |     126.87859 |    3580.51929 |      36.50000 |      36.00000 | 
     55.78577 |      91.47457 |       0.01793 |       0.01057 |       0.01521 |       1.00000 |       1.00000 |      36.45954 |      35.94535 |    3578.87817 |    3445.81909 |     129.25061 |    3578.53955 |      36.50000 |      36.00000 | 
     52.81542 |      39.09763 |       0.01893 |       0.01057 |       0.01521 |       1.00000 |       1.00000 |      36.45948 |      35.94536 |    3576.27441 |    3440.09961 |     132.36649 |    3575.93579 |      36.50000 |      36.00000 | 
     52.74647 |      38.55942 |       0.01896 |       0.01057 |       0.01521 |       1.00000 |       1.00000 |      36.45946 |      35.94537 |    3574.73804 |    3436.72583 |     134.20360 |    3574.39917 |      36.50000 |      36.00000 | 
     51.47856 |      35.43209 |       0.01943 |       0.01057 |       0.01521 |       1.00000 |       1.00000 |      36.45942 |      35.94538 |    3573.04541 |    3433.01123 |     136.22560 |    3572.70654 |      36.50000 |      36.00000 | 
     51.40015 |      37.14296 |       0.01946 |       0.01057 |       0.01521 |       1.00000 |       1.00000 |      36.45939 |      35.94538 |    3571.46924 |    3429.84985 |     137.81133 |    3571.13062 |      36.50000 |      36.00000 | 
     51.31607 |      36.22926 |       0.01949 |       0.01057 |       0.01521 |       1.00000 |       1.00000 |      36.45936 |      35.94539 |    3569.89380 |    3428.56055 |     137.52509 |    3569.55493 |      36.50000 |      36.00000 | 
     54.13334 |      94.20631 |       0.01847 |       0.01057 |       0.01521 |       1.00000 |       1.00000 |      36.45932 |      35.94540 |    3567.83374 |    3426.87305 |     137.15239 |    3567.49854 |      36.50000 |      36.00000 | 
     52.23691 |      64.27975 |       0.01914 |       0.01057 |       0.01521 |       1.00000 |       1.00000 |      36.45929 |      35.94541 |    3566.03223 |    3425.39624 |     136.82785 |    3565.69702 |      36.50000 |      36.00000 | 
     47.66559 |      33.62023 |       0.02098 |       0.01057 |       0.01521 |       1.00000 |       1.00000 |      36.45923 |      35.94542 |    3562.97778 |    3422.88892 |     136.28064 |    3562.64258 |      36.50000 |      36.00000 | 
     54.58879 |      89.59771 |       0.01832 |       0.01057 |       0.01521 |       1.00000 |       1.00000 |      36.45920 |      35.94543 |    3561.35327 |    3421.55396 |     135.99109 |    3561.01807 |      36.50000 |      36.00000 | 
     48.74600 |      43.62431 |       0.02051 |       0.01057 |       0.01521 |       1.00000 |       1.00000 |      36.45914 |      35.94544 |    3558.38135 |    3419.10864 |     135.46457 |    3558.04614 |      36.50000 |      36.00000 | 
     49.33614 |      35.69899 |       0.02027 |       0.01057 |       0.01521 |       1.00000 |       1.00000 |      36.45909 |      35.94545 |    3555.96729 |    3417.11938 |     135.03929 |    3555.63208 |      36.50000 |      36.00000 | 
     53.61558 |     108.86131 |       0.01865 |       0.01057 |       0.01521 |       1.00000 |       1.00000 |      36.45906 |      35.94545 |    3554.04932 |    3415.53784 |     134.70320 |    3553.71411 |      36.50000 |      36.00000 | 
     50.73974 |      36.09848 |       0.01971 |       0.01057 |       0.01521 |       1.00000 |       1.00000 |      36.45900 |      35.94547 |    3551.33740 |    3413.29858 |     134.23048 |    3551.00220 |      36.50000 |      36.00000 | 
     54.70141 |     109.48106 |       0.01828 |       0.01057 |       0.01521 |       1.00000 |       1.00000 |      36.45897 |      35.94547 |    3549.40942 |    3411.70459 |     133.89627 |    3549.07422 |      36.50000 |      36.00000 | 
     51.22649 |      36.08805 |       0.01952 |       0.01057 |       0.01521 |       1.00000 |       1.00000 |      36.45891 |      35.94548 |    3546.67432 |    3409.44141 |     133.42482 |    3546.33911 |      36.50000 |      36.00000 | 
     51.28697 |      37.42095 |       0.01950 |       0.01081 |       0.01426 |       1.00000 |       1.00000 |      36.45888 |      35.94549 |    3545.10889 |    3408.09302 |     133.20749 |    3544.77368 |      36.50000 |      36.00000 | 
     51.31691 |      37.00278 |       0.01949 |       0.01081 |       0.01426 |       1.00000 |       1.00000 |      36.45885 |      35.94549 |    3543.54272 |    3406.29639 |     133.43810 |    3543.20752 |      36.50000 |      36.00000 | 
     51.28102 |      36.04773 |       0.01950 |       0.01081 |       0.01426 |       1.00000 |       1.00000 |      36.45882 |      35.94550 |    3541.97241 |    3404.49292 |     133.67159 |    3541.63721 |      36.50000 |      36.00000 | 
     51.26450 |      36.20303 |       0.01951 |       0.01081 |       0.01426 |       1.00000 |       1.00000 |      36.45879 |      35.94550 |    3540.40308 |    3402.68799 |     133.90698 |    3540.06787 |      36.50000 |      36.00000 | 
     51.17944 |      36.56976 |       0.01954 |       0.01081 |       0.01426 |       1.00000 |       1.00000 |      36.45876 |      35.94551 |    3538.82153 |    3400.86694 |     134.14630 |    3538.48633 |      36.50000 |      36.00000 | 
     51.26892 |      35.97770 |       0.01950 |       0.01081 |       0.01426 |       1.00000 |       1.00000 |      36.45873 |      35.94551 |    3537.26514 |    3399.07300 |     134.38405 |    3536.92993 |      36.50000 |      36.00000 | 
     51.53818 |      35.98676 |       0.01940 |       0.01081 |       0.01426 |       1.00000 |       1.00000 |      36.45870 |      35.94552 |    3535.73730 |    3397.30981 |     134.61942 |    3535.40210 |      36.50000 |      36.00000 | 
     51.58909 |      35.54544 |       0.01938 |       0.01081 |       0.01426 |       1.00000 |       1.00000 |      36.45867 |      35.94552 |    3534.18921 |    3395.52075 |     134.86003 |    3533.85400 |      36.50000 |      36.00000 | 
     51.52053 |      35.68879 |       0.01941 |       0.01081 |       0.01426 |       1.00000 |       1.00000 |      36.45864 |      35.94553 |    3532.62500 |    3393.71167 |     135.10521 |    3532.28979 |      36.50000 |      36.00000 | 
     51.70029 |      35.87315 |       0.01934 |       0.01081 |       0.01426 |       1.00000 |       1.00000 |      36.45861 |      35.94553 |    3531.09302 |    3391.93750 |     135.34735 |    3530.75781 |      36.50000 |      36.00000 | 
     51.90014 |      37.26338 |       0.01927 |       0.01081 |       0.01426 |       1.00000 |       1.00000 |      36.45858 |      35.94554 |    3529.56372 |    3390.16455 |     135.59116 |    3529.22852 |      36.50000 |      36.00000 | 
     51.91771 |      36.64480 |       0.01926 |       0.01081 |       0.01426 |       1.00000 |       1.00000 |      36.45855 |      35.94554 |    3528.01782 |    3388.36987 |     135.83949 |    3527.68262 |      36.50000 |      36.00000 | 
     52.02731 |      36.22926 |       0.01922 |       0.01081 |       0.01426 |       1.00000 |       1.00000 |      36.45852 |      35.94555 |    3526.48730 |    3386.59131 |     136.08763 |    3526.15210 |      36.50000 |      36.00000 | 
     51.91682 |      35.71301 |       0.01926 |       0.01081 |       0.01426 |       1.00000 |       1.00000 |      36.45849 |      35.94555 |    3524.93188 |    3384.78149 |     136.34171 |    3524.59668 |      36.50000 |      36.00000 | 
     51.88541 |      36.53235 |       0.01927 |       0.01081 |       0.01426 |       1.00000 |       1.00000 |      36.45846 |      35.94555 |    3523.38013 |    3382.97437 |     136.59724 |    3523.04492 |      36.50000 |      36.00000 | 
     51.65036 |      37.00278 |       0.01936 |       0.01081 |       0.01426 |       1.00000 |       1.00000 |      36.45843 |      35.94556 |    3521.79663 |    3381.12817 |     136.86024 |    3521.46143 |      36.50000 |      36.00000 | 
     51.38150 |      36.21220 |       0.01946 |       0.01081 |       0.01426 |       1.00000 |       1.00000 |      36.45840 |      35.94556 |    3520.20361 |    3379.26831 |     137.12688 |    3519.86841 |      36.50000 |      36.00000 | 
     50.84551 |      46.52678 |       0.01967 |       0.01081 |       0.01426 |       1.00000 |       1.00000 |      36.45835 |      35.94557 |    3517.75781 |    3376.40869 |     137.54073 |    3517.42432 |      36.50000 |      36.00000 | 
     51.77016 |      20.84028 |       0.01932 |       0.01081 |       0.01426 |       1.00000 |       1.00000 |      36.45829 |      35.94558 |    3514.88184 |    3373.03955 |     138.03401 |    3514.54834 |      36.50000 |      36.00000 | 
     51.68655 |      35.79995 |       0.01935 |       0.01081 |       0.01426 |       1.00000 |       1.00000 |      36.45826 |      35.94558 |    3513.32129 |    3371.20850 |     138.30452 |    3512.98779 |      36.50000 |      36.00000 | 
     51.43552 |      37.37759 |       0.01944 |       0.01081 |       0.01426 |       1.00000 |       1.00000 |      36.45823 |      35.94558 |    3511.72681 |    3369.33569 |     138.58304 |    3511.39331 |      36.50000 |      36.00000 | 
     52.30881 |      30.42936 |       0.01912 |       0.01081 |       0.01426 |       1.00000 |       1.00000 |      36.45818 |      35.94559 |    3509.20312 |    3366.36646 |     139.02829 |    3508.86963 |      36.50000 |      36.00000 | 
     51.14895 |      38.44823 |       0.01955 |       0.01081 |       0.01426 |       1.00000 |       1.00000 |      36.45813 |      35.94559 |    3506.68481 |    3363.39844 |     139.47804 |    3506.35132 |      36.50000 |      36.00000 | 
     51.26716 |      36.53368 |       0.01951 |       0.01081 |       0.01426 |       1.00000 |       1.00000 |      36.45810 |      35.94560 |    3505.12866 |    3361.61890 |     139.70102 |    3504.79517 |      36.50000 |      36.00000 | 
     51.30316 |      37.43916 |       0.01949 |       0.01081 |       0.01426 |       1.00000 |       1.00000 |      36.45807 |      35.94560 |    3503.56079 |    3360.45239 |     139.30019 |    3503.22754 |      36.50000 |      36.00000 | 
     51.28045 |      36.24502 |       0.01950 |       0.00995 |       0.01460 |       1.00000 |       1.00000 |      36.45804 |      35.94560 |    3501.99097 |    3359.28271 |     138.90009 |    3501.65747 |      36.50000 |      36.00000 | 
     51.12594 |      36.06723 |       0.01956 |       0.00995 |       0.01460 |       1.00000 |       1.00000 |      36.45801 |      35.94561 |    3500.40210 |    3358.09814 |     138.49631 |    3500.06860 |      36.50000 |      36.00000 | 
     50.95961 |      35.43084 |       0.01962 |       0.00995 |       0.01460 |       1.00000 |       1.00000 |      36.45798 |      35.94561 |    3498.80908 |    3356.90820 |     138.09267 |    3498.47559 |      36.50000 |      36.00000 | 
     50.79063 |      35.81277 |       0.01969 |       0.00995 |       0.01460 |       1.00000 |       1.00000 |      36.45795 |      35.94561 |    3497.20801 |    3355.71143 |     137.68826 |    3496.87451 |      36.50000 |      36.00000 | 
     50.61910 |      37.80289 |       0.01976 |       0.00995 |       0.01460 |       1.00000 |       1.00000 |      36.45792 |      35.94561 |    3495.59180 |    3354.50244 |     137.28136 |    3495.25830 |      36.50000 |      36.00000 | 
     50.36273 |      36.05293 |       0.01986 |       0.00995 |       0.01460 |       1.00000 |       1.00000 |      36.45788 |      35.94562 |    3493.96460 |    3353.28320 |     136.87285 |    3493.63110 |      36.50000 |      36.00000 | 
     50.05381 |      34.70053 |       0.01998 |       0.00995 |       0.01460 |       1.00000 |       1.00000 |      36.45785 |      35.94562 |    3492.32642 |    3352.05542 |     136.46294 |    3491.99292 |      36.50000 |      36.00000 | 
     49.49395 |      36.55238 |       0.02020 |       0.00995 |       0.01460 |       1.00000 |       1.00000 |      36.45782 |      35.94563 |    3490.62939 |    3350.78174 |     136.03967 |    3490.29590 |      36.50000 |      36.00000 | 
     47.79882 |      31.93460 |       0.02092 |       0.00995 |       0.01460 |       1.00000 |       1.00000 |      36.45778 |      35.94563 |    3488.75000 |    3349.36938 |     135.57263 |    3488.41675 |      36.50000 |      36.00000 | 
     47.93423 |      37.52064 |       0.02086 |       0.00995 |       0.01460 |       1.00000 |       1.00000 |      36.45775 |      35.94563 |    3487.07324 |    3348.10767 |     135.15730 |    3486.73975 |      36.50000 |      36.00000 | 
     51.30074 |      95.48363 |       0.01949 |       0.00995 |       0.01460 |       1.00000 |       1.00000 |      36.45771 |      35.94563 |    3484.96875 |    3346.52271 |     134.63797 |    3484.63525 |      36.50000 |      36.00000 | 
     48.80478 |      34.88940 |       0.02049 |       0.00995 |       0.01460 |       1.00000 |       1.00000 |      36.45765 |      35.94564 |    3482.17798 |    3344.41699 |     133.95270 |    3481.84448 |      36.50000 |      36.00000 | 
     49.26536 |      36.16375 |       0.02030 |       0.00995 |       0.01460 |       1.00000 |       1.00000 |      36.45762 |      35.94564 |    3480.59521 |    3343.22144 |     133.56587 |    3480.26196 |      36.50000 |      36.00000 | 
     49.09377 |      35.96734 |       0.02037 |       0.00995 |       0.01460 |       1.00000 |       1.00000 |      36.45759 |      35.94564 |    3478.93115 |    3341.96265 |     133.16032 |    3478.59766 |      36.50000 |      36.00000 | 
     49.51687 |      36.48969 |       0.02020 |       0.00995 |       0.01460 |       1.00000 |       1.00000 |      36.45756 |      35.94564 |    3477.35132 |    3340.76660 |     132.77657 |    3477.01782 |      36.50000 |      36.00000 | 
     49.99333 |      36.92762 |       0.02000 |       0.00995 |       0.01460 |       1.00000 |       1.00000 |      36.45753 |      35.94564 |    3475.79175 |    3339.58472 |     132.39886 |    3475.45825 |      36.50000 |      36.00000 | 
     54.16738 |     102.98661 |       0.01846 |       0.00995 |       0.01460 |       1.00000 |       1.00000 |      36.45749 |      35.94564 |    3473.86938 |    3338.12598 |     131.93509 |    3473.53589 |      36.50000 |      36.00000 | 
     52.03721 |      37.67188 |       0.01922 |       0.00995 |       0.01460 |       1.00000 |       1.00000 |      36.45744 |      35.94565 |    3471.29590 |    3336.17090 |     131.31703 |    3470.96240 |      36.50000 |      36.00000 | 
     52.07512 |      35.71939 |       0.01920 |       0.00995 |       0.01460 |       1.00000 |       1.00000 |      36.45741 |      35.94565 |    3469.76099 |    3335.00293 |     130.94997 |    3469.42773 |      36.50000 |      36.00000 | 
     51.95221 |      36.70802 |       0.01925 |       0.00995 |       0.01460 |       1.00000 |       1.00000 |      36.45738 |      35.94565 |    3468.20044 |    3333.81445 |     130.57799 |    3467.86890 |      36.50000 |      36.00000 | 
     51.74294 |      35.07049 |       0.01933 |       0.00995 |       0.01460 |       1.00000 |       1.00000 |      36.45735 |      35.94565 |    3466.63110 |    3332.61792 |     130.20511 |    3466.29956 |      36.50000 |      36.00000 | 
     51.54863 |      36.28052 |       0.01940 |       0.00995 |       0.01460 |       1.00000 |       1.00000 |      36.45732 |      35.94565 |    3465.05127 |    3331.41211 |     129.83090 |    3464.71948 |      36.50000 |      36.00000 | 
     54.59445 |      96.05225 |       0.01832 |       0.00995 |       0.01460 |       1.00000 |       1.00000 |      36.45728 |      35.94565 |    3463.03101 |    3329.86865 |     129.35426 |    3462.69946 |      36.50000 |      36.00000 | 
     52.52368 |      92.99731 |       0.01904 |       0.01095 |       0.01571 |       1.00000 |       1.00000 |      36.45723 |      35.94566 |    3460.37012 |    3327.83252 |     128.72952 |    3460.03833 |      36.50000 |      36.00000 | 
     49.74851 |      34.67767 |       0.02010 |       0.01095 |       0.01571 |       1.00000 |       1.00000 |      36.45717 |      35.94566 |    3457.61768 |    3325.72241 |     128.08710 |    3457.28589 |      36.50000 |      36.00000 | 
     49.96802 |      35.47105 |       0.02001 |       0.01095 |       0.01571 |       1.00000 |       1.00000 |      36.45714 |      35.94566 |    3456.03369 |    3324.50659 |     127.71911 |    3455.70190 |      36.50000 |      36.00000 | 
     49.92331 |      36.48570 |       0.02003 |       0.01095 |       0.01571 |       1.00000 |       1.00000 |      36.45711 |      35.94566 |    3454.41260 |    3323.26099 |     127.34378 |    3454.08105 |      36.50000 |      36.00000 | 
     50.09591 |      37.66336 |       0.01996 |       0.01095 |       0.01571 |       1.00000 |       1.00000 |      36.45708 |      35.94566 |    3452.81812 |    3322.03394 |     126.97587 |    3452.48633 |      36.50000 |      36.00000 | 
     50.37634 |      37.47424 |       0.01985 |       0.01095 |       0.01571 |       1.00000 |       1.00000 |      36.45705 |      35.94566 |    3451.24634 |    3320.82349 |     126.61443 |    3450.91455 |      36.50000 |      36.00000 | 
     50.55808 |      38.43789 |       0.01978 |       0.01095 |       0.01571 |       1.00000 |       1.00000 |      36.45702 |      35.94566 |    3449.66553 |    3319.60522 |     126.25214 |    3449.33374 |      36.50000 |      36.00000 | 
     50.91040 |      38.22192 |       0.01964 |       0.01095 |       0.01571 |       1.00000 |       1.00000 |      36.45699 |      35.94566 |    3448.11670 |    3318.41016 |     125.89843 |    3447.78491 |      36.50000 |      36.00000 | 
     51.14316 |      38.94233 |       0.01955 |       0.01095 |       0.01571 |       1.00000 |       1.00000 |      36.45695 |      35.94566 |    3446.55908 |    3317.20703 |     125.54398 |    3446.22754 |      36.50000 |      36.00000 | 
     51.12896 |      37.52627 |       0.01956 |       0.01095 |       0.01571 |       1.00000 |       1.00000 |      36.45692 |      35.94566 |    3444.97949 |    3315.98584 |     125.18568 |    3444.64771 |      36.50000 |      36.00000 | 
     51.38631 |      37.31622 |       0.01946 |       0.01095 |       0.01571 |       1.00000 |       1.00000 |      36.45689 |      35.94566 |    3443.43945 |    3314.79370 |     124.83755 |    3443.10767 |      36.50000 |      36.00000 | 
     51.57782 |      39.27576 |       0.01939 |       0.01095 |       0.01571 |       1.00000 |       1.00000 |      36.45686 |      35.94566 |    3441.89038 |    3313.59351 |     124.48864 |    3441.55884 |      36.50000 |      36.00000 | 
     54.22012 |      91.24088 |       0.01844 |       0.01095 |       0.01571 |       1.00000 |       1.00000 |      36.45682 |      35.94566 |    3439.81201 |    3311.98169 |     124.02234 |    3439.48022 |      36.50000 |      36.00000 | 
     50.84167 |      40.53342 |       0.01967 |       0.01095 |       0.01571 |       1.00000 |       1.00000 |      36.45677 |      35.94566 |    3437.04053 |    3309.82837 |     123.40413 |    3436.70874 |      36.50000 |      36.00000 | 
     50.99897 |      36.35967 |       0.01961 |       0.01095 |       0.01571 |       1.00000 |       1.00000 |      36.45674 |      35.94566 |    3435.48071 |    3308.61475 |     123.05784 |    3435.14893 |      36.50000 |      36.00000 | 
     50.79211 |      35.98546 |       0.01969 |       0.01095 |       0.01571 |       1.00000 |       1.00000 |      36.45669 |      35.94566 |    3433.05249 |    3306.72314 |     122.52128 |    3432.72095 |      36.50000 |      36.00000 | 
     50.96054 |      35.31822 |       0.01962 |       0.01095 |       0.01571 |       1.00000 |       1.00000 |      36.45666 |      35.94566 |    3431.49756 |    3305.51001 |     122.17928 |    3431.16602 |      36.50000 |      36.00000 | 
     51.14002 |      36.66092 |       0.01955 |       0.01095 |       0.01571 |       1.00000 |       1.00000 |      36.45663 |      35.94566 |    3429.94360 |    3304.29663 |     121.83879 |    3429.61206 |      36.50000 |      36.00000 | 
     51.46785 |      36.04773 |       0.01943 |       0.01095 |       0.01571 |       1.00000 |       1.00000 |      36.45660 |      35.94565 |    3428.41968 |    3303.10547 |     121.50600 |    3428.08813 |      36.50000 |      36.00000 | 
     51.65687 |      36.85821 |       0.01936 |       0.01095 |       0.01571 |       1.00000 |       1.00000 |      36.45657 |      35.94565 |    3426.88306 |    3301.90332 |     121.17162 |    3426.55127 |      36.50000 |      36.00000 | 
     51.52229 |      36.58447 |       0.01941 |       0.01095 |       0.01571 |       1.00000 |       1.00000 |      36.45654 |      35.94565 |    3425.30762 |    3300.66943 |     120.83015 |    3424.97607 |      36.50000 |      36.00000 | 
     51.52993 |      37.18716 |       0.01941 |       0.01095 |       0.01571 |       1.00000 |       1.00000 |      36.45651 |      35.94565 |    3423.74561 |    3299.44458 |     120.49276 |    3423.41382 |      36.50000 |      36.00000 | 
     51.43744 |      36.70802 |       0.01944 |       0.01095 |       0.01571 |       1.00000 |       1.00000 |      36.45647 |      35.94565 |    3422.17139 |    3298.20923 |     120.15408 |    3421.83960 |      36.50000 |      36.00000 | 
     55.12176 |      99.60159 |       0.01814 |       0.01095 |       0.01571 |       1.00000 |       1.00000 |      36.45644 |      35.94565 |    3420.24023 |    3296.69165 |     119.74024 |    3419.90845 |      36.50000 |      36.00000 | 
     51.62398 |      36.95628 |       0.01937 |       0.01077 |       0.01506 |       1.00000 |       1.00000 |      36.45639 |      35.94564 |    3417.52490 |    3294.55493 |     119.16184 |    3417.19507 |      36.50000 |      36.00000 | 
     51.51489 |      36.33193 |       0.01941 |       0.01077 |       0.01506 |       1.00000 |       1.00000 |      36.45636 |      35.94564 |    3415.95312 |    3293.31616 |     118.82870 |    3415.62329 |      36.50000 |      36.00000 | 
     50.79944 |      34.76326 |       0.01969 |       0.01077 |       0.01506 |       1.00000 |       1.00000 |      36.45632 |      35.94564 |    3414.29736 |    3292.01025 |     118.47916 |    3413.96729 |      36.50000 |      36.00000 | 
     50.85760 |      36.85821 |       0.01966 |       0.01077 |       0.01506 |       1.00000 |       1.00000 |      36.45629 |      35.94564 |    3412.71948 |    3290.76392 |     118.14748 |    3412.38965 |      36.50000 |      36.00000 | 
     53.90414 |      93.69437 |       0.01855 |       0.01077 |       0.01506 |       1.00000 |       1.00000 |      36.45625 |      35.94564 |    3410.67920 |    3289.15063 |     117.72026 |    3410.34912 |      36.50000 |      36.00000 | 
     51.36341 |      37.74012 |       0.01947 |       0.01077 |       0.01506 |       1.00000 |       1.00000 |      36.45620 |      35.94563 |    3408.03101 |    3287.05347 |     117.16932 |    3407.70117 |      36.50000 |      36.00000 | 
     54.93631 |      92.42999 |       0.01820 |       0.01077 |       0.01506 |       1.00000 |       1.00000 |      36.45616 |      35.94563 |    3406.08789 |    3285.51245 |     116.76721 |    3405.75781 |      36.50000 |      36.00000 | 
     52.03719 |      38.14319 |       0.01922 |       0.01077 |       0.01506 |       1.00000 |       1.00000 |      36.45611 |      35.94563 |    3403.44971 |    3283.41699 |     116.22453 |    3403.11987 |      36.50000 |      36.00000 | 
     51.48546 |      35.53534 |       0.01942 |       0.01077 |       0.01506 |       1.00000 |       1.00000 |      36.45608 |      35.94563 |    3401.83325 |    3282.13135 |     115.89382 |    3401.50317 |      36.50000 |      36.00000 | 
     51.10801 |      34.91011 |       0.01957 |       0.01077 |       0.01506 |       1.00000 |       1.00000 |      36.45605 |      35.94562 |    3400.22485 |    3280.85083 |     115.56617 |    3399.89502 |      36.50000 |      36.00000 | 
     50.70717 |      35.42958 |       0.01972 |       0.01077 |       0.01506 |       1.00000 |       1.00000 |      36.45602 |      35.94562 |    3398.59717 |    3279.55322 |     115.23595 |    3398.26709 |      36.50000 |      36.00000 | 
     50.65696 |      36.77958 |       0.01974 |       0.01077 |       0.01506 |       1.00000 |       1.00000 |      36.45598 |      35.94562 |    3397.00073 |    3278.27905 |     114.91334 |    3396.67065 |      36.50000 |      36.00000 | 
     50.42652 |      35.84743 |       0.01983 |       0.01077 |       0.01506 |       1.00000 |       1.00000 |      36.45595 |      35.94561 |    3395.37988 |    3276.98486 |     114.58729 |    3395.05005 |      36.50000 |      36.00000 | 
     50.32646 |      36.37687 |       0.01987 |       0.01077 |       0.01506 |       1.00000 |       1.00000 |      36.45592 |      35.94561 |    3393.76807 |    3275.69580 |     114.26440 |    3393.43823 |      36.50000 |      36.00000 | 
     50.39256 |      37.50657 |       0.01984 |       0.01077 |       0.01506 |       1.00000 |       1.00000 |      36.45589 |      35.94561 |    3392.17261 |    3274.41846 |     113.94604 |    3391.84277 |      36.50000 |      36.00000 | 
     49.97623 |      36.23320 |       0.02001 |       0.01077 |       0.01506 |       1.00000 |       1.00000 |      36.45586 |      35.94561 |    3390.51245 |    3273.08813 |     113.61638 |    3390.18262 |      36.50000 |      36.00000 | 
     49.69005 |      34.58054 |       0.02012 |       0.01077 |       0.01506 |       1.00000 |       1.00000 |      36.45583 |      35.94560 |    3388.86450 |    3271.76587 |     113.29047 |    3388.53467 |      36.50000 |      36.00000 | 
     50.01665 |      36.17552 |       0.01999 |       0.01077 |       0.01506 |       1.00000 |       1.00000 |      36.45580 |      35.94560 |    3387.29199 |    3270.50317 |     112.98087 |    3386.96216 |      36.50000 |      36.00000 | 
     50.18152 |      36.26473 |       0.01993 |       0.01077 |       0.01506 |       1.00000 |       1.00000 |      36.45576 |      35.94559 |    3385.70605 |    3269.22778 |     112.66994 |    3385.37598 |      36.50000 |      36.00000 | 
     50.17290 |      36.50434 |       0.01993 |       0.01077 |       0.01506 |       1.00000 |       1.00000 |      36.45573 |      35.94559 |    3384.09839 |    3267.93408 |     112.35610 |    3383.76855 |      36.50000 |      36.00000 | 
     50.18569 |      35.75003 |       0.01993 |       0.01077 |       0.01506 |       1.00000 |       1.00000 |      36.45570 |      35.94559 |    3382.49707 |    3266.64404 |     112.04492 |    3382.16724 |      36.50000 |      36.00000 | 
     50.39548 |      36.06463 |       0.01984 |       0.01077 |       0.01506 |       1.00000 |       1.00000 |      36.45567 |      35.94558 |    3380.92432 |    3265.37573 |     111.74063 |    3380.59424 |      36.50000 |      36.00000 | 
     50.43952 |      36.11673 |       0.01983 |       0.01077 |       0.01506 |       1.00000 |       1.00000 |      36.45564 |      35.94558 |    3379.33350 |    3264.09131 |     111.43423 |    3379.00366 |      36.50000 |      36.00000 | 
     50.50650 |      37.15124 |       0.01980 |       0.01077 |       0.01506 |       1.00000 |       1.00000 |      36.45561 |      35.94558 |    3377.74316 |    3262.80591 |     111.12920 |    3377.41333 |      36.50000 |      36.00000 | 
     50.64477 |      36.13761 |       0.01975 |       0.01040 |       0.01472 |       1.00000 |       1.00000 |      36.45558 |      35.94557 |    3376.17017 |    3261.53320 |     110.82891 |    3375.84009 |      36.50000 |      36.00000 | 
     50.82784 |      36.09978 |       0.01967 |       0.01040 |       0.01472 |       1.00000 |       1.00000 |      36.45555 |      35.94557 |    3374.60840 |    3260.26855 |     110.53199 |    3374.27856 |      36.50000 |      36.00000 | 
     50.78633 |      38.74467 |       0.01969 |       0.01040 |       0.01472 |       1.00000 |       1.00000 |      36.45552 |      35.94556 |    3373.00879 |    3258.97168 |     110.22932 |    3372.67896 |      36.50000 |      36.00000 | 
     49.73317 |      32.32898 |       0.02011 |       0.01040 |       0.01472 |       1.00000 |       1.00000 |      36.45548 |      35.94556 |    3371.28638 |    3257.57349 |     109.90488 |    3370.95654 |      36.50000 |      36.00000 | 
     49.32639 |      36.64614 |       0.02027 |       0.01040 |       0.01472 |       1.00000 |       1.00000 |      36.45543 |      35.94555 |    3368.75049 |    3255.51245 |     109.43006 |    3368.42041 |      36.50000 |      36.00000 | 
     52.89694 |      99.30486 |       0.01890 |       0.01040 |       0.01472 |       1.00000 |       1.00000 |      36.45539 |      35.94555 |    3366.72168 |    3253.86084 |     109.05266 |    3366.39355 |      36.50000 |      36.00000 | 
     49.88992 |      36.52301 |       0.02004 |       0.01040 |       0.01472 |       1.00000 |       1.00000 |      36.45534 |      35.94554 |    3363.94312 |    3251.59570 |     108.53929 |    3363.61499 |      36.50000 |      36.00000 | 
     50.20103 |      36.54570 |       0.01992 |       0.01040 |       0.01472 |       1.00000 |       1.00000 |      36.45531 |      35.94554 |    3362.37354 |    3250.31445 |     108.25106 |    3362.04541 |      36.50000 |      36.00000 | 
     50.39776 |      37.20654 |       0.01984 |       0.01040 |       0.01472 |       1.00000 |       1.00000 |      36.45528 |      35.94553 |    3360.79468 |    3249.02393 |     107.96243 |    3360.46631 |      36.50000 |      36.00000 | 
     50.46891 |      37.23979 |       0.01981 |       0.01040 |       0.01472 |       1.00000 |       1.00000 |      36.45525 |      35.94553 |    3359.20361 |    3247.72266 |     107.67291 |    3358.87549 |      36.50000 |      36.00000 | 
     51.47362 |      31.27052 |       0.01943 |       0.01040 |       0.01472 |       1.00000 |       1.00000 |      36.45520 |      35.94552 |    3356.69849 |    3245.67090 |     107.21970 |    3356.37036 |      36.50000 |      36.00000 | 
     51.21189 |      37.61378 |       0.01953 |       0.01040 |       0.01472 |       1.00000 |       1.00000 |      36.45517 |      35.94551 |    3355.09497 |    3244.35571 |     106.93132 |    3354.76685 |      36.50000 |      36.00000 | 
     54.20006 |      90.31792 |       0.01845 |       0.01040 |       0.01472 |       1.00000 |       1.00000 |      36.45513 |      35.94551 |    3353.05322 |    3242.67920 |     106.56596 |    3352.72510 |      36.50000 |      36.00000 | 
     49.14952 |      37.51360 |       0.02035 |       0.01040 |       0.01472 |       1.00000 |       1.00000 |      36.45509 |      35.94550 |    3350.85767 |    3240.87402 |     106.17553 |    3350.52930 |      36.50000 |      36.00000 | 
     54.57469 |      80.99789 |       0.01832 |       0.01040 |       0.01472 |       1.00000 |       1.00000 |      36.45507 |      35.94550 |    3349.89185 |    3240.07910 |     106.00458 |    3349.56348 |      36.50000 |      36.00000 | 
     51.75304 |      85.47739 |       0.01932 |       0.01040 |       0.01472 |       1.00000 |       1.00000 |      36.45500 |      35.94548 |    3346.44360 |    3237.23706 |     105.39833 |    3346.11523 |      36.50000 |      36.00000 | 
     50.37363 |      21.82501 |       0.01985 |       0.01040 |       0.01472 |       1.00000 |       1.00000 |      36.45495 |      35.94548 |    3344.09033 |    3235.29419 |     104.98801 |    3343.76221 |      36.50000 |      36.00000 | 
     55.32962 |      96.18159 |       0.01807 |       0.01040 |       0.01472 |       1.00000 |       1.00000 |      36.45492 |      35.94547 |    3342.23120 |    3233.75732 |     104.66572 |    3341.90283 |      36.50000 |      36.00000 | 
     51.02815 |      76.51694 |       0.01960 |       0.01040 |       0.01472 |       1.00000 |       1.00000 |      36.45485 |      35.94546 |    3338.48047 |    3230.65137 |     104.02106 |    3338.15234 |      36.50000 |      36.00000 | 
     48.63538 |      19.95012 |       0.02056 |       0.01040 |       0.01472 |       1.00000 |       1.00000 |      36.45480 |      35.94545 |    3335.89722 |    3228.50781 |     103.58118 |    3335.56885 |      36.50000 |      36.00000 | 
     49.35870 |      39.50071 |       0.02026 |       0.01040 |       0.01472 |       1.00000 |       1.00000 |      36.45475 |      35.94544 |    3333.48047 |    3226.50000 |     103.17245 |    3333.15234 |      36.50000 |      36.00000 | 
     55.37967 |      95.54749 |       0.01806 |       0.01046 |       0.01377 |       1.00000 |       1.00000 |      36.45473 |      35.94543 |    3332.58130 |    3225.75220 |     103.02106 |    3332.25293 |      36.50000 |      36.00000 | 
     51.71309 |      90.93389 |       0.01934 |       0.01046 |       0.01377 |       1.00000 |       1.00000 |      36.45466 |      35.94542 |    3328.84497 |    3222.64014 |     102.39673 |    3328.51685 |      36.50000 |      36.00000 | 
     55.59723 |      94.81369 |       0.01799 |       0.01046 |       0.01377 |       1.00000 |       1.00000 |      36.45462 |      35.94541 |    3326.88013 |    3221.00122 |     102.07094 |    3326.55200 |      36.50000 |      36.00000 | 
     51.68967 |      39.48199 |       0.01935 |       0.01046 |       0.01377 |       1.00000 |       1.00000 |      36.45456 |      35.94540 |    3323.55981 |    3218.22656 |     101.52493 |    3323.23169 |      36.50000 |      36.00000 | 
     55.04148 |      89.30166 |       0.01817 |       0.01046 |       0.01377 |       1.00000 |       1.00000 |      36.45452 |      35.94539 |    3321.61060 |    3216.59570 |     101.20686 |    3321.28247 |      36.50000 |      36.00000 | 
     52.15501 |      39.37163 |       0.01917 |       0.01046 |       0.01377 |       1.00000 |       1.00000 |      36.45447 |      35.94538 |    3318.98950 |    3214.39868 |     100.78275 |    3318.66113 |      36.50000 |      36.00000 | 
     51.73724 |      37.21346 |       0.01933 |       0.01046 |       0.01377 |       1.00000 |       1.00000 |      36.45444 |      35.94537 |    3317.39697 |    3213.06226 |     100.52666 |    3317.06885 |      36.50000 |      36.00000 | 
     52.04431 |      39.40421 |       0.01921 |       0.01046 |       0.01377 |       1.00000 |       1.00000 |      36.45441 |      35.94536 |    3315.88379 |    3211.79102 |     100.28444 |    3315.55542 |      36.50000 |      36.00000 | 
     54.80823 |      91.24088 |       0.01825 |       0.01046 |       0.01377 |       1.00000 |       1.00000 |      36.45437 |      35.94535 |    3313.85962 |    3210.08936 |      99.96219 |    3313.53149 |      36.50000 |      36.00000 | 
     51.37024 |      37.39716 |       0.01947 |       0.01046 |       0.01377 |       1.00000 |       1.00000 |      36.45432 |      35.94534 |    3311.15137 |    3207.80908 |      99.53417 |    3310.82666 |      36.50000 |      36.00000 | 
     50.95940 |      36.85821 |       0.01962 |       0.01046 |       0.01377 |       1.00000 |       1.00000 |      36.45428 |      35.94534 |    3309.53613 |    3206.44751 |      99.28040 |    3309.21143 |      36.50000 |      36.00000 | 
     50.23635 |      34.21260 |       0.01991 |       0.01046 |       0.01377 |       1.00000 |       1.00000 |      36.45425 |      35.94533 |    3307.87256 |    3205.04395 |      99.02047 |    3307.54785 |      36.50000 |      36.00000 | 
     50.33262 |      37.59964 |       0.01987 |       0.01046 |       0.01377 |       1.00000 |       1.00000 |      36.45422 |      35.94532 |    3306.28979 |    3203.70728 |      98.77431 |    3305.96509 |      36.50000 |      36.00000 | 
     50.14017 |      34.91864 |       0.01994 |       0.01046 |       0.01377 |       1.00000 |       1.00000 |      36.45419 |      35.94531 |    3304.67969 |    3202.34644 |      98.52509 |    3304.35498 |      36.50000 |      36.00000 | 
     50.21504 |      38.12138 |       0.01991 |       0.01046 |       0.01377 |       1.00000 |       1.00000 |      36.45416 |      35.94530 |    3303.08911 |    3201.00073 |      98.28013 |    3302.76440 |      36.50000 |      36.00000 | 
     50.06770 |      36.36099 |       0.01997 |       0.01046 |       0.01377 |       1.00000 |       1.00000 |      36.45411 |      35.94529 |    3300.64795 |    3198.93335 |      97.90641 |    3300.32324 |      36.50000 |      36.00000 | 
     50.35450 |      35.93761 |       0.01986 |       0.01046 |       0.01377 |       1.00000 |       1.00000 |      36.45408 |      35.94529 |    3299.09692 |    3197.61865 |      97.67035 |    3298.77222 |      36.50000 |      36.00000 | 
     49.99317 |      36.07764 |       0.02000 |       0.01046 |       0.01377 |       1.00000 |       1.00000 |      36.45405 |      35.94527 |    3297.45923 |    3196.22876 |      97.42242 |    3297.13452 |      36.50000 |      36.00000 | 
     49.89449 |      36.26079 |       0.02004 |       0.01046 |       0.01377 |       1.00000 |       1.00000 |      36.45402 |      35.94527 |    3295.84741 |    3194.85986 |      97.17955 |    3295.52271 |      36.50000 |      36.00000 | 
     49.88121 |      36.97541 |       0.02005 |       0.01046 |       0.01377 |       1.00000 |       1.00000 |      36.45399 |      35.94526 |    3294.24243 |    3193.49561 |      96.93885 |    3293.91772 |      36.50000 |      36.00000 | 
     52.91338 |      90.28530 |       0.01890 |       0.01046 |       0.01377 |       1.00000 |       1.00000 |      36.45395 |      35.94525 |    3292.18848 |    3191.74780 |      96.63255 |    3291.86377 |      36.50000 |      36.00000 | 
     49.23653 |      36.43651 |       0.02031 |       0.01046 |       0.01377 |       1.00000 |       1.00000 |      36.45390 |      35.94523 |    3289.33691 |    3189.31812 |      96.21059 |    3289.01221 |      36.50000 |      36.00000 | 
     49.47797 |      35.85257 |       0.02021 |       0.01083 |       0.01494 |       1.00000 |       1.00000 |      36.45387 |      35.94522 |    3287.75439 |    3187.96826 |      95.97791 |    3287.42969 |      36.50000 |      36.00000 | 
     49.43254 |      35.93761 |       0.02023 |       0.01083 |       0.01494 |       1.00000 |       1.00000 |      36.45383 |      35.94522 |    3286.13623 |    3186.58691 |      95.74126 |    3285.81152 |      36.50000 |      36.00000 | 
     49.72214 |      36.03993 |       0.02011 |       0.01083 |       0.01494 |       1.00000 |       1.00000 |      36.45380 |      35.94521 |    3284.56763 |    3185.24658 |      95.51295 |    3284.24292 |      36.50000 |      36.00000 | 
     49.90310 |      36.83920 |       0.02004 |       0.01083 |       0.01494 |       1.00000 |       1.00000 |      36.45377 |      35.94520 |    3282.98950 |    3183.89697 |      95.28441 |    3282.66479 |      36.50000 |      36.00000 | 
     49.64897 |      35.82945 |       0.02014 |       0.01083 |       0.01494 |       1.00000 |       1.00000 |      36.45374 |      35.94519 |    3281.35693 |    3182.49976 |      95.04908 |    3281.03223 |      36.50000 |      36.00000 | 
     49.74286 |      34.89792 |       0.02010 |       0.01083 |       0.01494 |       1.00000 |       1.00000 |      36.45371 |      35.94518 |    3279.77295 |    3181.14307 |      94.82191 |    3279.44824 |      36.50000 |      36.00000 | 
     49.90390 |      36.72825 |       0.02004 |       0.01083 |       0.01494 |       1.00000 |       1.00000 |      36.45368 |      35.94518 |    3278.19458 |    3179.78979 |      94.59663 |    3277.86987 |      36.50000 |      36.00000 | 
     49.92772 |      38.59663 |       0.02003 |       0.01083 |       0.01494 |       1.00000 |       1.00000 |      36.45365 |      35.94516 |    3276.59399 |    3178.41675 |      94.36929 |    3276.26929 |      36.50000 |      36.00000 | 
     49.63418 |      36.27526 |       0.02015 |       0.01083 |       0.01494 |       1.00000 |       1.00000 |      36.45362 |      35.94516 |    3274.95679 |    3177.01099 |      94.13787 |    3274.63208 |      36.50000 |      36.00000 | 
     49.59146 |      38.52971 |       0.02016 |       0.01083 |       0.01494 |       1.00000 |       1.00000 |      36.45359 |      35.94514 |    3273.33838 |    3175.61987 |      93.91023 |    3273.01367 |      36.50000 |      36.00000 | 
     49.64976 |      36.30687 |       0.02014 |       0.01083 |       0.01494 |       1.00000 |       1.00000 |      36.45356 |      35.94514 |    3271.74365 |    3174.24878 |      93.68701 |    3271.41895 |      36.50000 |      36.00000 | 
     49.88678 |      37.67756 |       0.02005 |       0.01083 |       0.01494 |       1.00000 |       1.00000 |      36.45353 |      35.94513 |    3270.17285 |    3172.89648 |      93.46823 |    3269.84814 |      36.50000 |      36.00000 | 
     49.90957 |      37.53754 |       0.02004 |       0.01083 |       0.01494 |       1.00000 |       1.00000 |      36.45350 |      35.94512 |    3268.57959 |    3171.52417 |      93.24730 |    3268.25488 |      36.50000 |      36.00000 | 
     51.02757 |      29.44641 |       0.01960 |       0.01083 |       0.01494 |       1.00000 |       1.00000 |      36.45345 |      35.94510 |    3266.04272 |    3169.33691 |      92.89773 |    3265.71802 |      36.50000 |      36.00000 | 
     51.15636 |      37.82291 |       0.01955 |       0.01083 |       0.01494 |       1.00000 |       1.00000 |      36.45341 |      35.94510 |    3264.50488 |    3168.00977 |      92.68699 |    3264.18018 |      36.50000 |      36.00000 | 
     51.10941 |      38.33474 |       0.01957 |       0.01083 |       0.01494 |       1.00000 |       1.00000 |      36.45338 |      35.94508 |    3262.94507 |    3166.66284 |      92.47434 |    3262.62036 |      36.50000 |      36.00000 | 
     54.51012 |      96.45992 |       0.01835 |       0.01083 |       0.01494 |       1.00000 |       1.00000 |      36.45335 |      35.94507 |    3261.00122 |    3164.98267 |      92.21055 |    3260.67651 |      36.50000 |      36.00000 | 
     51.77401 |      37.44897 |       0.01931 |       0.01083 |       0.01494 |       1.00000 |       1.00000 |      36.45330 |      35.94506 |    3258.41309 |    3162.74341 |      91.86179 |    3258.08838 |      36.50000 |      36.00000 | 
     51.39477 |      35.97770 |       0.01946 |       0.01083 |       0.01494 |       1.00000 |       1.00000 |      36.45327 |      35.94505 |    3256.84155 |    3161.38232 |      91.65119 |    3256.51685 |      36.50000 |      36.00000 | 
     54.62273 |      90.13882 |       0.01831 |       0.01083 |       0.01494 |       1.00000 |       1.00000 |      36.45323 |      35.94503 |    3254.89233 |    3159.69287 |      91.39133 |    3254.56934 |      36.50000 |      36.00000 | 
     51.10281 |      35.97511 |       0.01957 |       0.01083 |       0.01494 |       1.00000 |       1.00000 |      36.45318 |      35.94502 |    3252.20776 |    3157.36377 |      91.03582 |    3251.88501 |      36.50000 |      36.00000 | 
     50.40676 |      36.12717 |       0.01984 |       0.01083 |       0.01494 |       1.00000 |       1.00000 |      36.45313 |      35.94500 |    3249.76660 |    3155.24341 |      90.71488 |    3249.44360 |      36.50000 |      36.00000 | 
     50.46698 |      35.74237 |       0.01981 |       0.01083 |       0.01494 |       1.00000 |       1.00000 |      36.45310 |      35.94499 |    3248.21948 |    3153.89868 |      90.51262 |    3247.89648 |      36.50000 |      36.00000 | 
     50.52902 |      36.52568 |       0.01979 |       0.01093 |       0.01453 |       1.00000 |       1.00000 |      36.45307 |      35.94498 |    3246.67261 |    3152.55347 |      90.31127 |    3246.34961 |      36.50000 |      36.00000 | 
     50.69544 |      36.56040 |       0.01973 |       0.01093 |       0.01453 |       1.00000 |       1.00000 |      36.45304 |      35.94497 |    3245.14429 |    3151.22314 |      90.11320 |    3244.82129 |      36.50000 |      36.00000 | 
     50.77814 |      38.16211 |       0.01969 |       0.01093 |       0.01453 |       1.00000 |       1.00000 |      36.45300 |      35.94496 |    3242.80078 |    3149.18188 |      89.81102 |    3242.47803 |      36.50000 |      36.00000 | 
     56.90613 |      97.18173 |       0.01757 |       0.01093 |       0.01453 |       1.00000 |       1.00000 |      36.45298 |      35.94495 |    3241.94238 |    3148.43359 |      89.70079 |    3241.61938 |      36.50000 |      36.00000 | 
     52.67573 |      99.38382 |       0.01898 |       0.01093 |       0.01453 |       1.00000 |       1.00000 |      36.45291 |      35.94493 |    3238.27393 |    3145.23291 |      89.23295 |    3237.95093 |      36.50000 |      36.00000 | 
     50.16476 |      36.02176 |       0.01993 |       0.01093 |       0.01453 |       1.00000 |       1.00000 |      36.45286 |      35.94491 |    3235.65039 |    3142.94116 |      88.90121 |    3235.32764 |      36.50000 |      36.00000 | 
     50.29844 |      35.21251 |       0.01988 |       0.01093 |       0.01453 |       1.00000 |       1.00000 |      36.45283 |      35.94490 |    3234.12329 |    3141.60596 |      88.70914 |    3233.80029 |      36.50000 |      36.00000 | 
     50.32086 |      35.97640 |       0.01987 |       0.01093 |       0.01453 |       1.00000 |       1.00000 |      36.45280 |      35.94489 |    3232.58276 |    3140.25830 |      88.51619 |    3232.25977 |      36.50000 |      36.00000 | 
     53.52087 |      98.04883 |       0.01868 |       0.01093 |       0.01453 |       1.00000 |       1.00000 |      36.45276 |      35.94487 |    3230.61304 |    3138.53418 |      88.27067 |    3230.29004 |      36.50000 |      36.00000 | 
     50.22789 |      36.46840 |       0.01991 |       0.01093 |       0.01453 |       1.00000 |       1.00000 |      36.45271 |      35.94485 |    3227.93726 |    3136.18970 |      87.93919 |    3227.61426 |      36.50000 |      36.00000 | 
     50.17469 |      36.94536 |       0.01993 |       0.01093 |       0.01453 |       1.00000 |       1.00000 |      36.45267 |      35.94484 |    3226.38672 |    3134.83032 |      87.74823 |    3226.06372 |      36.50000 |      36.00000 | 
     50.16767 |      36.55104 |       0.01993 |       0.01093 |       0.01453 |       1.00000 |       1.00000 |      36.45265 |      35.94483 |    3224.84473 |    3133.47754 |      87.55906 |    3224.52173 |      36.50000 |      36.00000 | 
     50.15593 |      36.13369 |       0.01994 |       0.01093 |       0.01453 |       1.00000 |       1.00000 |      36.45262 |      35.94482 |    3223.30542 |    3132.12622 |      87.37100 |    3222.98242 |      36.50000 |      36.00000 | 
     50.10262 |      36.52835 |       0.01996 |       0.01093 |       0.01453 |       1.00000 |       1.00000 |      36.45259 |      35.94481 |    3221.76001 |    3130.76904 |      87.18300 |    3221.43701 |      36.50000 |      36.00000 | 
     49.93727 |      38.45858 |       0.02003 |       0.01093 |       0.01453 |       1.00000 |       1.00000 |      36.45256 |      35.94480 |    3220.19067 |    3129.38965 |      86.99287 |    3219.86768 |      36.50000 |      36.00000 | 
     49.88869 |      36.97815 |       0.02004 |       0.01093 |       0.01453 |       1.00000 |       1.00000 |      36.45253 |      35.94479 |    3218.64062 |    3128.02661 |      86.80587 |    3218.31763 |      36.50000 |      36.00000 | 
     50.21217 |      36.39540 |       0.01992 |       0.01093 |       0.01453 |       1.00000 |       1.00000 |      36.45250 |      35.94477 |    3217.14697 |    3126.71240 |      86.62640 |    3216.82397 |      36.50000 |      36.00000 | 
     50.41748 |      35.80764 |       0.01983 |       0.01093 |       0.01453 |       1.00000 |       1.00000 |      36.45247 |      35.94476 |    3215.65137 |    3125.39575 |      86.44747 |    3215.32837 |      36.50000 |      36.00000 | 
     50.64938 |      36.15721 |       0.01974 |       0.01093 |       0.01453 |       1.00000 |       1.00000 |      36.45244 |      35.94476 |    3214.16626 |    3124.08765 |      86.27045 |    3213.84326 |      36.50000 |      36.00000 | 
     50.80396 |      35.93503 |       0.01968 |       0.01093 |       0.01453 |       1.00000 |       1.00000 |      36.45241 |      35.94474 |    3212.68091 |    3122.77881 |      86.09409 |    3212.35791 |      36.50000 |      36.00000 | 
     51.12577 |      35.96476 |       0.01956 |       0.01093 |       0.01453 |       1.00000 |       1.00000 |      36.45238 |      35.94473 |    3211.22510 |    3121.49512 |      85.92184 |    3210.90210 |      36.50000 |      36.00000 | 
     54.84544 |     106.68943 |       0.01823 |       0.01093 |       0.01453 |       1.00000 |       1.00000 |      36.45234 |      35.94472 |    3209.38599 |    3119.87280 |      85.70541 |    3209.06299 |      36.50000 |      36.00000 | 
     51.45731 |      35.90922 |       0.01943 |       0.01093 |       0.01453 |       1.00000 |       1.00000 |      36.45229 |      35.94470 |    3206.82153 |    3117.60840 |      85.40520 |    3206.49878 |      36.50000 |      36.00000 | 
     54.95261 |     104.72301 |       0.01820 |       0.00981 |       0.01469 |       1.00000 |       1.00000 |      36.45226 |      35.94468 |    3204.96704 |    3115.96948 |      85.18933 |    3204.64404 |      36.50000 |      36.00000 | 
     52.17108 |      37.30508 |       0.01917 |       0.00981 |       0.01469 |       1.00000 |       1.00000 |      36.45221 |      35.94466 |    3202.49780 |    3113.78589 |      84.90366 |    3202.17480 |      36.50000 |      36.00000 | 
     55.76287 |     101.04072 |       0.01793 |       0.00981 |       0.01469 |       1.00000 |       1.00000 |      36.45217 |      35.94465 |    3200.69238 |    3112.18848 |      84.69592 |    3200.37109 |      36.50000 |      36.00000 | 
     52.66665 |      37.06037 |       0.01899 |       0.00981 |       0.01469 |       1.00000 |       1.00000 |      36.45212 |      35.94463 |    3198.23755 |    3110.01416 |      84.41506 |    3197.91626 |      36.50000 |      36.00000 | 
     52.56125 |      36.63675 |       0.01903 |       0.00981 |       0.01469 |       1.00000 |       1.00000 |      36.45210 |      35.94462 |    3196.79834 |    3108.73877 |      84.25129 |    3196.47705 |      36.50000 |      36.00000 | 
     52.58838 |      37.02881 |       0.01902 |       0.00981 |       0.01469 |       1.00000 |       1.00000 |      36.45206 |      35.94461 |    3195.37305 |    3107.47534 |      84.08974 |    3195.05200 |      36.50000 |      36.00000 | 
     52.64319 |      37.82578 |       0.01900 |       0.00981 |       0.01469 |       1.00000 |       1.00000 |      36.45204 |      35.94460 |    3193.95117 |    3106.21387 |      83.92908 |    3193.62988 |      36.50000 |      36.00000 | 
     52.52624 |      38.87269 |       0.01904 |       0.00981 |       0.01469 |       1.00000 |       1.00000 |      36.45201 |      35.94458 |    3192.50684 |    3104.93237 |      83.76655 |    3192.18555 |      36.50000 |      36.00000 | 
     52.21833 |      38.63838 |       0.01915 |       0.00981 |       0.01469 |       1.00000 |       1.00000 |      36.45198 |      35.94457 |    3191.03735 |    3103.62744 |      83.60183 |    3190.71606 |      36.50000 |      36.00000 | 
     54.97510 |      88.40952 |       0.01819 |       0.00981 |       0.01469 |       1.00000 |       1.00000 |      36.45194 |      35.94456 |    3189.14722 |    3101.94849 |      83.39085 |    3188.82617 |      36.50000 |      36.00000 | 
     51.41654 |      35.68497 |       0.01945 |       0.00981 |       0.01469 |       1.00000 |       1.00000 |      36.45189 |      35.94453 |    3186.62036 |    3099.70166 |      83.11059 |    3186.29907 |      36.50000 |      36.00000 | 
     51.18482 |      35.97122 |       0.01954 |       0.00981 |       0.01469 |       1.00000 |       1.00000 |      36.45186 |      35.94452 |    3185.14429 |    3098.38843 |      82.94766 |    3184.82300 |      36.50000 |      36.00000 | 
     50.88993 |      36.88404 |       0.01965 |       0.00981 |       0.01469 |       1.00000 |       1.00000 |      36.45183 |      35.94451 |    3183.65039 |    3097.05859 |      82.78349 |    3183.32910 |      36.50000 |      36.00000 | 
     50.71033 |      35.30824 |       0.01972 |       0.00981 |       0.01469 |       1.00000 |       1.00000 |      36.45181 |      35.94450 |    3182.17114 |    3095.74146 |      82.62151 |    3181.84985 |      36.50000 |      36.00000 | 
     50.18278 |      36.06983 |       0.01993 |       0.00981 |       0.01469 |       1.00000 |       1.00000 |      36.45176 |      35.94448 |    3179.87305 |    3093.69385 |      82.37129 |    3179.55200 |      36.50000 |      36.00000 | 
     50.14104 |      36.35306 |       0.01994 |       0.00981 |       0.01469 |       1.00000 |       1.00000 |      36.45173 |      35.94447 |    3178.39062 |    3092.37183 |      82.21062 |    3178.06934 |      36.50000 |      36.00000 | 
     49.94964 |      35.23608 |       0.02002 |       0.00981 |       0.01469 |       1.00000 |       1.00000 |      36.45170 |      35.94445 |    3176.89282 |    3091.03589 |      82.04888 |    3176.57153 |      36.50000 |      36.00000 | 
     50.08349 |      36.59117 |       0.01997 |       0.00981 |       0.01469 |       1.00000 |       1.00000 |      36.45167 |      35.94444 |    3175.43018 |    3089.73047 |      81.89172 |    3175.10889 |      36.50000 |      36.00000 | 
     49.99936 |      37.14572 |       0.02000 |       0.00981 |       0.01469 |       1.00000 |       1.00000 |      36.45164 |      35.94443 |    3173.94165 |    3088.40112 |      81.73230 |    3173.62036 |      36.50000 |      36.00000 | 
     50.19877 |      37.63077 |       0.01992 |       0.00981 |       0.01469 |       1.00000 |       1.00000 |      36.45161 |      35.94441 |    3172.48950 |    3087.10400 |      81.57746 |    3172.16821 |      36.50000 |      36.00000 | 
     50.48890 |      37.80433 |       0.01981 |       0.00981 |       0.01469 |       1.00000 |       1.00000 |      36.45158 |      35.94440 |    3171.05737 |    3085.82397 |      81.42527 |    3170.73608 |      36.50000 |      36.00000 | 
     51.03875 |      38.23507 |       0.01959 |       0.00981 |       0.01469 |       1.00000 |       1.00000 |      36.45155 |      35.94439 |    3169.66870 |    3084.58228 |      81.27835 |    3169.34741 |      36.50000 |      36.00000 | 
     51.20504 |      37.50375 |       0.01953 |       0.00981 |       0.01469 |       1.00000 |       1.00000 |      36.45152 |      35.94438 |    3168.25024 |    3083.31323 |      81.12887 |    3167.92920 |      36.50000 |      36.00000 | 
     51.10180 |      36.64614 |       0.01957 |       0.01038 |       0.01443 |       1.00000 |       1.00000 |      36.45150 |      35.94436 |    3166.80688 |    3082.02148 |      80.97726 |    3166.48560 |      36.50000 |      36.00000 | 
     54.37351 |      93.02325 |       0.01839 |       0.01038 |       0.01443 |       1.00000 |       1.00000 |      36.45146 |      35.94435 |    3164.99170 |    3080.45581 |      80.72800 |    3164.67065 |      36.50000 |      36.00000 | 
     51.94743 |      38.12865 |       0.01925 |       0.01038 |       0.01443 |       1.00000 |       1.00000 |      36.45141 |      35.94432 |    3162.63110 |    3078.43604 |      80.38669 |    3162.30981 |      36.50000 |      36.00000 | 
     55.49251 |      98.03922 |       0.01802 |       0.01038 |       0.01443 |       1.00000 |       1.00000 |      36.45137 |      35.94431 |    3160.87793 |    3076.93579 |      80.13393 |    3160.55664 |      36.50000 |      36.00000 | 
     52.93374 |      38.25555 |       0.01889 |       0.01038 |       0.01443 |       1.00000 |       1.00000 |      36.45133 |      35.94429 |    3158.56396 |    3074.95435 |      79.80154 |    3158.24268 |      36.50000 |      36.00000 | 
     52.73785 |      35.95312 |       0.01896 |       0.01038 |       0.01443 |       1.00000 |       1.00000 |      36.45130 |      35.94427 |    3157.17651 |    3073.76562 |      79.60276 |    3156.85522 |      36.50000 |      36.00000 | 
     52.62522 |      36.14545 |       0.01900 |       0.01038 |       0.01443 |       1.00000 |       1.00000 |      36.45127 |      35.94426 |    3155.79419 |    3072.58081 |      79.40524 |    3155.47290 |      36.50000 |      36.00000 | 
     52.99382 |      30.32508 |       0.01887 |       0.01038 |       0.01443 |       1.00000 |       1.00000 |      36.45123 |      35.94424 |    3153.56177 |    3070.66650 |      79.08708 |    3153.24048 |      36.50000 |      36.00000 | 
     52.79495 |      36.56575 |       0.01894 |       0.01038 |       0.01443 |       1.00000 |       1.00000 |      36.45120 |      35.94423 |    3152.17944 |    3069.48047 |      78.89068 |    3151.85815 |      36.50000 |      36.00000 | 
     52.64301 |      36.24764 |       0.01900 |       0.01038 |       0.01443 |       1.00000 |       1.00000 |      36.45117 |      35.94422 |    3150.79980 |    3068.29663 |      78.69510 |    3150.47852 |      36.50000 |      36.00000 | 
     55.37310 |      92.77299 |       0.01806 |       0.01038 |       0.01443 |       1.00000 |       1.00000 |      36.45113 |      35.94420 |    3148.99097 |    3066.74365 |      78.43921 |    3148.66968 |      36.50000 |      36.00000 | 
     51.53027 |      36.95082 |       0.01941 |       0.01038 |       0.01443 |       1.00000 |       1.00000 |      36.45108 |      35.94418 |    3146.53271 |    3064.63159 |      78.09268 |    3146.21143 |      36.50000 |      36.00000 | 
     51.03296 |      36.33721 |       0.01960 |       0.01038 |       0.01443 |       1.00000 |       1.00000 |      36.45105 |      35.94416 |    3145.07739 |    3063.38110 |      77.88821 |    3144.75635 |      36.50000 |      36.00000 | 
     51.69926 |      24.73533 |       0.01934 |       0.01038 |       0.01443 |       1.00000 |       1.00000 |      36.45100 |      35.94414 |    3142.64380 |    3061.28833 |      77.54732 |    3142.32422 |      36.50000 |      36.00000 | 
     50.73098 |      37.01236 |       0.01971 |       0.01038 |       0.01443 |       1.00000 |       1.00000 |      36.45096 |      35.94412 |    3140.40723 |    3059.36401 |      77.23511 |    3140.08765 |      36.50000 |      36.00000 | 
     49.92230 |      38.28924 |       0.02003 |       0.01038 |       0.01443 |       1.00000 |       1.00000 |      36.45093 |      35.94410 |    3138.88501 |    3058.05347 |      77.02328 |    3138.56543 |      36.50000 |      36.00000 | 
     50.01003 |      37.24533 |       0.02000 |       0.01038 |       0.01443 |       1.00000 |       1.00000 |      36.45090 |      35.94409 |    3137.46191 |    3056.82837 |      76.82569 |    3137.14258 |      36.50000 |      36.00000 | 
     50.15346 |      36.07764 |       0.01994 |       0.01038 |       0.01443 |       1.00000 |       1.00000 |      36.45087 |      35.94408 |    3136.05444 |    3055.61548 |      76.63092 |    3135.73511 |      36.50000 |      36.00000 | 
     50.37571 |      36.24239 |       0.01985 |       0.01038 |       0.01443 |       1.00000 |       1.00000 |      36.45084 |      35.94406 |    3134.66211 |    3054.41528 |      76.43883 |    3134.34253 |      36.50000 |      36.00000 | 
     50.70850 |      37.26616 |       0.01972 |       0.01038 |       0.01443 |       1.00000 |       1.00000 |      36.45081 |      35.94405 |    3133.28809 |    3053.23022 |      76.24970 |    3132.96851 |      36.50000 |      36.00000 | 
     51.18462 |      37.69176 |       0.01954 |       0.01038 |       0.01443 |       1.00000 |       1.00000 |      36.45078 |      35.94403 |    3131.94189 |    3052.06885 |      76.06491 |    3131.62231 |      36.50000 |      36.00000 | 
     51.47382 |      37.65627 |       0.01943 |       0.01038 |       0.01443 |       1.00000 |       1.00000 |      36.45076 |      35.94402 |    3130.58691 |    3050.89941 |      75.87939 |    3130.26733 |      36.50000 |      36.00000 | 
     51.61402 |      37.29395 |       0.01937 |       0.01074 |       0.01540 |       1.00000 |       1.00000 |      36.45073 |      35.94401 |    3129.22412 |    3049.72266 |      75.69330 |    3128.90454 |      36.50000 |      36.00000 | 
     51.65717 |      36.51767 |       0.01936 |       0.01074 |       0.01540 |       1.00000 |       1.00000 |      36.45070 |      35.94399 |    3127.85742 |    3048.54199 |      75.50726 |    3127.53784 |      36.50000 |      36.00000 | 
     51.46529 |      36.41396 |       0.01943 |       0.01074 |       0.01540 |       1.00000 |       1.00000 |      36.45067 |      35.94398 |    3126.46411 |    3047.33789 |      75.31822 |    3126.14478 |      36.50000 |      36.00000 | 
     51.29554 |      35.92212 |       0.01949 |       0.01074 |       0.01540 |       1.00000 |       1.00000 |      36.45064 |      35.94397 |    3125.07129 |    3046.13354 |      75.12971 |    3124.75171 |      36.50000 |      36.00000 | 
     51.16121 |      35.69899 |       0.01955 |       0.01074 |       0.01540 |       1.00000 |       1.00000 |      36.45061 |      35.94395 |    3123.67969 |    3044.92969 |      74.94211 |    3123.36035 |      36.50000 |      36.00000 | 
     51.16874 |      35.84743 |       0.01954 |       0.01074 |       0.01540 |       1.00000 |       1.00000 |      36.45058 |      35.94394 |    3122.30273 |    3043.73755 |      74.75700 |    3121.98340 |      36.50000 |      36.00000 | 
     51.20594 |      35.78202 |       0.01953 |       0.01074 |       0.01540 |       1.00000 |       1.00000 |      36.45056 |      35.94392 |    3120.93115 |    3042.54980 |      74.57328 |    3120.61182 |      36.50000 |      36.00000 | 
     51.34837 |      36.18861 |       0.01947 |       0.01074 |       0.01540 |       1.00000 |       1.00000 |      36.45053 |      35.94391 |    3119.57349 |    3041.37354 |      74.39200 |    3119.25415 |      36.50000 |      36.00000 | 
     51.20013 |      35.08895 |       0.01953 |       0.01074 |       0.01540 |       1.00000 |       1.00000 |      36.45050 |      35.94389 |    3118.18896 |    3040.17285 |      74.20782 |    3117.86938 |      36.50000 |      36.00000 | 
     50.91890 |      36.20434 |       0.01964 |       0.01074 |       0.01540 |       1.00000 |       1.00000 |      36.45047 |      35.94388 |    3116.77930 |    3038.95020 |      74.02099 |    3116.45996 |      36.50000 |      36.00000 | 
     50.94983 |      36.86908 |       0.01963 |       0.01074 |       0.01540 |       1.00000 |       1.00000 |      36.45044 |      35.94387 |    3115.39966 |    3037.75269 |      73.83886 |    3115.08008 |      36.50000 |      36.00000 | 
     54.99860 |      82.55593 |       0.01818 |       0.01074 |       0.01540 |       1.00000 |       1.00000 |      36.45041 |      35.94385 |    3113.69482 |    3036.27222 |      73.61472 |    3113.37549 |      36.50000 |      36.00000 | 
     51.40378 |      91.07468 |       0.01945 |       0.01074 |       0.01540 |       1.00000 |       1.00000 |      36.45034 |      35.94381 |    3110.50635 |    3033.50293 |      73.19541 |    3110.18701 |      36.50000 |      36.00000 | 
     48.87617 |      35.85772 |       0.02046 |       0.01074 |       0.01540 |       1.00000 |       1.00000 |      36.45029 |      35.94379 |    3108.06958 |    3031.47510 |      72.78652 |    3107.75000 |      36.50000 |      36.00000 | 
     48.21656 |      32.00512 |       0.02074 |       0.01074 |       0.01540 |       1.00000 |       1.00000 |      36.45026 |      35.94377 |    3106.55737 |    3030.21533 |      72.53398 |    3106.23779 |      36.50000 |      36.00000 | 
     48.24191 |      36.63943 |       0.02073 |       0.01074 |       0.01540 |       1.00000 |       1.00000 |      36.45021 |      35.94375 |    3104.34229 |    3028.36865 |      72.16568 |    3104.02295 |      36.50000 |      36.00000 | 
     48.49196 |      35.96864 |       0.02062 |       0.01074 |       0.01540 |       1.00000 |       1.00000 |      36.45019 |      35.94373 |    3102.92139 |    3027.18286 |      71.93054 |    3102.60205 |      36.50000 |      36.00000 | 
     48.82332 |      35.67606 |       0.02048 |       0.01074 |       0.01540 |       1.00000 |       1.00000 |      36.45016 |      35.94372 |    3101.52173 |    3026.01392 |      71.69965 |    3101.20215 |      36.50000 |      36.00000 | 
     48.98158 |      35.14321 |       0.02042 |       0.01074 |       0.01540 |       1.00000 |       1.00000 |      36.45013 |      35.94370 |    3100.11157 |    3024.83545 |      71.46794 |    3099.79199 |      36.50000 |      36.00000 | 
     49.29325 |      36.21220 |       0.02029 |       0.01074 |       0.01540 |       1.00000 |       1.00000 |      36.45010 |      35.94369 |    3098.72363 |    3023.67480 |      71.24074 |    3098.40430 |      36.50000 |      36.00000 | 
     49.56254 |      36.06723 |       0.02018 |       0.01074 |       0.01540 |       1.00000 |       1.00000 |      36.45007 |      35.94367 |    3097.34106 |    3022.51758 |      71.01521 |    3097.02148 |      36.50000 |      36.00000 | 
     49.71379 |      36.80801 |       0.02012 |       0.01074 |       0.01540 |       1.00000 |       1.00000 |      36.45004 |      35.94366 |    3095.94873 |    3021.35156 |      70.78899 |    3095.62915 |      36.50000 |      36.00000 | 
     49.67961 |      35.47105 |       0.02013 |       0.01074 |       0.01540 |       1.00000 |       1.00000 |      36.45001 |      35.94364 |    3094.54272 |    3020.17310 |      70.56142 |    3094.22314 |      36.50000 |      36.00000 | 
     49.85913 |      35.81405 |       0.02006 |       0.01074 |       0.01540 |       1.00000 |       1.00000 |      36.44999 |      35.94363 |    3093.16333 |    3019.01636 |      70.33900 |    3092.84375 |      36.50000 |      36.00000 | 
     49.84347 |      38.21899 |       0.02006 |       0.01052 |       0.01476 |       1.00000 |       1.00000 |      36.44995 |      35.94361 |    3091.75562 |    3017.83472 |      70.11290 |    3091.43604 |      36.50000 |      36.00000 | 
     49.69682 |      36.11151 |       0.02012 |       0.01052 |       0.01476 |       1.00000 |       1.00000 |      36.44993 |      35.94360 |    3090.33887 |    3016.64429 |      69.88638 |    3090.01929 |      36.50000 |      36.00000 | 
     49.60069 |      35.25471 |       0.02016 |       0.01052 |       0.01476 |       1.00000 |       1.00000 |      36.44990 |      35.94358 |    3088.92847 |    3015.45850 |      69.66172 |    3088.60889 |      36.50000 |      36.00000 | 
     49.85385 |      35.95570 |       0.02006 |       0.01052 |       0.01476 |       1.00000 |       1.00000 |      36.44987 |      35.94357 |    3087.55933 |    3014.30664 |      69.44453 |    3087.24146 |      36.50000 |      36.00000 | 
     49.04474 |      33.02074 |       0.02039 |       0.01052 |       0.01476 |       1.00000 |       1.00000 |      36.44984 |      35.94355 |    3086.07007 |    3013.05249 |      69.20939 |    3085.75220 |      36.50000 |      36.00000 | 
     48.43657 |      36.04383 |       0.02065 |       0.01052 |       0.01476 |       1.00000 |       1.00000 |      36.44979 |      35.94352 |    3083.82349 |    3011.15894 |      68.85661 |    3083.50562 |      36.50000 |      36.00000 | 
     48.75487 |      35.60620 |       0.02051 |       0.01052 |       0.01476 |       1.00000 |       1.00000 |      36.44976 |      35.94350 |    3082.43237 |    3009.98486 |      68.63947 |    3082.11475 |      36.50000 |      36.00000 | 
     49.21272 |      38.54753 |       0.02032 |       0.01052 |       0.01476 |       1.00000 |       1.00000 |      36.44974 |      35.94349 |    3081.06006 |    3008.82568 |      68.42609 |    3080.74219 |      36.50000 |      36.00000 | 
     49.81516 |      38.37151 |       0.02007 |       0.01052 |       0.01476 |       1.00000 |       1.00000 |      36.44971 |      35.94347 |    3079.72144 |    3007.69434 |      68.21900 |    3079.40381 |      36.50000 |      36.00000 | 
     52.88873 |      84.33125 |       0.01891 |       0.01052 |       0.01476 |       1.00000 |       1.00000 |      36.44967 |      35.94345 |    3077.94458 |    3006.19116 |      67.94537 |    3077.62671 |      36.50000 |      36.00000 | 
     50.94899 |      38.50449 |       0.01963 |       0.01052 |       0.01476 |       1.00000 |       1.00000 |      36.44963 |      35.94343 |    3075.69702 |    3004.28735 |      67.60162 |    3075.37939 |      36.50000 |      36.00000 | 
     51.22282 |      38.57281 |       0.01952 |       0.01052 |       0.01476 |       1.00000 |       1.00000 |      36.44960 |      35.94341 |    3074.36841 |    3003.16089 |      67.39965 |    3074.05054 |      36.50000 |      36.00000 | 
     51.14301 |      37.47002 |       0.01955 |       0.01052 |       0.01476 |       1.00000 |       1.00000 |      36.44957 |      35.94340 |    3073.00854 |    3002.00635 |      67.19386 |    3072.69067 |      36.50000 |      36.00000 | 
     49.99388 |      31.89182 |       0.02000 |       0.01052 |       0.01476 |       1.00000 |       1.00000 |      36.44954 |      35.94338 |    3071.53491 |    3000.75488 |      66.97202 |    3071.21729 |      36.50000 |      36.00000 | 
     50.12309 |      38.86514 |       0.01995 |       0.01052 |       0.01476 |       1.00000 |       1.00000 |      36.44950 |      35.94336 |    3069.44556 |    2998.97827 |      66.65936 |    3069.12793 |      36.50000 |      36.00000 | 
     50.26411 |      37.00825 |       0.01989 |       0.01052 |       0.01476 |       1.00000 |       1.00000 |      36.44947 |      35.94334 |    3068.08643 |    2997.82129 |      66.45727 |    3067.76880 |      36.50000 |      36.00000 | 
     50.51830 |      36.36231 |       0.01979 |       0.01052 |       0.01476 |       1.00000 |       1.00000 |      36.44944 |      35.94332 |    3066.74927 |    2996.68188 |      66.25935 |    3066.43164 |      36.50000 |      36.00000 | 
     50.28740 |      36.64480 |       0.01989 |       0.01052 |       0.01476 |       1.00000 |       1.00000 |      36.44941 |      35.94331 |    3065.35815 |    2995.49536 |      66.05448 |    3065.04028 |      36.50000 |      36.00000 | 
     50.50452 |      35.90664 |       0.01980 |       0.01052 |       0.01476 |       1.00000 |       1.00000 |      36.44939 |      35.94329 |    3064.02075 |    2994.35425 |      65.85848 |    3063.70312 |      36.50000 |      36.00000 | 
     50.63687 |      35.78714 |       0.01975 |       0.01052 |       0.01476 |       1.00000 |       1.00000 |      36.44936 |      35.94327 |    3062.68066 |    2993.20947 |      65.66309 |    3062.36304 |      36.50000 |      36.00000 | 
     50.52106 |      36.54570 |       0.01979 |       0.01052 |       0.01476 |       1.00000 |       1.00000 |      36.44933 |      35.94326 |    3061.31128 |    2992.03882 |      65.46447 |    3060.99365 |      36.50000 |      36.00000 | 
     50.38955 |      36.00749 |       0.01985 |       0.01052 |       0.01476 |       1.00000 |       1.00000 |      36.44930 |      35.94324 |    3059.93970 |    2990.86499 |      65.26657 |    3059.62183 |      36.50000 |      36.00000 | 
     50.16123 |      35.70791 |       0.01994 |       0.01052 |       0.01476 |       1.00000 |       1.00000 |      36.44927 |      35.94322 |    3058.55396 |    2989.67822 |      65.06773 |    3058.23608 |      36.50000 |      36.00000 | 
     50.07578 |      35.95312 |       0.01997 |       0.01052 |       0.01476 |       1.00000 |       1.00000 |      36.44925 |      35.94320 |    3057.17969 |    2988.50024 |      64.87156 |    3056.86206 |      36.50000 |      36.00000 | 
     49.93668 |      36.63138 |       0.02003 |       0.01076 |       0.01467 |       1.00000 |       1.00000 |      36.44922 |      35.94319 |    3055.79443 |    2987.31152 |      64.67497 |    3055.47681 |      36.50000 |      36.00000 | 
     50.17983 |      36.05423 |       0.01993 |       0.01076 |       0.01467 |       1.00000 |       1.00000 |      36.44919 |      35.94317 |    3054.45752 |    2986.16333 |      64.48621 |    3054.13989 |      36.50000 |      36.00000 | 
     50.35120 |      35.79995 |       0.01986 |       0.01076 |       0.01467 |       1.00000 |       1.00000 |      36.44916 |      35.94315 |    3053.12085 |    2985.01416 |      64.29855 |    3052.80298 |      36.50000 |      36.00000 | 
     50.48957 |      36.12456 |       0.01981 |       0.01076 |       0.01467 |       1.00000 |       1.00000 |      36.44913 |      35.94314 |    3051.78467 |    2983.86475 |      64.11199 |    3051.46680 |      36.50000 |      36.00000 | 
     50.91944 |      37.82434 |       0.01964 |       0.01076 |       0.01467 |       1.00000 |       1.00000 |      36.44911 |      35.94312 |    3050.48364 |    2982.74414 |      63.93130 |    3050.16602 |      36.50000 |      36.00000 | 
     50.97232 |      37.36781 |       0.01962 |       0.01076 |       0.01467 |       1.00000 |       1.00000 |      36.44908 |      35.94310 |    3049.15112 |    2981.59595 |      63.74728 |    3048.83350 |      36.50000 |      36.00000 | 
     50.96965 |      36.65823 |       0.01962 |       0.01076 |       0.01467 |       1.00000 |       1.00000 |      36.44905 |      35.94308 |    3047.81714 |    2980.44507 |      63.56412 |    3047.49927 |      36.50000 |      36.00000 | 
     50.90256 |      36.58983 |       0.01965 |       0.01076 |       0.01467 |       1.00000 |       1.00000 |      36.44902 |      35.94307 |    3046.47656 |    2979.28735 |      63.38111 |    3046.15869 |      36.50000 |      36.00000 | 
     50.66764 |      37.91325 |       0.01974 |       0.01076 |       0.01467 |       1.00000 |       1.00000 |      36.44900 |      35.94305 |    3045.10986 |    2978.10620 |      63.19567 |    3044.79199 |      36.50000 |      36.00000 | 
     50.55119 |      36.01916 |       0.01978 |       0.01076 |       0.01467 |       1.00000 |       1.00000 |      36.44897 |      35.94303 |    3043.75903 |    2976.93774 |      63.01342 |    3043.44141 |      36.50000 |      36.00000 | 
     50.80198 |      36.75254 |       0.01968 |       0.01076 |       0.01467 |       1.00000 |       1.00000 |      36.44894 |      35.94302 |    3042.44897 |    2975.80322 |      62.83776 |    3042.13135 |      36.50000 |      36.00000 | 
     51.02877 |      39.30354 |       0.01960 |       0.01076 |       0.01467 |       1.00000 |       1.00000 |      36.44892 |      35.94300 |    3041.13550 |    2974.66479 |      62.66259 |    3040.81787 |      36.50000 |      36.00000 | 
     54.31094 |      93.30969 |       0.01841 |       0.01076 |       0.01467 |       1.00000 |       1.00000 |      36.44888 |      35.94298 |    3039.45386 |    2973.20581 |      62.44002 |    3039.13623 |      36.50000 |      36.00000 | 
     51.37671 |      37.64777 |       0.01946 |       0.01076 |       0.01467 |       1.00000 |       1.00000 |      36.44884 |      35.94295 |    3037.20532 |    2971.25220 |      62.14503 |    3036.88770 |      36.50000 |      36.00000 | 
     50.87260 |      37.28839 |       0.01966 |       0.01076 |       0.01467 |       1.00000 |       1.00000 |      36.44881 |      35.94293 |    3035.83154 |    2970.05688 |      61.96645 |    3035.51367 |      36.50000 |      36.00000 | 
     50.47492 |      37.00004 |       0.01981 |       0.01076 |       0.01467 |       1.00000 |       1.00000 |      36.44878 |      35.94291 |    3034.45801 |    2968.86084 |      61.78904 |    3034.14014 |      36.50000 |      36.00000 | 
     50.70146 |      36.72825 |       0.01972 |       0.01076 |       0.01467 |       1.00000 |       1.00000 |      36.44875 |      35.94289 |    3033.15234 |    2967.72290 |      61.62144 |    3032.83472 |      36.50000 |      36.00000 | 
     54.75188 |      71.00256 |       0.01826 |       0.01076 |       0.01467 |       1.00000 |       1.00000 |      36.44873 |      35.94288 |    3032.22266 |    2966.91187 |      61.50269 |    3031.90503 |      36.50000 |      36.00000 | 
     52.77922 |      91.55832 |       0.01895 |       0.01076 |       0.01467 |       1.00000 |       1.00000 |      36.44868 |      35.94284 |    3029.59888 |    2964.61963 |      61.17095 |    3029.28467 |      36.50000 |      36.00000 | 
     50.92643 |      38.27898 |       0.01964 |       0.01076 |       0.01467 |       1.00000 |       1.00000 |      36.44864 |      35.94281 |    3027.43213 |    2962.72388 |      60.90015 |    3027.11792 |      36.50000 |      36.00000 | 
     51.24315 |      38.74768 |       0.01951 |       0.01076 |       0.01467 |       1.00000 |       1.00000 |      36.44861 |      35.94279 |    3026.15088 |    2961.60132 |      60.74137 |    3025.83643 |      36.50000 |      36.00000 | 
     54.38957 |      91.31586 |       0.01839 |       0.01076 |       0.01467 |       1.00000 |       1.00000 |      36.44857 |      35.94277 |    3024.48706 |    2960.14209 |      60.53694 |    3024.17285 |      36.50000 |      36.00000 | 
     51.69113 |      37.31761 |       0.01935 |       0.01076 |       0.01467 |       1.00000 |       1.00000 |      36.44853 |      35.94274 |    3022.30469 |    2958.22534 |      60.27145 |    3021.99048 |      36.50000 |      36.00000 | 
     51.71085 |      37.36223 |       0.01934 |       0.01101 |       0.01503 |       1.00000 |       1.00000 |      36.44851 |      35.94272 |    3021.01953 |    2957.09497 |      60.11663 |    3020.70532 |      36.50000 |      36.00000 | 
     51.61732 |      36.67168 |       0.01937 |       0.01101 |       0.01503 |       1.00000 |       1.00000 |      36.44848 |      35.94271 |    3019.72534 |    2955.95557 |      59.96180 |    3019.41113 |      36.50000 |      36.00000 | 
     51.65670 |      37.53190 |       0.01936 |       0.01101 |       0.01503 |       1.00000 |       1.00000 |      36.44845 |      35.94269 |    3018.44287 |    2954.82520 |      59.80955 |    3018.12866 |      36.50000 |      36.00000 | 
     51.67633 |      36.45776 |       0.01935 |       0.01101 |       0.01503 |       1.00000 |       1.00000 |      36.44843 |      35.94267 |    3017.16431 |    2953.69727 |      59.65887 |    3016.85010 |      36.50000 |      36.00000 | 
     51.64727 |      36.05293 |       0.01936 |       0.01101 |       0.01503 |       1.00000 |       1.00000 |      36.44840 |      35.94265 |    3015.88354 |    2952.56641 |      59.50907 |    3015.56909 |      36.50000 |      36.00000 | 
     51.60911 |      35.93761 |       0.01938 |       0.01101 |       0.01503 |       1.00000 |       1.00000 |      36.44837 |      35.94263 |    3014.60254 |    2951.43433 |      59.36031 |    3014.28833 |      36.50000 |      36.00000 | 
     51.51913 |      36.24633 |       0.01941 |       0.01101 |       0.01503 |       1.00000 |       1.00000 |      36.44835 |      35.94261 |    3013.31519 |    2950.29492 |      59.21203 |    3013.00073 |      36.50000 |      36.00000 | 
     51.31960 |      19.90000 |       0.01949 |       0.01101 |       0.01503 |       1.00000 |       1.00000 |      36.44830 |      35.94258 |    3010.96167 |    2948.20923 |      58.94426 |    3010.64722 |      36.50000 |      36.00000 | 
     50.63652 |      37.70881 |       0.01975 |       0.01101 |       0.01503 |       1.00000 |       1.00000 |      36.44825 |      35.94254 |    3008.64307 |    2946.15088 |      58.68402 |    3008.32886 |      36.50000 |      36.00000 | 
     50.35409 |      37.00825 |       0.01986 |       0.01101 |       0.01503 |       1.00000 |       1.00000 |      36.44822 |      35.94252 |    3007.30933 |    2944.96533 |      58.53598 |    3006.99512 |      36.50000 |      36.00000 | 
     50.45852 |      39.17114 |       0.01982 |       0.01101 |       0.01503 |       1.00000 |       1.00000 |      36.44820 |      35.94250 |    3006.00903 |    2943.80786 |      58.39295 |    3005.69458 |      36.50000 |      36.00000 | 
     50.70770 |      38.18397 |       0.01972 |       0.01101 |       0.01503 |       1.00000 |       1.00000 |      36.44817 |      35.94249 |    3004.73364 |    2942.67163 |      58.25388 |    3004.41943 |      36.50000 |      36.00000 | 
     50.97560 |      37.45178 |       0.01962 |       0.01101 |       0.01503 |       1.00000 |       1.00000 |      36.44815 |      35.94247 |    3003.47144 |    2941.54590 |      58.11737 |    3003.15723 |      36.50000 |      36.00000 | 
     50.81368 |      36.00749 |       0.01968 |       0.01101 |       0.01503 |       1.00000 |       1.00000 |      36.44812 |      35.94245 |    3002.17236 |    2940.38623 |      57.97805 |    3001.85815 |      36.50000 |      36.00000 | 
     50.80425 |      36.20041 |       0.01968 |       0.01101 |       0.01503 |       1.00000 |       1.00000 |      36.44809 |      35.94243 |    3000.88770 |    2939.23779 |      57.84160 |    3000.57349 |      36.50000 |      36.00000 | 
     54.18724 |     103.48753 |       0.01845 |       0.01101 |       0.01503 |       1.00000 |       1.00000 |      36.44806 |      35.94240 |    2999.26880 |    2937.78931 |      57.67136 |    2998.95459 |      36.50000 |      36.00000 | 
     50.92073 |      35.99582 |       0.01964 |       0.01101 |       0.01503 |       1.00000 |       1.00000 |      36.44801 |      35.94237 |    2997.05811 |    2935.80811 |      57.44207 |    2996.74390 |      36.50000 |      36.00000 | 
     51.02211 |      35.71046 |       0.01960 |       0.01101 |       0.01503 |       1.00000 |       1.00000 |      36.44799 |      35.94235 |    2995.79785 |    2934.67676 |      57.31303 |    2995.48340 |      36.50000 |      36.00000 | 
     51.41405 |      36.87044 |       0.01945 |       0.01101 |       0.01503 |       1.00000 |       1.00000 |      36.44796 |      35.94233 |    2994.57104 |    2933.57446 |      57.18860 |    2994.25684 |      36.50000 |      36.00000 | 
     55.29372 |     106.20221 |       0.01809 |       0.01101 |       0.01503 |       1.00000 |       1.00000 |      36.44793 |      35.94231 |    2993.03418 |    2932.19189 |      57.03431 |    2992.71997 |      36.50000 |      36.00000 | 
     51.54467 |      37.10300 |       0.01940 |       0.01101 |       0.01503 |       1.00000 |       1.00000 |      36.44789 |      35.94227 |    2990.83179 |    2930.20728 |      56.81636 |    2990.51733 |      36.50000 |      36.00000 | 
     51.34801 |      38.26726 |       0.01947 |       0.01101 |       0.01503 |       1.00000 |       1.00000 |      36.44786 |      35.94225 |    2989.55273 |    2929.05322 |      56.69165 |    2989.23853 |      36.50000 |      36.00000 | 
     51.45123 |      37.52627 |       0.01944 |       0.01101 |       0.01503 |       1.00000 |       1.00000 |      36.44783 |      35.94223 |    2988.30713 |    2927.92773 |      56.57128 |    2987.99292 |      36.50000 |      36.00000 | 
     54.96755 |      94.23294 |       0.01819 |       0.01007 |       0.01424 |       1.00000 |       1.00000 |      36.44780 |      35.94221 |    2986.74658 |    2926.51611 |      56.42225 |    2986.43237 |      36.50000 |      36.00000 | 
     51.94190 |      38.06913 |       0.01925 |       0.01007 |       0.01424 |       1.00000 |       1.00000 |      36.44776 |      35.94217 |    2984.62671 |    2924.59570 |      56.22304 |    2984.31250 |      36.50000 |      36.00000 | 
     51.91533 |      38.47486 |       0.01926 |       0.01007 |       0.01424 |       1.00000 |       1.00000 |      36.44773 |      35.94215 |    2983.38525 |    2923.46899 |      56.10802 |    2983.07104 |      36.50000 |      36.00000 | 
     51.82641 |      38.16502 |       0.01930 |       0.01007 |       0.01424 |       1.00000 |       1.00000 |      36.44771 |      35.94213 |    2982.13892 |    2922.33716 |      55.99381 |    2981.82471 |      36.50000 |      36.00000 | 
     51.83311 |      38.44379 |       0.01929 |       0.01007 |       0.01424 |       1.00000 |       1.00000 |      36.44769 |      35.94211 |    2980.90137 |    2921.21167 |      55.88167 |    2980.58716 |      36.50000 |      36.00000 | 
     51.56750 |      38.13592 |       0.01939 |       0.01007 |       0.01424 |       1.00000 |       1.00000 |      36.44766 |      35.94209 |    2979.63623 |    2920.05981 |      55.76833 |    2979.32202 |      36.50000 |      36.00000 | 
     51.25459 |      39.43218 |       0.01951 |       0.01007 |       0.01424 |       1.00000 |       1.00000 |      36.44763 |      35.94207 |    2978.35596 |    2918.89307 |      55.65496 |    2978.04175 |      36.50000 |      36.00000 | 
     51.88169 |      30.77207 |       0.01927 |       0.01007 |       0.01424 |       1.00000 |       1.00000 |      36.44759 |      35.94204 |    2976.33301 |    2917.04639 |      55.47866 |    2976.01880 |      36.50000 |      36.00000 | 
     51.84761 |      38.42754 |       0.01929 |       0.01007 |       0.01424 |       1.00000 |       1.00000 |      36.44757 |      35.94201 |    2975.10010 |    2915.91919 |      55.37291 |    2974.78589 |      36.50000 |      36.00000 | 
     51.79350 |      37.77148 |       0.01931 |       0.01007 |       0.01424 |       1.00000 |       1.00000 |      36.44754 |      35.94199 |    2973.86792 |    2914.79126 |      55.26846 |    2973.55371 |      36.50000 |      36.00000 | 
     55.10435 |      72.62691 |       0.01815 |       0.01007 |       0.01424 |       1.00000 |       1.00000 |      36.44751 |      35.94197 |    2972.30566 |    2913.35962 |      55.13787 |    2971.99121 |      36.50000 |      36.00000 | 
     53.24136 |      24.80897 |       0.01878 |       0.01007 |       0.01424 |       1.00000 |       1.00000 |      36.44746 |      35.94193 |    2970.07690 |    2911.31348 |      54.95535 |    2969.76270 |      36.50000 |      36.00000 | 
     52.14503 |      38.33621 |       0.01918 |       0.01007 |       0.01424 |       1.00000 |       1.00000 |      36.44744 |      35.94191 |    2968.77368 |    2910.11499 |      54.85060 |    2968.45923 |      36.50000 |      36.00000 | 
     56.72001 |      73.01402 |       0.01763 |       0.01007 |       0.01424 |       1.00000 |       1.00000 |      36.44741 |      35.94188 |    2967.36206 |    2908.81519 |      54.73868 |    2967.04956 |      36.50000 |      36.00000 | 
     51.25713 |      35.73726 |       0.01951 |       0.01007 |       0.01424 |       1.00000 |       1.00000 |      36.44735 |      35.94184 |    2964.73608 |    2906.39233 |      54.53550 |    2964.42334 |      36.50000 |      36.00000 | 
     50.40551 |      34.67647 |       0.01984 |       0.01007 |       0.01424 |       1.00000 |       1.00000 |      36.44733 |      35.94181 |    2963.42212 |    2905.17798 |      54.43606 |    2963.10962 |      36.50000 |      36.00000 | 
     50.17413 |      35.26590 |       0.01993 |       0.01007 |       0.01424 |       1.00000 |       1.00000 |      36.44730 |      35.94179 |    2962.15552 |    2904.00562 |      54.34163 |    2961.84277 |      36.50000 |      36.00000 | 
     50.27936 |      36.34117 |       0.01989 |       0.01007 |       0.01424 |       1.00000 |       1.00000 |      36.44728 |      35.94177 |    2960.91943 |    2902.86060 |      54.25082 |    2960.60693 |      36.50000 |      36.00000 | 
     53.82113 |      91.57509 |       0.01858 |       0.01007 |       0.01424 |       1.00000 |       1.00000 |      36.44725 |      35.94174 |    2959.37891 |    2901.43115 |      54.13961 |    2959.06641 |      36.50000 |      36.00000 | 
     51.41585 |      36.61260 |       0.01945 |       0.01007 |       0.01424 |       1.00000 |       1.00000 |      36.44720 |      35.94170 |    2957.34570 |    2899.54150 |      53.99624 |    2957.03320 |      36.50000 |      36.00000 | 
     55.36829 |     103.38055 |       0.01806 |       0.01007 |       0.01424 |       1.00000 |       1.00000 |      36.44717 |      35.94168 |    2955.87646 |    2898.17358 |      53.89482 |    2955.56396 |      36.50000 |      36.00000 | 
     52.36253 |      36.06723 |       0.01910 |       0.01007 |       0.01424 |       1.00000 |       1.00000 |      36.44713 |      35.94164 |    2953.85522 |    2896.28833 |      53.75884 |    2953.54272 |      36.50000 |      36.00000 | 
     52.14845 |      36.12717 |       0.01918 |       0.01169 |       0.01516 |       1.00000 |       1.00000 |      36.44711 |      35.94162 |    2952.65405 |    2895.16626 |      53.67970 |    2952.34131 |      36.50000 |      36.00000 | 
     52.07045 |      36.11934 |       0.01920 |       0.01169 |       0.01516 |       1.00000 |       1.00000 |      36.44709 |      35.94160 |    2951.46338 |    2894.05273 |      53.60267 |    2951.15088 |      36.50000 |      36.00000 | 
     51.78434 |      35.55303 |       0.01931 |       0.01169 |       0.01516 |       1.00000 |       1.00000 |      36.44706 |      35.94158 |    2950.25195 |    2892.91821 |      53.52566 |    2949.93945 |      36.50000 |      36.00000 | 
     54.31562 |      88.09020 |       0.01841 |       0.01169 |       0.01516 |       1.00000 |       1.00000 |      36.44703 |      35.94155 |    2948.66089 |    2891.42627 |      53.42658 |    2948.34839 |      36.50000 |      36.00000 | 
     50.43383 |      35.21251 |       0.01983 |       0.01169 |       0.01516 |       1.00000 |       1.00000 |      36.44698 |      35.94151 |    2946.50732 |    2889.40283 |      53.29646 |    2946.19482 |      36.50000 |      36.00000 | 
     50.26471 |      35.62141 |       0.01989 |       0.01169 |       0.01516 |       1.00000 |       1.00000 |      36.44696 |      35.94148 |    2945.27197 |    2888.23999 |      53.22380 |    2944.95947 |      36.50000 |      36.00000 | 
     50.17015 |      35.99064 |       0.01993 |       0.01169 |       0.01516 |       1.00000 |       1.00000 |      36.44693 |      35.94146 |    2944.04126 |    2887.08032 |      53.15284 |    2943.72876 |      36.50000 |      36.00000 | 
     50.15998 |      35.15433 |       0.01994 |       0.01169 |       0.01516 |       1.00000 |       1.00000 |      36.44691 |      35.94144 |    2942.82227 |    2885.92993 |      53.08410 |    2942.50977 |      36.50000 |      36.00000 | 
     49.85707 |      34.68369 |       0.02006 |       0.01169 |       0.01516 |       1.00000 |       1.00000 |      36.44688 |      35.94141 |    2941.57300 |    2884.75000 |      53.01509 |    2941.26050 |      36.50000 |      36.00000 | 
     49.77452 |      35.57073 |       0.02009 |       0.01169 |       0.01516 |       1.00000 |       1.00000 |      36.44686 |      35.94139 |    2940.33960 |    2883.58301 |      52.94852 |    2940.02710 |      36.50000 |      36.00000 | 
     49.74230 |      35.62268 |       0.02010 |       0.01169 |       0.01516 |       1.00000 |       1.00000 |      36.44683 |      35.94137 |    2939.11133 |    2882.41943 |      52.88376 |    2938.79883 |      36.50000 |      36.00000 | 
     49.97739 |      35.58466 |       0.02001 |       0.01169 |       0.01516 |       1.00000 |       1.00000 |      36.44681 |      35.94134 |    2937.91479 |    2881.28467 |      52.82204 |    2937.60229 |      36.50000 |      36.00000 | 
     49.05665 |      27.17908 |       0.02038 |       0.01169 |       0.01516 |       1.00000 |       1.00000 |      36.44677 |      35.94130 |    2935.79614 |    2879.27173 |      52.71648 |    2935.48364 |      36.50000 |      36.00000 | 
     49.02289 |      35.19144 |       0.02040 |       0.01169 |       0.01516 |       1.00000 |       1.00000 |      36.44673 |      35.94127 |    2933.91382 |    2877.47925 |      52.62635 |    2933.60107 |      36.50000 |      36.00000 | 
     49.27985 |      35.31822 |       0.02029 |       0.01169 |       0.01516 |       1.00000 |       1.00000 |      36.44670 |      35.94124 |    2932.70947 |    2876.33081 |      52.57063 |    2932.39697 |      36.50000 |      36.00000 | 
     49.43103 |      36.03864 |       0.02023 |       0.01169 |       0.01516 |       1.00000 |       1.00000 |      36.44668 |      35.94122 |    2931.49878 |    2875.17480 |      52.51615 |    2931.18628 |      36.50000 |      36.00000 | 
     49.40807 |      35.04468 |       0.02024 |       0.01169 |       0.01516 |       1.00000 |       1.00000 |      36.44666 |      35.94119 |    2930.27734 |    2874.00684 |      52.46264 |    2929.96484 |      36.50000 |      36.00000 | 
     49.78620 |      35.68624 |       0.02009 |       0.01169 |       0.01516 |       1.00000 |       1.00000 |      36.44663 |      35.94117 |    2929.10107 |    2872.88013 |      52.41265 |    2928.78857 |      36.50000 |      36.00000 | 
     50.15837 |      35.70918 |       0.01994 |       0.01169 |       0.01516 |       1.00000 |       1.00000 |      36.44661 |      35.94115 |    2927.93530 |    2871.76270 |      52.36451 |    2927.62280 |      36.50000 |      36.00000 | 
     50.22654 |      35.31323 |       0.01991 |       0.01169 |       0.01516 |       1.00000 |       1.00000 |      36.44659 |      35.94112 |    2926.74780 |    2870.62280 |      52.31695 |    2926.43530 |      36.50000 |      36.00000 | 
     50.17109 |      34.53158 |       0.01993 |       0.01169 |       0.01516 |       1.00000 |       1.00000 |      36.44656 |      35.94110 |    2925.55298 |    2869.47437 |      52.27058 |    2925.24048 |      36.50000 |      36.00000 | 
     49.95004 |      36.40202 |       0.02002 |       0.01169 |       0.01516 |       1.00000 |       1.00000 |      36.44654 |      35.94107 |    2924.33325 |    2868.30029 |      52.22485 |    2924.02075 |      36.50000 |      36.00000 | 
     49.76226 |      36.94536 |       0.02010 |       0.01169 |       0.01516 |       1.00000 |       1.00000 |      36.44651 |      35.94105 |    2923.11133 |    2867.12256 |      52.18061 |    2922.79883 |      36.50000 |      36.00000 | 
     49.52487 |      37.10988 |       0.02019 |       0.01169 |       0.01516 |       1.00000 |       1.00000 |      36.44649 |      35.94102 |    2921.87988 |    2865.93433 |      52.13760 |    2921.56738 |      36.50000 |      36.00000 | 
     49.70778 |      35.78586 |       0.02012 |       0.01042 |       0.01485 |       1.00000 |       1.00000 |      36.44646 |      35.94100 |    2920.69629 |    2864.79053 |      52.09784 |    2920.38379 |      36.50000 |      36.00000 | 
     49.50939 |      35.43837 |       0.02020 |       0.01042 |       0.01485 |       1.00000 |       1.00000 |      36.44644 |      35.94098 |    2919.47705 |    2863.61060 |      52.05841 |    2919.16455 |      36.50000 |      36.00000 | 
     49.43531 |      35.47861 |       0.02023 |       0.01042 |       0.01485 |       1.00000 |       1.00000 |      36.44641 |      35.94095 |    2918.26855 |    2862.43921 |      52.02103 |    2917.95581 |      36.50000 |      36.00000 | 
     49.33782 |      35.09018 |       0.02027 |       0.01042 |       0.01485 |       1.00000 |       1.00000 |      36.44639 |      35.94093 |    2917.05835 |    2861.26514 |      51.98518 |    2916.74585 |      36.50000 |      36.00000 | 
     49.09515 |      35.08895 |       0.02037 |       0.01042 |       0.01485 |       1.00000 |       1.00000 |      36.44637 |      35.94090 |    2915.83057 |    2860.07227 |      51.95046 |    2915.51807 |      36.50000 |      36.00000 | 
     48.58825 |      34.87845 |       0.02058 |       0.01042 |       0.01485 |       1.00000 |       1.00000 |      36.44634 |      35.94087 |    2914.56787 |    2858.84302 |      51.91645 |    2914.25537 |      36.50000 |      36.00000 | 
     48.56703 |      35.93374 |       0.02059 |       0.01042 |       0.01485 |       1.00000 |       1.00000 |      36.44632 |      35.94085 |    2913.34595 |    2857.65259 |      51.88530 |    2913.03345 |      36.50000 |      36.00000 | 
     48.38848 |      36.67437 |       0.02067 |       0.01042 |       0.01485 |       1.00000 |       1.00000 |      36.44629 |      35.94082 |    2912.10449 |    2856.92236 |      51.37411 |    2911.79199 |      36.50000 |      36.00000 | 
     48.51559 |      35.32196 |       0.02061 |       0.01042 |       0.01485 |       1.00000 |       1.00000 |      36.44627 |      35.94080 |    2910.90039 |    2856.34253 |      50.74961 |    2910.58789 |      36.50000 |      36.00000 | 
     48.72583 |      36.27394 |       0.02052 |       0.01042 |       0.01485 |       1.00000 |       1.00000 |      36.44624 |      35.94077 |    2909.70801 |    2855.76953 |      50.13028 |    2909.39551 |      36.50000 |      36.00000 | 
     48.78805 |      35.80764 |       0.02050 |       0.01042 |       0.01485 |       1.00000 |       1.00000 |      36.44622 |      35.94074 |    2908.50732 |    2855.19336 |      49.50569 |    2908.19482 |      36.50000 |      36.00000 | 
     48.69489 |      35.31448 |       0.02054 |       0.01042 |       0.01485 |       1.00000 |       1.00000 |      36.44619 |      35.94072 |    2907.29370 |    2854.61206 |      48.87350 |    2906.98120 |      36.50000 |      36.00000 | 
     48.88863 |      37.38038 |       0.02045 |       0.01042 |       0.01485 |       1.00000 |       1.00000 |      36.44617 |      35.94069 |    2906.10596 |    2854.04395 |      48.25388 |    2905.79321 |      36.50000 |      36.00000 | 
     48.69116 |      36.39805 |       0.02054 |       0.01042 |       0.01485 |       1.00000 |       1.00000 |      36.44615 |      35.94067 |    2904.88306 |    2853.45996 |      47.61499 |    2904.57031 |      36.50000 |      36.00000 | 
     48.90036 |      36.29632 |       0.02045 |       0.01042 |       0.01485 |       1.00000 |       1.00000 |      36.44613 |      35.94064 |    2903.70386 |    2852.89746 |      46.99804 |    2903.39136 |      36.50000 |      36.00000 | 
     49.38765 |      36.77011 |       0.02025 |       0.01042 |       0.01485 |       1.00000 |       1.00000 |      36.44610 |      35.94062 |    2902.56177 |    2852.35400 |      46.39964 |    2902.24902 |      36.50000 |      36.00000 | 
     49.73539 |      37.59257 |       0.02011 |       0.01042 |       0.01485 |       1.00000 |       1.00000 |      36.44608 |      35.94059 |    2901.41504 |    2851.80884 |      45.79812 |    2901.10254 |      36.50000 |      36.00000 | 
     51.90247 |      51.76519 |       0.01927 |       0.01042 |       0.01485 |       1.00000 |       1.00000 |      36.44606 |      35.94057 |    2900.43872 |    2851.34546 |      45.28522 |    2900.12622 |      36.50000 |      36.00000 | 
     51.34414 |      38.05899 |       0.01948 |       0.01042 |       0.01485 |       1.00000 |       1.00000 |      36.44603 |      35.94053 |    2898.67578 |    2850.50977 |      44.35773 |    2898.36328 |      36.50000 |      36.00000 | 
     54.46882 |      90.00090 |       0.01836 |       0.01042 |       0.01485 |       1.00000 |       1.00000 |      36.44600 |      35.94050 |    2897.23022 |    2849.82642 |      43.59566 |    2896.91943 |      36.50000 |      36.00000 | 
     51.69820 |      39.67781 |       0.01934 |       0.01042 |       0.01485 |       1.00000 |       1.00000 |      36.44596 |      35.94045 |    2895.32495 |    2848.92725 |      42.58935 |    2895.01416 |      36.50000 |      36.00000 | 
     51.78104 |      37.23701 |       0.01931 |       0.01042 |       0.01485 |       1.00000 |       1.00000 |      36.44593 |      35.94043 |    2894.21704 |    2848.40552 |      42.00322 |    2893.90625 |      36.50000 |      36.00000 | 
     54.20911 |      59.32606 |       0.01845 |       0.01042 |       0.01485 |       1.00000 |       1.00000 |      36.44591 |      35.94040 |    2892.75513 |    2847.71851 |      41.22853 |    2892.44434 |      36.50000 |      36.00000 | 
     56.54840 |      66.94785 |       0.01768 |       0.01101 |       0.01391 |       1.00000 |       1.00000 |      36.44588 |      35.94036 |    2891.31836 |    2847.04443 |      40.46605 |    2891.00781 |      36.50000 |      36.00000 | 
     54.35637 |      26.48305 |       0.01840 |       0.01101 |       0.01391 |       1.00000 |       1.00000 |      36.44584 |      35.94032 |    2889.37402 |    2846.13403 |      39.43198 |    2889.06323 |      36.50000 |      36.00000 | 
     56.62392 |      68.96552 |       0.01766 |       0.01101 |       0.01391 |       1.00000 |       1.00000 |      36.44581 |      35.94028 |    2887.94531 |    2845.46655 |      38.67065 |    2887.63452 |      36.50000 |      36.00000 | 
     54.30335 |      28.08515 |       0.01842 |       0.01101 |       0.01391 |       1.00000 |       1.00000 |      36.44579 |      35.94025 |    2886.49243 |    2844.78906 |      37.89518 |    2886.18164 |      36.50000 |      36.00000 | 
     53.17012 |      38.57578 |       0.01881 |       0.01101 |       0.01391 |       1.00000 |       1.00000 |      36.44576 |      35.94022 |    2885.33789 |    2844.25195 |      37.27797 |    2885.02710 |      36.50000 |      36.00000 | 
     55.68517 |      89.02341 |       0.01796 |       0.01101 |       0.01391 |       1.00000 |       1.00000 |      36.44573 |      35.94019 |    2883.90552 |    2843.58618 |      36.51110 |    2883.59473 |      36.50000 |      36.00000 | 
     52.94303 |      38.83194 |       0.01889 |       0.01101 |       0.01391 |       1.00000 |       1.00000 |      36.44570 |      35.94015 |    2882.08643 |    2842.73389 |      35.54466 |    2881.77563 |      36.50000 |      36.00000 | 
     52.86865 |      38.45710 |       0.01891 |       0.01101 |       0.01391 |       1.00000 |       1.00000 |      36.44567 |      35.94012 |    2881.00684 |    2841.73730 |      35.46134 |    2880.69604 |      36.50000 |      36.00000 | 
     52.73743 |      39.28964 |       0.01896 |       0.01101 |       0.01391 |       1.00000 |       1.00000 |      36.44566 |      35.94010 |    2879.91919 |    2840.73364 |      35.37750 |    2879.60840 |      36.50000 |      36.00000 | 
     55.73715 |      94.88567 |       0.01794 |       0.01101 |       0.01391 |       1.00000 |       1.00000 |      36.44563 |      35.94006 |    2878.52002 |    2839.44214 |      35.26977 |    2878.20923 |      36.50000 |      36.00000 | 
     52.76690 |      38.16502 |       0.01895 |       0.01101 |       0.01391 |       1.00000 |       1.00000 |      36.44559 |      35.94002 |    2876.69434 |    2837.75684 |      35.12939 |    2876.38354 |      36.50000 |      36.00000 | 
     52.86903 |      38.37004 |       0.01891 |       0.01101 |       0.01391 |       1.00000 |       1.00000 |      36.44557 |      35.93999 |    2875.63525 |    2836.77881 |      35.04809 |    2875.32446 |      36.50000 |      36.00000 | 
     55.80631 |      92.21690 |       0.01792 |       0.01101 |       0.01391 |       1.00000 |       1.00000 |      36.44555 |      35.93996 |    2874.25220 |    2835.50220 |      34.94203 |    2873.94141 |      36.50000 |      36.00000 | 
     56.83092 |      85.49200 |       0.01760 |       0.01101 |       0.01391 |       1.00000 |       1.00000 |      36.44551 |      35.93993 |    2872.73120 |    2834.09766 |      34.82558 |    2872.42041 |      36.50000 |      36.00000 | 
     55.22264 |      96.08917 |       0.01811 |       0.01101 |       0.01391 |       1.00000 |       1.00000 |      36.44548 |      35.93988 |    2870.77930 |    2832.29492 |      34.67638 |    2870.46851 |      36.50000 |      36.00000 | 
     58.74714 |     107.15816 |       0.01702 |       0.01101 |       0.01391 |       1.00000 |       1.00000 |      36.44545 |      35.93985 |    2869.43848 |    2831.05615 |      34.57409 |    2869.12769 |      36.50000 |      36.00000 | 
     53.50870 |      93.14456 |       0.01869 |       0.01101 |       0.01391 |       1.00000 |       1.00000 |      36.44540 |      35.93978 |    2866.79834 |    2828.61719 |      34.37307 |    2866.48755 |      36.50000 |      36.00000 | 
     51.48642 |      37.04527 |       0.01942 |       0.01101 |       0.01391 |       1.00000 |       1.00000 |      36.44537 |      35.93974 |    2865.01196 |    2826.96655 |      34.23737 |    2864.70117 |      36.50000 |      36.00000 | 
     51.88654 |      37.99969 |       0.01927 |       0.01101 |       0.01391 |       1.00000 |       1.00000 |      36.44535 |      35.93971 |    2863.97070 |    2826.00415 |      34.15841 |    2863.66016 |      36.50000 |      36.00000 | 
     55.72561 |     104.92078 |       0.01795 |       0.01101 |       0.01391 |       1.00000 |       1.00000 |      36.44532 |      35.93967 |    2862.65894 |    2824.79199 |      34.05903 |    2862.34839 |      36.50000 |      36.00000 | 
     52.70245 |      36.95082 |       0.01897 |       0.01101 |       0.01391 |       1.00000 |       1.00000 |      36.44529 |      35.93963 |    2860.86816 |    2823.13647 |      33.92363 |    2860.55737 |      36.50000 |      36.00000 | 
     55.38387 |      85.09914 |       0.01806 |       0.01093 |       0.01425 |       1.00000 |       1.00000 |      36.44526 |      35.93959 |    2859.48608 |    2821.85864 |      33.81931 |    2859.17529 |      36.50000 |      36.00000 | 
     52.31713 |      39.70460 |       0.01911 |       0.01093 |       0.01425 |       1.00000 |       1.00000 |      36.44522 |      35.93955 |    2857.67847 |    2820.18726 |      33.68314 |    2857.36768 |      36.50000 |      36.00000 | 
     52.23228 |      41.34965 |       0.01915 |       0.01093 |       0.01425 |       1.00000 |       1.00000 |      36.44521 |      35.93952 |    2856.61060 |    2819.19995 |      33.60283 |    2856.29980 |      36.50000 |      36.00000 | 
     53.19452 |      32.38552 |       0.01880 |       0.01093 |       0.01425 |       1.00000 |       1.00000 |      36.44518 |      35.93948 |    2854.94727 |    2817.66113 |      33.47797 |    2854.63647 |      36.50000 |      36.00000 | 
     52.68922 |      38.58173 |       0.01898 |       0.01093 |       0.01425 |       1.00000 |       1.00000 |      36.44515 |      35.93945 |    2853.87109 |    2816.66577 |      33.39732 |    2853.56030 |      36.50000 |      36.00000 | 
     52.17392 |      40.70501 |       0.01917 |       0.01093 |       0.01425 |       1.00000 |       1.00000 |      36.44513 |      35.93942 |    2852.77832 |    2815.65479 |      33.31552 |    2852.46753 |      36.50000 |      36.00000 | 
     51.42282 |      37.46581 |       0.01945 |       0.01093 |       0.01425 |       1.00000 |       1.00000 |      36.44511 |      35.93940 |    2851.66064 |    2814.62061 |      33.23199 |    2851.34985 |      36.50000 |      36.00000 | 
     53.59847 |      77.08318 |       0.01866 |       0.01093 |       0.01425 |       1.00000 |       1.00000 |      36.44508 |      35.93936 |    2850.22241 |    2813.28955 |      33.12469 |    2849.91162 |      36.50000 |      36.00000 | 
     54.44099 |      46.22781 |       0.01837 |       0.01093 |       0.01425 |       1.00000 |       1.00000 |      36.44506 |      35.93932 |    2848.75293 |    2811.92969 |      33.01529 |    2848.44214 |      36.50000 |      36.00000 | 
     53.19856 |      37.51219 |       0.01880 |       0.01093 |       0.01425 |       1.00000 |       1.00000 |      36.44503 |      35.93929 |    2847.65088 |    2810.90918 |      32.93335 |    2847.34009 |      36.50000 |      36.00000 | 
     59.19345 |      96.67440 |       0.01689 |       0.01093 |       0.01425 |       1.00000 |       1.00000 |      36.44502 |      35.93927 |    2847.05396 |    2810.35669 |      32.88904 |    2846.74316 |      36.50000 |      36.00000 | 
     50.21769 |      30.85206 |       0.01991 |       0.01093 |       0.01425 |       1.00000 |       1.00000 |      36.44498 |      35.93921 |    2844.75317 |    2808.08105 |      32.86410 |    2844.44238 |      36.50000 |      36.00000 | 
     50.78785 |      19.90000 |       0.01969 |       0.01093 |       0.01425 |       1.00000 |       1.00000 |      36.44494 |      35.93916 |    2842.75562 |    2806.01660 |      32.93074 |    2842.44482 |      36.50000 |      36.00000 | 
     51.06076 |      38.47338 |       0.01958 |       0.01093 |       0.01425 |       1.00000 |       1.00000 |      36.44492 |      35.93913 |    2841.70923 |    2804.93555 |      32.96559 |    2841.39844 |      36.50000 |      36.00000 | 
     54.78326 |      97.57050 |       0.01825 |       0.01093 |       0.01425 |       1.00000 |       1.00000 |      36.44490 |      35.93909 |    2840.41235 |    2803.59546 |      33.00873 |    2840.10156 |      36.50000 |      36.00000 | 
     52.68852 |      41.79903 |       0.01898 |       0.01093 |       0.01425 |       1.00000 |       1.00000 |      36.44487 |      35.93905 |    2838.71436 |    2801.84131 |      33.06508 |    2838.40356 |      36.50000 |      36.00000 | 
     52.91049 |      40.27224 |       0.01890 |       0.01093 |       0.01425 |       1.00000 |       1.00000 |      36.44485 |      35.93902 |    2837.71143 |    2800.80493 |      33.09832 |    2837.40088 |      36.50000 |      36.00000 | 
     57.51911 |      84.78888 |       0.01739 |       0.01093 |       0.01425 |       1.00000 |       1.00000 |      36.44483 |      35.93899 |    2836.52344 |    2799.57788 |      33.13763 |    2836.21265 |      36.50000 |      36.00000 | 
     58.91893 |      81.38683 |       0.01697 |       0.01093 |       0.01425 |       1.00000 |       1.00000 |      36.44480 |      35.93895 |    2835.14819 |    2798.15723 |      33.18306 |    2834.83740 |      36.50000 |      36.00000 | 
     53.73936 |      40.66859 |       0.01861 |       0.01093 |       0.01425 |       1.00000 |       1.00000 |      36.44476 |      35.93889 |    2833.07104 |    2796.01147 |      33.25150 |    2832.76025 |      36.50000 |      36.00000 | 
     55.95294 |      84.50228 |       0.01787 |       0.01093 |       0.01425 |       1.00000 |       1.00000 |      36.44474 |      35.93885 |    2831.72437 |    2794.62061 |      33.29578 |    2831.41357 |      36.50000 |      36.00000 | 
     52.92823 |      39.00917 |       0.01889 |       0.01191 |       0.01400 |       1.00000 |       1.00000 |      36.44471 |      35.93881 |    2830.01318 |    2792.85327 |      33.35192 |    2829.70239 |      36.50000 |      36.00000 | 
     55.56590 |      89.77467 |       0.01800 |       0.01191 |       0.01400 |       1.00000 |       1.00000 |      36.44468 |      35.93877 |    2828.68555 |    2791.48218 |      33.39539 |    2828.37476 |      36.50000 |      36.00000 | 
     52.67860 |      38.70419 |       0.01898 |       0.01191 |       0.01400 |       1.00000 |       1.00000 |      36.44465 |      35.93872 |    2826.97632 |    2789.71704 |      33.45122 |    2826.66553 |      36.50000 |      36.00000 | 
     52.61207 |      37.55022 |       0.01901 |       0.01191 |       0.01400 |       1.00000 |       1.00000 |      36.44463 |      35.93869 |    2825.97021 |    2788.67798 |      33.48402 |    2825.65942 |      36.50000 |      36.00000 | 
     55.43488 |      92.74717 |       0.01804 |       0.01191 |       0.01400 |       1.00000 |       1.00000 |      36.44461 |      35.93866 |    2824.65698 |    2787.32227 |      33.52675 |    2824.34619 |      36.50000 |      36.00000 | 
     53.29683 |      46.18938 |       0.01876 |       0.01191 |       0.01400 |       1.00000 |       1.00000 |      36.44458 |      35.93861 |    2823.00317 |    2785.61475 |      33.58045 |    2822.69238 |      36.50000 |      36.00000 | 
     57.38635 |     104.15582 |       0.01743 |       0.01191 |       0.01400 |       1.00000 |       1.00000 |      36.44456 |      35.93858 |    2821.80811 |    2784.38086 |      33.61918 |    2821.49731 |      36.50000 |      36.00000 | 
     59.69968 |      98.62906 |       0.01675 |       0.01191 |       0.01400 |       1.00000 |       1.00000 |      36.44453 |      35.93854 |    2820.51196 |    2783.04297 |      33.66108 |    2820.20117 |      36.50000 |      36.00000 | 
     53.92913 |      37.33433 |       0.01854 |       0.01191 |       0.01400 |       1.00000 |       1.00000 |      36.44450 |      35.93848 |    2818.38354 |    2780.84570 |      33.72971 |    2818.07275 |      36.50000 |      36.00000 | 
     55.88271 |      90.35056 |       0.01789 |       0.01191 |       0.01400 |       1.00000 |       1.00000 |      36.44447 |      35.93844 |    2817.03662 |    2779.45557 |      33.77301 |    2816.72583 |      36.50000 |      36.00000 | 
     52.62429 |      38.49411 |       0.01900 |       0.01191 |       0.01400 |       1.00000 |       1.00000 |      36.44444 |      35.93839 |    2815.33081 |    2777.69507 |      33.82771 |    2815.02002 |      36.50000 |      36.00000 | 
     52.53981 |      37.70028 |       0.01903 |       0.01191 |       0.01400 |       1.00000 |       1.00000 |      36.44442 |      35.93836 |    2814.33716 |    2776.66943 |      33.85951 |    2814.02637 |      36.50000 |      36.00000 | 
     54.93634 |      89.50148 |       0.01820 |       0.01191 |       0.01400 |       1.00000 |       1.00000 |      36.44440 |      35.93832 |    2813.00757 |    2775.29736 |      33.90197 |    2812.69678 |      36.50000 |      36.00000 | 
     51.98285 |      39.45551 |       0.01924 |       0.01191 |       0.01400 |       1.00000 |       1.00000 |      36.44437 |      35.93827 |    2811.30396 |    2773.53955 |      33.95621 |    2810.99316 |      36.50000 |      36.00000 | 
     51.25238 |      34.61405 |       0.01951 |       0.01191 |       0.01400 |       1.00000 |       1.00000 |      36.44435 |      35.93824 |    2810.25195 |    2772.45435 |      33.98962 |    2809.94116 |      36.50000 |      36.00000 | 
     54.75446 |     105.69707 |       0.01826 |       0.01191 |       0.01400 |       1.00000 |       1.00000 |      36.44433 |      35.93820 |    2808.98755 |    2771.14990 |      34.02971 |    2808.67676 |      36.50000 |      36.00000 | 
     52.14021 |      41.31207 |       0.01918 |       0.01191 |       0.01400 |       1.00000 |       1.00000 |      36.44430 |      35.93815 |    2807.31055 |    2769.41968 |      34.08273 |    2807.00146 |      36.50000 |      36.00000 | 
     52.08029 |      39.61965 |       0.01920 |       0.01191 |       0.01400 |       1.00000 |       1.00000 |      36.44428 |      35.93812 |    2806.31445 |    2768.39233 |      34.11414 |    2806.00562 |      36.50000 |      36.00000 | 
     54.71265 |      85.50663 |       0.01828 |       0.01191 |       0.01400 |       1.00000 |       1.00000 |      36.44426 |      35.93808 |    2805.00732 |    2767.04395 |      34.15528 |    2804.69824 |      36.50000 |      36.00000 | 
     52.57065 |      39.22799 |       0.01902 |       0.01191 |       0.01400 |       1.00000 |       1.00000 |      36.44423 |      35.93803 |    2803.38916 |    2765.37500 |      34.20605 |    2803.08008 |      36.50000 |      36.00000 | 
     52.40953 |      38.20585 |       0.01908 |       0.01077 |       0.01407 |       1.00000 |       1.00000 |      36.44421 |      35.93800 |    2802.40186 |    2764.35693 |      34.23695 |    2802.09277 |      36.50000 |      36.00000 | 
     57.24286 |      75.53441 |       0.01747 |       0.01077 |       0.01407 |       1.00000 |       1.00000 |      36.44419 |      35.93797 |    2801.27881 |    2763.19873 |      34.27203 |    2800.96997 |      36.50000 |      36.00000 | 
     52.86258 |      37.28561 |       0.01892 |       0.01077 |       0.01407 |       1.00000 |       1.00000 |      36.44416 |      35.93791 |    2799.32593 |    2761.18481 |      34.33283 |    2799.01685 |      36.50000 |      36.00000 | 
     54.96408 |      89.71024 |       0.01819 |       0.01077 |       0.01407 |       1.00000 |       1.00000 |      36.44413 |      35.93787 |    2798.00269 |    2759.82080 |      34.37389 |    2797.69360 |      36.50000 |      36.00000 | 
     51.40184 |      36.45644 |       0.01945 |       0.01077 |       0.01407 |       1.00000 |       1.00000 |      36.44411 |      35.93781 |    2796.28149 |    2758.04639 |      34.42712 |    2795.97266 |      36.50000 |      36.00000 | 
     54.80513 |      90.34240 |       0.01825 |       0.01077 |       0.01407 |       1.00000 |       1.00000 |      36.44408 |      35.93777 |    2795.04565 |    2756.77222 |      34.46524 |    2794.73657 |      36.50000 |      36.00000 | 
     52.58697 |      40.44326 |       0.01902 |       0.01077 |       0.01407 |       1.00000 |       1.00000 |      36.44406 |      35.93773 |    2793.44189 |    2755.11914 |      34.51453 |    2793.13281 |      36.50000 |      36.00000 | 
     55.13516 |      88.26904 |       0.01814 |       0.01077 |       0.01407 |       1.00000 |       1.00000 |      36.44403 |      35.93768 |    2792.16016 |    2753.79834 |      34.55381 |    2791.85107 |      36.50000 |      36.00000 | 
     51.75379 |      37.20377 |       0.01932 |       0.01077 |       0.01407 |       1.00000 |       1.00000 |      36.44401 |      35.93763 |    2790.47485 |    2752.06128 |      34.60529 |    2790.16577 |      36.50000 |      36.00000 | 
     57.52610 |      90.24456 |       0.01738 |       0.01077 |       0.01407 |       1.00000 |       1.00000 |      36.44399 |      35.93760 |    2789.40552 |    2750.95972 |      34.63785 |    2789.09644 |      36.50000 |      36.00000 | 
     52.72479 |      39.32209 |       0.01897 |       0.01077 |       0.01407 |       1.00000 |       1.00000 |      36.44395 |      35.93753 |    2787.29346 |    2748.78345 |      34.70192 |    2786.98438 |      36.50000 |      36.00000 | 
     56.26310 |      96.88045 |       0.01777 |       0.01077 |       0.01407 |       1.00000 |       1.00000 |      36.44393 |      35.93749 |    2786.10303 |    2747.55713 |      34.73790 |    2785.79395 |      36.50000 |      36.00000 | 
     53.60595 |      40.24469 |       0.01865 |       0.01077 |       0.01407 |       1.00000 |       1.00000 |      36.44390 |      35.93744 |    2784.52710 |    2745.93359 |      34.78538 |    2784.21802 |      36.50000 |      36.00000 | 
     57.00033 |     100.24058 |       0.01754 |       0.01077 |       0.01407 |       1.00000 |       1.00000 |      36.44389 |      35.93740 |    2783.34448 |    2744.71558 |      34.82090 |    2783.03540 |      36.50000 |      36.00000 | 
     53.99506 |      38.66079 |       0.01852 |       0.01077 |       0.01407 |       1.00000 |       1.00000 |      36.44386 |      35.93735 |    2781.77075 |    2743.09473 |      34.86799 |    2781.46167 |      36.50000 |      36.00000 | 
     61.22092 |     109.21800 |       0.01633 |       0.01077 |       0.01407 |       1.00000 |       1.00000 |      36.44384 |      35.93731 |    2780.38550 |    2741.66797 |      34.90931 |    2780.07642 |      36.50000 |      36.00000 | 
     62.26608 |     112.71416 |       0.01606 |       0.01077 |       0.01407 |       1.00000 |       1.00000 |      36.44381 |      35.93725 |    2778.71704 |    2739.95020 |      34.95887 |    2778.40796 |      36.50000 |      36.00000 | 
     58.33231 |     102.75380 |       0.01714 |       0.01077 |       0.01407 |       1.00000 |       1.00000 |      36.44378 |      35.93719 |    2776.74414 |    2737.91870 |      35.01721 |    2776.43506 |      36.50000 |      36.00000 | 
     56.43494 |      95.31980 |       0.01772 |       0.01096 |       0.01461 |       1.00000 |       1.00000 |      36.44375 |      35.93714 |    2775.25073 |    2736.38159 |      35.06118 |    2774.94165 |      36.50000 |      36.00000 | 
     56.18618 |      29.59981 |       0.01780 |       0.01096 |       0.01461 |       1.00000 |       1.00000 |      36.44373 |      35.93709 |    2773.74634 |    2734.83301 |      35.10530 |    2773.43726 |      36.50000 |      36.00000 | 
     56.44132 |      23.89886 |       0.01772 |       0.01096 |       0.01461 |       1.00000 |       1.00000 |      36.44370 |      35.93703 |    2772.14160 |    2733.18140 |      35.15217 |    2771.83252 |      36.50000 |      36.00000 | 
     55.55129 |      43.20774 |       0.01800 |       0.01096 |       0.01461 |       1.00000 |       1.00000 |      36.44368 |      35.93699 |    2770.74731 |    2731.74658 |      35.19273 |    2770.43823 |      36.50000 |      36.00000 | 
     59.28990 |      99.54211 |       0.01687 |       0.01096 |       0.01461 |       1.00000 |       1.00000 |      36.44366 |      35.93695 |    2769.64429 |    2730.61133 |      35.22472 |    2769.33521 |      36.50000 |      36.00000 | 
     55.43168 |      39.89309 |       0.01804 |       0.01096 |       0.01461 |       1.00000 |       1.00000 |      36.44364 |      35.93690 |    2768.10352 |    2729.02612 |      35.26924 |    2767.79443 |      36.50000 |      36.00000 | 
     62.46637 |     109.06315 |       0.01601 |       0.01096 |       0.01461 |       1.00000 |       1.00000 |      36.44361 |      35.93686 |    2766.75537 |    2727.63916 |      35.30803 |    2766.44629 |      36.50000 |      36.00000 | 
     58.37427 |     109.44511 |       0.01713 |       0.01096 |       0.01461 |       1.00000 |       1.00000 |      36.44358 |      35.93679 |    2764.79810 |    2725.62573 |      35.36407 |    2764.48901 |      36.50000 |      36.00000 | 
     55.21455 |      40.05287 |       0.01811 |       0.01096 |       0.01461 |       1.00000 |       1.00000 |      36.44356 |      35.93674 |    2763.29224 |    2724.07739 |      35.40698 |    2762.98340 |      36.50000 |      36.00000 | 
     58.56593 |     110.35091 |       0.01707 |       0.01096 |       0.01461 |       1.00000 |       1.00000 |      36.44354 |      35.93670 |    2762.16895 |    2722.92212 |      35.43887 |    2761.85986 |      36.50000 |      36.00000 | 
     59.65632 |      81.60600 |       0.01676 |       0.01096 |       0.01461 |       1.00000 |       1.00000 |      36.44352 |      35.93666 |    2760.91699 |    2721.63452 |      35.47429 |    2760.60791 |      36.50000 |      36.00000 | 
     54.39862 |      95.52923 |       0.01838 |       0.01096 |       0.01461 |       1.00000 |       1.00000 |      36.44349 |      35.93658 |    2758.77930 |    2719.43677 |      35.53443 |    2758.47021 |      36.50000 |      36.00000 | 
     52.36685 |      41.52134 |       0.01910 |       0.01096 |       0.01461 |       1.00000 |       1.00000 |      36.44347 |      35.93653 |    2757.25000 |    2717.86499 |      35.57722 |    2756.94116 |      36.50000 |      36.00000 | 
     55.27676 |      93.24010 |       0.01809 |       0.01096 |       0.01461 |       1.00000 |       1.00000 |      36.44345 |      35.93649 |    2756.05493 |    2716.63647 |      35.61053 |    2755.74585 |      36.50000 |      36.00000 | 
     52.49547 |      38.76570 |       0.01905 |       0.01096 |       0.01461 |       1.00000 |       1.00000 |      36.44342 |      35.93643 |    2754.50146 |    2715.03979 |      35.65363 |    2754.19238 |      36.50000 |      36.00000 | 
     55.58106 |      94.95774 |       0.01799 |       0.01096 |       0.01461 |       1.00000 |       1.00000 |      36.44341 |      35.93639 |    2753.32690 |    2713.83276 |      35.68608 |    2753.01807 |      36.50000 |      36.00000 | 
     52.85106 |      39.25879 |       0.01892 |       0.01096 |       0.01461 |       1.00000 |       1.00000 |      36.44338 |      35.93634 |    2751.79150 |    2712.25488 |      35.72831 |    2751.48242 |      36.50000 |      36.00000 | 
     56.27639 |      92.76438 |       0.01777 |       0.01096 |       0.01461 |       1.00000 |       1.00000 |      36.44337 |      35.93630 |    2750.65137 |    2711.08398 |      35.75953 |    2750.34229 |      36.50000 |      36.00000 | 
     53.62485 |      39.38093 |       0.01865 |       0.01096 |       0.01461 |       1.00000 |       1.00000 |      36.44334 |      35.93624 |    2749.15283 |    2709.54443 |      35.80037 |    2748.84399 |      36.50000 |      36.00000 | 
     53.56045 |      39.74721 |       0.01867 |       0.01035 |       0.01394 |       1.00000 |       1.00000 |      36.44333 |      35.93621 |    2748.25830 |    2708.62549 |      35.82466 |    2747.94922 |      36.50000 |      36.00000 | 
     56.46139 |      57.95422 |       0.01771 |       0.01035 |       0.01394 |       1.00000 |       1.00000 |      36.44331 |      35.93617 |    2747.10645 |    2707.44238 |      35.85582 |    2746.79736 |      36.50000 |      36.00000 | 
     58.82115 |      91.86111 |       0.01700 |       0.01035 |       0.01394 |       1.00000 |       1.00000 |      36.44330 |      35.93613 |    2745.95972 |    2706.26489 |      35.88670 |    2745.65063 |      36.50000 |      36.00000 | 
     56.26083 |      22.66597 |       0.01777 |       0.01035 |       0.01394 |       1.00000 |       1.00000 |      36.44328 |      35.93608 |    2744.64673 |    2704.91675 |      35.92191 |    2744.33765 |      36.50000 |      36.00000 | 
     55.58489 |      43.13134 |       0.01799 |       0.01035 |       0.01394 |       1.00000 |       1.00000 |      36.44326 |      35.93604 |    2743.31226 |    2703.54663 |      35.95753 |    2743.00317 |      36.50000 |      36.00000 | 
     55.10395 |      22.70818 |       0.01815 |       0.01035 |       0.01394 |       1.00000 |       1.00000 |      36.44323 |      35.93598 |    2741.69092 |    2701.88232 |      36.00055 |    2741.38184 |      36.50000 |      36.00000 | 
     59.46712 |      90.99181 |       0.01682 |       0.01035 |       0.01394 |       1.00000 |       1.00000 |      36.44322 |      35.93594 |    2740.62939 |    2700.79272 |      36.02861 |    2740.32031 |      36.50000 |      36.00000 | 
     59.48639 |     100.66438 |       0.01681 |       0.01035 |       0.01394 |       1.00000 |       1.00000 |      36.44319 |      35.93586 |    2738.56030 |    2698.66919 |      36.08293 |    2738.25122 |      36.50000 |      36.00000 | 
     54.08253 |      98.74593 |       0.01849 |       0.01035 |       0.01394 |       1.00000 |       1.00000 |      36.44316 |      35.93578 |    2736.33081 |    2695.63696 |      36.88582 |    2736.02173 |      36.50000 |      36.00000 | 
     53.51472 |      41.70490 |       0.01869 |       0.01035 |       0.01394 |       1.00000 |       1.00000 |      36.44314 |      35.93573 |    2734.95483 |    2693.65381 |      37.49276 |    2734.64575 |      36.50000 |      36.00000 | 
     54.48794 |      40.60914 |       0.01835 |       0.01035 |       0.01394 |       1.00000 |       1.00000 |      36.44313 |      35.93570 |    2734.15015 |    2692.49414 |      37.84798 |    2733.84106 |      36.50000 |      36.00000 | 
     54.92749 |      42.17452 |       0.01821 |       0.01035 |       0.01394 |       1.00000 |       1.00000 |      36.44311 |      35.93566 |    2732.87573 |    2690.65649 |      38.41135 |    2732.56665 |      36.50000 |      36.00000 | 
     56.49681 |      23.50618 |       0.01770 |       0.01035 |       0.01394 |       1.00000 |       1.00000 |      36.44309 |      35.93560 |    2731.39551 |    2688.52100 |      39.06652 |    2731.08643 |      36.50000 |      36.00000 | 
     56.98563 |      21.24811 |       0.01755 |       0.01035 |       0.01394 |       1.00000 |       1.00000 |      36.44307 |      35.93554 |    2729.82642 |    2686.25610 |      39.76215 |    2729.51733 |      36.50000 |      36.00000 | 
     56.16247 |      43.24886 |       0.01781 |       0.01035 |       0.01394 |       1.00000 |       1.00000 |      36.44305 |      35.93549 |    2728.52197 |    2684.37280 |      40.34104 |    2728.21313 |      36.50000 |      36.00000 | 
     58.67449 |      88.17564 |       0.01704 |       0.01035 |       0.01394 |       1.00000 |       1.00000 |      36.44303 |      35.93545 |    2727.41187 |    2682.76953 |      40.83432 |    2727.10278 |      36.50000 |      36.00000 | 
     56.06858 |      41.43017 |       0.01784 |       0.01035 |       0.01394 |       1.00000 |       1.00000 |      36.44301 |      35.93540 |    2726.02588 |    2680.76685 |      41.45082 |    2725.71680 |      36.50000 |      36.00000 | 
     55.81289 |      21.48182 |       0.01792 |       0.01035 |       0.01394 |       1.00000 |       1.00000 |      36.44299 |      35.93534 |    2724.42334 |    2678.45044 |      42.16460 |    2724.11426 |      36.50000 |      36.00000 | 
     55.32499 |      41.03911 |       0.01808 |       0.01035 |       0.01394 |       1.00000 |       1.00000 |      36.44297 |      35.93529 |    2723.12524 |    2676.57373 |      42.74350 |    2722.81616 |      36.50000 |      36.00000 | 
     59.44309 |     110.15643 |       0.01682 |       0.00998 |       0.01287 |       1.00000 |       1.00000 |      36.44296 |      35.93525 |    2722.10547 |    2675.09863 |      43.19869 |    2721.79639 |      36.50000 |      36.00000 | 
     60.32049 |      97.05911 |       0.01658 |       0.00998 |       0.01287 |       1.00000 |       1.00000 |      36.44294 |      35.93519 |    2720.48486 |    2672.75415 |      43.92273 |    2720.17603 |      36.50000 |      36.00000 | 
     57.41540 |     100.78613 |       0.01742 |       0.00998 |       0.01287 |       1.00000 |       1.00000 |      36.44292 |      35.93513 |    2718.75537 |    2670.25049 |      44.69677 |    2718.44629 |      36.50000 |      36.00000 | 
     55.40542 |      41.78855 |       0.01805 |       0.00998 |       0.01287 |       1.00000 |       1.00000 |      36.44290 |      35.93507 |    2717.38696 |    2668.26880 |      45.30990 |    2717.07788 |      36.50000 |      36.00000 | 
     62.57719 |     108.58942 |       0.01598 |       0.00998 |       0.01287 |       1.00000 |       1.00000 |      36.44288 |      35.93502 |    2716.12915 |    2666.44727 |      45.87399 |    2715.82031 |      36.50000 |      36.00000 | 
     59.11545 |      99.45301 |       0.01692 |       0.00998 |       0.01287 |       1.00000 |       1.00000 |      36.44286 |      35.93496 |    2714.36865 |    2663.89600 |      46.66464 |    2714.05981 |      36.50000 |      36.00000 | 
     56.69466 |      40.86971 |       0.01764 |       0.00998 |       0.01287 |       1.00000 |       1.00000 |      36.44284 |      35.93491 |    2713.02832 |    2661.95264 |      47.26750 |    2712.71924 |      36.50000 |      36.00000 | 
     57.97009 |      24.38965 |       0.01725 |       0.00998 |       0.01287 |       1.00000 |       1.00000 |      36.44283 |      35.93485 |    2711.60815 |    2659.89331 |      47.90686 |    2711.29907 |      36.50000 |      36.00000 | 
     61.67014 |     111.17287 |       0.01622 |       0.00998 |       0.01287 |       1.00000 |       1.00000 |      36.44281 |      35.93481 |    2710.61230 |    2658.44849 |      48.35573 |    2710.30322 |      36.50000 |      36.00000 | 
     57.59069 |      39.92016 |       0.01736 |       0.00998 |       0.01287 |       1.00000 |       1.00000 |      36.44279 |      35.93476 |    2709.23340 |    2656.44727 |      48.97788 |    2708.92432 |      36.50000 |      36.00000 | 
     60.26963 |      94.79572 |       0.01659 |       0.00998 |       0.01287 |       1.00000 |       1.00000 |      36.44278 |      35.93472 |    2708.17969 |    2654.91797 |      49.45377 |    2707.87061 |      36.50000 |      36.00000 | 
     61.50439 |      90.26086 |       0.01626 |       0.00998 |       0.01287 |       1.00000 |       1.00000 |      36.44277 |      35.93467 |    2707.04663 |    2653.27246 |      49.96605 |    2706.73755 |      36.50000 |      36.00000 | 
     56.67154 |      41.73100 |       0.01765 |       0.00998 |       0.01287 |       1.00000 |       1.00000 |      36.44275 |      35.93461 |    2705.36255 |    2650.82642 |      50.72826 |    2705.05347 |      36.50000 |      36.00000 | 
     56.54628 |      27.04676 |       0.01768 |       0.00998 |       0.01287 |       1.00000 |       1.00000 |      36.44273 |      35.93455 |    2703.93750 |    2648.75513 |      51.37421 |    2703.62842 |      36.50000 |      36.00000 | 
     56.40416 |      45.15692 |       0.01773 |       0.00998 |       0.01287 |       1.00000 |       1.00000 |      36.44272 |      35.93450 |    2702.70386 |    2646.96167 |      51.93403 |    2702.39478 |      36.50000 |      36.00000 | 
     57.44664 |      27.84740 |       0.01741 |       0.00998 |       0.01287 |       1.00000 |       1.00000 |      36.44270 |      35.93445 |    2701.35254 |    2644.99658 |      52.54792 |    2701.04346 |      36.50000 |      36.00000 | 
     60.34966 |      94.85866 |       0.01657 |       0.00998 |       0.01287 |       1.00000 |       1.00000 |      36.44269 |      35.93441 |    2700.31738 |    2643.49048 |      53.01871 |    2700.00830 |      36.50000 |      36.00000 | 
     57.32867 |      23.13904 |       0.01744 |       0.00998 |       0.01287 |       1.00000 |       1.00000 |      36.44267 |      35.93436 |    2699.07666 |    2641.68481 |      53.58361 |    2698.76758 |      36.50000 |      36.00000 | 
     55.49555 |      41.16582 |       0.01802 |       0.00998 |       0.01287 |       1.00000 |       1.00000 |      36.44266 |      35.93431 |    2697.75708 |    2639.76416 |      54.18500 |    2697.44800 |      36.50000 |      36.00000 | 
     55.71849 |      23.73775 |       0.01795 |       0.00998 |       0.01287 |       1.00000 |       1.00000 |      36.44264 |      35.93425 |    2696.28125 |    2637.61499 |      54.85840 |    2695.97241 |      36.50000 |      36.00000 | 
     54.24894 |      39.55070 |       0.01843 |       0.01055 |       0.01427 |       1.00000 |       1.00000 |      36.44263 |      35.93420 |    2694.95581 |    2635.68359 |      55.46405 |    2694.64673 |      36.50000 |      36.00000 | 
     55.18003 |      31.41493 |       0.01812 |       0.01055 |       0.01427 |       1.00000 |       1.00000 |      36.44261 |      35.93414 |    2693.63330 |    2633.75635 |      56.06899 |    2693.32446 |      36.50000 |      36.00000 | 
     55.81740 |      22.49466 |       0.01792 |       0.01055 |       0.01427 |       1.00000 |       1.00000 |      36.44260 |      35.93408 |    2692.14893 |    2631.59204 |      56.74889 |    2691.83984 |      36.50000 |      36.00000 | 
     55.05687 |      41.45421 |       0.01816 |       0.01055 |       0.01427 |       1.00000 |       1.00000 |      36.44258 |      35.93403 |    2690.87988 |    2629.74097 |      57.33088 |    2690.57080 |      36.50000 |      36.00000 | 
     58.13845 |      92.12344 |       0.01720 |       0.01055 |       0.01427 |       1.00000 |       1.00000 |      36.44257 |      35.93399 |    2689.83569 |    2628.21753 |      57.81013 |    2689.52686 |      36.50000 |      36.00000 | 
     60.42986 |      88.64462 |       0.01655 |       0.01055 |       0.01427 |       1.00000 |       1.00000 |      36.44256 |      35.93394 |    2688.75415 |    2626.63892 |      58.30712 |    2688.44507 |      36.50000 |      36.00000 | 
     58.12727 |      94.60738 |       0.01720 |       0.01055 |       0.01427 |       1.00000 |       1.00000 |      36.44254 |      35.93388 |    2687.18823 |    2624.35254 |      59.02757 |    2686.87915 |      36.50000 |      36.00000 | 
     56.08426 |      43.33507 |       0.01783 |       0.01055 |       0.01427 |       1.00000 |       1.00000 |      36.44253 |      35.93383 |    2685.88745 |    2622.45264 |      59.62671 |    2685.57837 |      36.50000 |      36.00000 | 
     53.59642 |      27.89245 |       0.01866 |       0.01055 |       0.01427 |       1.00000 |       1.00000 |      36.44252 |      35.93378 |    2684.85229 |    2620.94019 |      60.10403 |    2684.54321 |      36.50000 |      36.00000 | 
     55.00840 |      21.53131 |       0.01818 |       0.01055 |       0.01427 |       1.00000 |       1.00000 |      36.44250 |      35.93372 |    2683.37891 |    2618.78638 |      60.78419 |    2683.06982 |      36.50000 |      36.00000 | 
     59.22537 |     112.57458 |       0.01688 |       0.01055 |       0.01427 |       1.00000 |       1.00000 |      36.44249 |      35.93368 |    2682.40967 |    2617.36963 |      61.23204 |    2682.10083 |      36.50000 |      36.00000 | 
     56.25140 |      40.49239 |       0.01778 |       0.01055 |       0.01427 |       1.00000 |       1.00000 |      36.44248 |      35.93363 |    2681.08643 |    2615.43408 |      61.84423 |    2680.77734 |      36.50000 |      36.00000 | 
     58.81982 |      83.56313 |       0.01700 |       0.01055 |       0.01427 |       1.00000 |       1.00000 |      36.44247 |      35.93359 |    2680.05103 |    2613.91919 |      62.32360 |    2679.74194 |      36.50000 |      36.00000 | 
     56.19148 |      23.11658 |       0.01780 |       0.01055 |       0.01427 |       1.00000 |       1.00000 |      36.44246 |      35.93354 |    2678.85718 |    2612.17212 |      62.87698 |    2678.54810 |      36.50000 |      36.00000 | 
     55.46778 |      41.94807 |       0.01803 |       0.01055 |       0.01427 |       1.00000 |       1.00000 |      36.44244 |      35.93348 |    2677.62158 |    2610.36304 |      63.45036 |    2677.31250 |      36.50000 |      36.00000 | 
     58.48988 |      97.65625 |       0.01710 |       0.01055 |       0.01427 |       1.00000 |       1.00000 |      36.44243 |      35.93344 |    2676.59570 |    2608.86084 |      63.92677 |    2676.28662 |      36.50000 |      36.00000 | 
     56.10157 |      42.47908 |       0.01782 |       0.01055 |       0.01427 |       1.00000 |       1.00000 |      36.44242 |      35.93339 |    2675.30273 |    2606.96680 |      64.52789 |    2674.99365 |      36.50000 |      36.00000 | 
     58.23505 |      80.85381 |       0.01717 |       0.01055 |       0.01427 |       1.00000 |       1.00000 |      36.44241 |      35.93334 |    2674.24512 |    2605.41675 |      65.02003 |    2673.93604 |      36.50000 |      36.00000 | 
     56.86717 |      29.40744 |       0.01758 |       0.01055 |       0.01427 |       1.00000 |       1.00000 |      36.44240 |      35.93330 |    2673.22412 |    2603.92065 |      65.49550 |    2672.91528 |      36.50000 |      36.00000 | 
     61.53578 |     106.42827 |       0.01625 |       0.01055 |       0.01427 |       1.00000 |       1.00000 |      36.44239 |      35.93326 |    2672.28247 |    2602.53979 |      65.93451 |    2671.97339 |      36.50000 |      36.00000 | 
     58.52375 |      96.24639 |       0.01709 |       0.01070 |       0.01384 |       1.00000 |       1.00000 |      36.44238 |      35.93319 |    2670.69409 |    2600.21021 |      66.67567 |    2670.38501 |      36.50000 |      36.00000 | 
     56.55207 |      43.52936 |       0.01768 |       0.01070 |       0.01384 |       1.00000 |       1.00000 |      36.44236 |      35.93314 |    2669.43896 |    2598.36865 |      67.26207 |    2669.12988 |      36.50000 |      36.00000 | 
     58.91548 |      94.25071 |       0.01697 |       0.01070 |       0.01384 |       1.00000 |       1.00000 |      36.44235 |      35.93309 |    2668.40430 |    2596.85059 |      67.74574 |    2668.09546 |      36.50000 |      36.00000 | 
     56.57438 |      44.21453 |       0.01768 |       0.01070 |       0.01384 |       1.00000 |       1.00000 |      36.44234 |      35.93304 |    2667.13599 |    2594.98853 |      68.33936 |    2666.82715 |      36.50000 |      36.00000 | 
     58.87775 |      82.91874 |       0.01698 |       0.01070 |       0.01384 |       1.00000 |       1.00000 |      36.44233 |      35.93300 |    2666.10889 |    2593.48022 |      68.82052 |    2665.79980 |      36.50000 |      36.00000 | 
     59.01948 |      64.74587 |       0.01694 |       0.01070 |       0.01384 |       1.00000 |       1.00000 |      36.44232 |      35.93295 |    2664.96802 |    2591.80469 |      69.35543 |    2664.65894 |      36.50000 |      36.00000 | 
     55.51236 |     103.47682 |       0.01801 |       0.01070 |       0.01384 |       1.00000 |       1.00000 |      36.44231 |      35.93288 |    2663.28638 |    2589.33350 |      70.14479 |    2662.97729 |      36.50000 |      36.00000 | 
     53.78918 |      39.75037 |       0.01859 |       0.01070 |       0.01384 |       1.00000 |       1.00000 |      36.44230 |      35.93282 |    2661.98877 |    2587.42603 |      70.75460 |    2661.67969 |      36.50000 |      36.00000 | 
     57.58349 |      97.74216 |       0.01737 |       0.01070 |       0.01384 |       1.00000 |       1.00000 |      36.44229 |      35.93278 |    2661.01099 |    2585.98877 |      71.21438 |    2660.70215 |      36.50000 |      36.00000 | 
     54.69161 |      39.85493 |       0.01828 |       0.01070 |       0.01384 |       1.00000 |       1.00000 |      36.44228 |      35.93272 |    2659.69141 |    2584.04761 |      71.83557 |    2659.38232 |      36.50000 |      36.00000 | 
     58.01457 |      90.62897 |       0.01724 |       0.01070 |       0.01384 |       1.00000 |       1.00000 |      36.44227 |      35.93268 |    2658.70435 |    2582.59546 |      72.30066 |    2658.39526 |      36.50000 |      36.00000 | 
     55.45392 |      22.97636 |       0.01803 |       0.01070 |       0.01384 |       1.00000 |       1.00000 |      36.44226 |      35.93262 |    2657.52197 |    2580.85571 |      72.85815 |    2657.21289 |      36.50000 |      36.00000 | 
     59.63537 |      95.62972 |       0.01677 |       0.01070 |       0.01384 |       1.00000 |       1.00000 |      36.44225 |      35.93258 |    2656.55908 |    2579.43848 |      73.31248 |    2656.25000 |      36.50000 |      36.00000 | 
     55.13235 |      72.82260 |       0.01814 |       0.01070 |       0.01384 |       1.00000 |       1.00000 |      36.44224 |      35.93251 |    2654.83569 |    2576.90112 |      74.12652 |    2654.52661 |      36.50000 |      36.00000 | 
     60.10445 |      77.60963 |       0.01664 |       0.01070 |       0.01384 |       1.00000 |       1.00000 |      36.44223 |      35.93247 |    2653.94531 |    2575.58960 |      74.54742 |    2653.63623 |      36.50000 |      36.00000 | 
     56.62383 |      77.53741 |       0.01766 |       0.01070 |       0.01384 |       1.00000 |       1.00000 |      36.44222 |      35.93240 |    2652.46655 |    2573.41138 |      75.24701 |    2652.15747 |      36.50000 |      36.00000 | 
     55.65782 |      23.48134 |       0.01797 |       0.01070 |       0.01384 |       1.00000 |       1.00000 |      36.44221 |      35.93234 |    2651.03711 |    2571.30493 |      75.92399 |    2650.72803 |      36.50000 |      36.00000 | 
     58.40152 |      75.74610 |       0.01712 |       0.01070 |       0.01384 |       1.00000 |       1.00000 |      36.44220 |      35.93229 |    2650.01758 |    2569.80249 |      76.40718 |    2649.70850 |      36.50000 |      36.00000 | 
     60.01197 |      96.57170 |       0.01666 |       0.01070 |       0.01384 |       1.00000 |       1.00000 |      36.44219 |      35.93224 |    2648.75781 |    2567.94507 |      77.00466 |    2648.44873 |      36.50000 |      36.00000 | 
     57.28448 |      91.98785 |       0.01746 |       0.01077 |       0.01341 |       1.00000 |       1.00000 |      36.44218 |      35.93217 |    2647.24731 |    2565.71753 |      77.72165 |    2646.93823 |      36.50000 |      36.00000 | 
     54.75092 |      39.73773 |       0.01826 |       0.01077 |       0.01341 |       1.00000 |       1.00000 |      36.44217 |      35.93211 |    2645.97510 |    2563.84106 |      78.32613 |    2645.66602 |      36.50000 |      36.00000 | 
     61.23300 |     100.19036 |       0.01633 |       0.01077 |       0.01341 |       1.00000 |       1.00000 |      36.44217 |      35.93209 |    2645.54663 |    2563.20874 |      78.52979 |    2645.23755 |      36.50000 |      36.00000 | 
     54.63751 |      92.59259 |       0.01830 |       0.01077 |       0.01341 |       1.00000 |       1.00000 |      36.44215 |      35.93200 |    2643.51978 |    2560.21777 |      79.49403 |    2643.21094 |      36.50000 |      36.00000 | 
     52.99907 |      40.21394 |       0.01887 |       0.01077 |       0.01341 |       1.00000 |       1.00000 |      36.44215 |      35.93195 |    2642.24365 |    2558.33374 |      80.10181 |    2641.93457 |      36.50000 |      36.00000 | 
     59.89248 |     110.08366 |       0.01670 |       0.01077 |       0.01341 |       1.00000 |       1.00000 |      36.44214 |      35.93193 |    2641.83374 |    2557.72827 |      80.29720 |    2641.52466 |      36.50000 |      36.00000 | 
     50.78862 |      28.86691 |       0.01969 |       0.01077 |       0.01341 |       1.00000 |       1.00000 |      36.44213 |      35.93185 |    2640.03198 |    2555.06763 |      81.15635 |    2639.72290 |      36.50000 |      36.00000 | 
     54.94967 |      91.14939 |       0.01820 |       0.01077 |       0.01341 |       1.00000 |       1.00000 |      36.44212 |      35.93180 |    2639.06226 |    2553.63477 |      81.61922 |    2638.75317 |      36.50000 |      36.00000 | 
     57.99952 |      82.91874 |       0.01724 |       0.01077 |       0.01341 |       1.00000 |       1.00000 |      36.44212 |      35.93176 |    2638.05835 |    2552.15186 |      82.09850 |    2637.74951 |      36.50000 |      36.00000 | 
     56.61441 |      92.58402 |       0.01766 |       0.01077 |       0.01341 |       1.00000 |       1.00000 |      36.44211 |      35.93169 |    2636.64258 |    2550.05957 |      82.77505 |    2636.33374 |      36.50000 |      36.00000 | 
     59.16278 |      70.47216 |       0.01690 |       0.01077 |       0.01341 |       1.00000 |       1.00000 |      36.44210 |      35.93163 |    2635.28003 |    2548.04517 |      83.42673 |    2634.97095 |      36.50000 |      36.00000 | 
     63.80360 |     111.55734 |       0.01567 |       0.01077 |       0.01341 |       1.00000 |       1.00000 |      36.44210 |      35.93159 |    2634.41138 |    2546.76123 |      83.84230 |    2634.10254 |      36.50000 |      36.00000 | 
     59.38934 |      95.84052 |       0.01684 |       0.01077 |       0.01341 |       1.00000 |       1.00000 |      36.44209 |      35.93152 |    2632.82251 |    2544.41138 |      84.60312 |    2632.51367 |      36.50000 |      36.00000 | 
     57.16816 |      43.81353 |       0.01749 |       0.01077 |       0.01341 |       1.00000 |       1.00000 |      36.44208 |      35.93146 |    2631.64258 |    2542.66577 |      85.16861 |    2631.33350 |      36.50000 |      36.00000 | 
     58.30196 |      24.87005 |       0.01715 |       0.01077 |       0.01341 |       1.00000 |       1.00000 |      36.44207 |      35.93140 |    2630.38623 |    2540.80713 |      85.77097 |    2630.07715 |      36.50000 |      36.00000 | 
     62.12069 |     109.58904 |       0.01610 |       0.01077 |       0.01341 |       1.00000 |       1.00000 |      36.44207 |      35.93137 |    2629.50806 |    2539.50757 |      86.19231 |    2629.19897 |      36.50000 |      36.00000 | 
     57.43748 |      36.64883 |       0.01741 |       0.01077 |       0.01341 |       1.00000 |       1.00000 |      36.44206 |      35.93130 |    2628.26514 |    2538.01294 |      86.44419 |    2627.95605 |      36.50000 |      36.00000 | 
     57.74508 |      47.64174 |       0.01732 |       0.01077 |       0.01341 |       1.00000 |       1.00000 |      36.44205 |      35.93126 |    2627.20435 |    2537.27979 |      86.11634 |    2626.89526 |      36.50000 |      36.00000 | 
     58.56260 |      24.65301 |       0.01708 |       0.01077 |       0.01341 |       1.00000 |       1.00000 |      36.44205 |      35.93120 |    2625.94580 |    2536.40918 |      85.72831 |    2625.63672 |      36.50000 |      36.00000 | 
     57.52656 |      41.26604 |       0.01738 |       0.01077 |       0.01341 |       1.00000 |       1.00000 |      36.44204 |      35.93115 |    2624.83789 |    2535.64209 |      85.38767 |    2624.52905 |      36.50000 |      36.00000 | 
     57.50200 |      27.80249 |       0.01739 |       0.01077 |       0.01341 |       1.00000 |       1.00000 |      36.44204 |      35.93109 |    2623.60596 |    2534.78809 |      85.00974 |    2623.29688 |      36.50000 |      36.00000 | 
     62.62752 |     112.34692 |       0.01597 |       0.01011 |       0.01378 |       1.00000 |       1.00000 |      36.44204 |      35.93105 |    2622.76294 |    2534.20312 |      84.75177 |    2622.45386 |      36.50000 |      36.00000 | 
     59.06932 |      98.93154 |       0.01693 |       0.01011 |       0.01378 |       1.00000 |       1.00000 |      36.44203 |      35.93098 |    2621.28027 |    2533.17310 |      84.29922 |    2620.97119 |      36.50000 |      36.00000 | 
     56.91466 |      42.58762 |       0.01757 |       0.01011 |       0.01378 |       1.00000 |       1.00000 |      36.44202 |      35.93092 |    2620.11768 |    2532.36426 |      83.94536 |    2619.80859 |      36.50000 |      36.00000 | 
     59.44278 |      81.96049 |       0.01682 |       0.01011 |       0.01378 |       1.00000 |       1.00000 |      36.44202 |      35.93088 |    2619.17896 |    2531.71045 |      83.66032 |    2618.86987 |      36.50000 |      36.00000 | 
     65.35644 |     122.26434 |       0.01530 |       0.01011 |       0.01378 |       1.00000 |       1.00000 |      36.44202 |      35.93084 |    2618.39185 |    2531.16211 |      83.42180 |    2618.08276 |      36.50000 |      36.00000 | 
     59.89392 |      89.11861 |       0.01670 |       0.01011 |       0.01378 |       1.00000 |       1.00000 |      36.44201 |      35.93077 |    2616.77637 |    2530.03467 |      82.93380 |    2616.46753 |      36.50000 |      36.00000 | 
     57.25834 |      42.26007 |       0.01746 |       0.01011 |       0.01378 |       1.00000 |       1.00000 |      36.44201 |      35.93071 |    2615.61450 |    2529.22266 |      82.58389 |    2615.30566 |      36.50000 |      36.00000 | 
     60.19156 |      96.43201 |       0.01661 |       0.01011 |       0.01378 |       1.00000 |       1.00000 |      36.44200 |      35.93067 |    2614.69873 |    2528.58203 |      82.30875 |    2614.38989 |      36.50000 |      36.00000 | 
     57.10395 |      40.57783 |       0.01751 |       0.01011 |       0.01378 |       1.00000 |       1.00000 |      36.44200 |      35.93061 |    2613.52246 |    2527.42578 |      82.28844 |    2613.21167 |      36.50000 |      36.00000 | 
     57.98384 |      24.77701 |       0.01725 |       0.01011 |       0.01378 |       1.00000 |       1.00000 |      36.44199 |      35.93055 |    2612.28687 |    2525.79395 |      82.68476 |    2611.97607 |      36.50000 |      36.00000 | 
     60.11740 |      90.36689 |       0.01663 |       0.01011 |       0.01378 |       1.00000 |       1.00000 |      36.44199 |      35.93051 |    2611.34668 |    2524.54980 |      82.98872 |    2611.03613 |      36.50000 |      36.00000 | 
     56.53293 |      39.79149 |       0.01769 |       0.01011 |       0.01378 |       1.00000 |       1.00000 |      36.44199 |      35.93045 |    2610.14551 |    2522.95703 |      83.38043 |    2609.83472 |      36.50000 |      36.00000 | 
     56.14341 |      25.87724 |       0.01781 |       0.01011 |       0.01378 |       1.00000 |       1.00000 |      36.44198 |      35.93039 |    2608.87793 |    2521.27197 |      83.79798 |    2608.56714 |      36.50000 |      36.00000 | 
     58.04061 |      88.82572 |       0.01723 |       0.01011 |       0.01378 |       1.00000 |       1.00000 |      36.44198 |      35.93034 |    2607.90137 |    2519.97119 |      84.12225 |    2607.59082 |      36.50000 |      36.00000 | 
     55.84791 |      42.15318 |       0.01791 |       0.01011 |       0.01378 |       1.00000 |       1.00000 |      36.44197 |      35.93029 |    2606.73682 |    2518.41650 |      84.51234 |    2606.42603 |      36.50000 |      36.00000 | 
     56.29424 |      27.58925 |       0.01776 |       0.01011 |       0.01378 |       1.00000 |       1.00000 |      36.44197 |      35.93023 |    2605.52954 |    2516.80103 |      84.92044 |    2605.21875 |      36.50000 |      36.00000 | 
     55.58876 |      44.01602 |       0.01799 |       0.01011 |       0.01378 |       1.00000 |       1.00000 |      36.44197 |      35.93018 |    2604.42578 |    2515.32080 |      85.29679 |    2604.11499 |      36.50000 |      36.00000 | 
     59.39610 |     104.50413 |       0.01684 |       0.01011 |       0.01378 |       1.00000 |       1.00000 |      36.44197 |      35.93013 |    2603.55103 |    2514.14551 |      85.59733 |    2603.24023 |      36.50000 |      36.00000 | 
     61.38521 |     101.26582 |       0.01629 |       0.01011 |       0.01378 |       1.00000 |       1.00000 |      36.44196 |      35.93008 |    2602.59863 |    2512.86377 |      85.92671 |    2602.28784 |      36.50000 |      36.00000 | 
     58.01902 |     101.57440 |       0.01724 |       0.01025 |       0.01313 |       1.00000 |       1.00000 |      36.44196 |      35.93002 |    2601.15942 |    2510.92188 |      86.42944 |    2600.84863 |      36.50000 |      36.00000 | 
     55.45633 |      41.09139 |       0.01803 |       0.01025 |       0.01313 |       1.00000 |       1.00000 |      36.44196 |      35.92996 |    2599.98584 |    2509.33472 |      86.84306 |    2599.67505 |      36.50000 |      36.00000 | 
     58.76759 |      96.52509 |       0.01702 |       0.01025 |       0.01313 |       1.00000 |       1.00000 |      36.44196 |      35.92992 |    2599.09180 |    2508.12305 |      87.16067 |    2598.78101 |      36.50000 |      36.00000 | 
     62.54456 |     109.97471 |       0.01599 |       0.01025 |       0.01313 |       1.00000 |       1.00000 |      36.44196 |      35.92987 |    2598.22314 |    2506.94385 |      87.47134 |    2597.91235 |      36.50000 |      36.00000 | 
     58.75610 |     114.27265 |       0.01702 |       0.01025 |       0.01313 |       1.00000 |       1.00000 |      36.44195 |      35.92980 |    2596.70679 |    2504.88013 |      88.01875 |    2596.39600 |      36.50000 |      36.00000 | 
     55.74568 |      39.81209 |       0.01794 |       0.01025 |       0.01313 |       1.00000 |       1.00000 |      36.44195 |      35.92974 |    2595.53247 |    2503.27734 |      88.44682 |    2595.22168 |      36.50000 |      36.00000 | 
     60.21346 |     118.73664 |       0.01661 |       0.01025 |       0.01313 |       1.00000 |       1.00000 |      36.44195 |      35.92970 |    2594.70630 |    2502.14795 |      88.75011 |    2594.39551 |      36.50000 |      36.00000 | 
     57.96606 |     106.49627 |       0.01725 |       0.01025 |       0.01313 |       1.00000 |       1.00000 |      36.44195 |      35.92964 |    2593.55664 |    2500.57324 |      89.17532 |    2593.24585 |      36.50000 |      36.00000 | 
     55.92224 |      45.72055 |       0.01788 |       0.01025 |       0.01313 |       1.00000 |       1.00000 |      36.44195 |      35.92958 |    2592.42041 |    2499.01343 |      89.59902 |    2592.10962 |      36.50000 |      36.00000 | 
     59.13482 |      88.55827 |       0.01691 |       0.01025 |       0.01313 |       1.00000 |       1.00000 |      36.44194 |      35.92954 |    2591.54517 |    2497.80908 |      89.92792 |    2591.23438 |      36.50000 |      36.00000 | 
     56.06025 |      21.71788 |       0.01784 |       0.01025 |       0.01313 |       1.00000 |       1.00000 |      36.44194 |      35.92949 |    2590.45215 |    2496.30249 |      90.34168 |    2590.14136 |      36.50000 |      36.00000 | 
     56.01628 |      42.99966 |       0.01785 |       0.01025 |       0.01313 |       1.00000 |       1.00000 |      36.44194 |      35.92944 |    2589.41040 |    2494.86353 |      90.73886 |    2589.09961 |      36.50000 |      36.00000 | 
     63.34433 |     111.02476 |       0.01579 |       0.01025 |       0.01313 |       1.00000 |       1.00000 |      36.44194 |      35.92939 |    2588.38013 |    2493.43726 |      91.13463 |    2588.06934 |      36.50000 |      36.00000 | 
     63.27930 |      99.72078 |       0.01580 |       0.01025 |       0.01313 |       1.00000 |       1.00000 |      36.44194 |      35.92932 |    2587.10229 |    2491.66431 |      91.62980 |    2586.79150 |      36.50000 |      36.00000 | 
     60.50287 |     113.14777 |       0.01653 |       0.01025 |       0.01313 |       1.00000 |       1.00000 |      36.44194 |      35.92925 |    2585.75488 |    2489.79004 |      92.15672 |    2585.44409 |      36.50000 |      36.00000 | 
     56.11079 |      36.17683 |       0.01782 |       0.01025 |       0.01313 |       1.00000 |       1.00000 |      36.44194 |      35.92920 |    2584.57153 |    2488.13989 |      92.62358 |    2584.26074 |      36.50000 |      36.00000 | 
     55.67751 |      39.23415 |       0.01796 |       0.01025 |       0.01313 |       1.00000 |       1.00000 |      36.44194 |      35.92914 |    2583.52661 |    2486.67944 |      93.03899 |    2583.21582 |      36.50000 |      36.00000 | 
     55.03197 |      37.13882 |       0.01817 |       0.01025 |       0.01313 |       1.00000 |       1.00000 |      36.44194 |      35.92909 |    2582.46631 |    2485.19482 |      93.46355 |    2582.15576 |      36.50000 |      36.00000 | 
     55.03543 |      39.70775 |       0.01817 |       0.01025 |       0.01313 |       1.00000 |       1.00000 |      36.44194 |      35.92904 |    2581.42871 |    2483.73853 |      93.88216 |    2581.11792 |      36.50000 |      36.00000 | 
     54.12360 |      34.49228 |       0.01848 |       0.01025 |       0.01313 |       1.00000 |       1.00000 |      36.44194 |      35.92900 |    2580.70312 |    2482.71826 |      94.17672 |    2580.39233 |      36.50000 |      36.00000 | 
     53.93016 |      40.09302 |       0.01854 |       0.00900 |       0.01346 |       1.00000 |       1.00000 |      36.44194 |      35.92894 |    2579.63525 |    2481.21436 |      94.61297 |    2579.32446 |      36.50000 |      36.00000 | 
     56.95203 |      90.38322 |       0.01756 |       0.00900 |       0.01346 |       1.00000 |       1.00000 |      36.44194 |      35.92890 |    2578.73633 |    2479.94580 |      94.98250 |    2578.42578 |      36.50000 |      36.00000 | 
     54.91459 |      22.12194 |       0.01821 |       0.00900 |       0.01346 |       1.00000 |       1.00000 |      36.44195 |      35.92885 |    2577.69263 |    2478.46948 |      95.41489 |    2577.38184 |      36.50000 |      36.00000 | 
     54.82912 |      41.54204 |       0.01824 |       0.00900 |       0.01346 |       1.00000 |       1.00000 |      36.44195 |      35.92879 |    2576.65015 |    2476.99268 |      95.84949 |    2576.33936 |      36.50000 |      36.00000 | 
     58.54615 |     102.10332 |       0.01708 |       0.00900 |       0.01346 |       1.00000 |       1.00000 |      36.44195 |      35.92875 |    2575.80273 |    2475.78955 |      96.20508 |    2575.49219 |      36.50000 |      36.00000 | 
     55.83469 |      41.75017 |       0.01791 |       0.00900 |       0.01346 |       1.00000 |       1.00000 |      36.44195 |      35.92869 |    2574.67871 |    2474.19067 |      96.67997 |    2574.36792 |      36.50000 |      36.00000 | 
     55.90347 |      39.45084 |       0.01789 |       0.00900 |       0.01346 |       1.00000 |       1.00000 |      36.44195 |      35.92866 |    2574.01929 |    2473.25098 |      96.96027 |    2573.70850 |      36.50000 |      36.00000 | 
     56.03298 |      43.26569 |       0.01785 |       0.00900 |       0.01346 |       1.00000 |       1.00000 |      36.44195 |      35.92861 |    2573.01343 |    2471.81543 |      97.39008 |    2572.70264 |      36.50000 |      36.00000 | 
     62.40460 |      87.88891 |       0.01602 |       0.00900 |       0.01346 |       1.00000 |       1.00000 |      36.44196 |      35.92855 |    2571.97168 |    2470.32520 |      97.83848 |    2571.66089 |      36.50000 |      36.00000 | 
     57.25043 |      42.67850 |       0.01747 |       0.00900 |       0.01346 |       1.00000 |       1.00000 |      36.44196 |      35.92848 |    2570.58447 |    2468.33594 |      98.44042 |    2570.27393 |      36.50000 |      36.00000 | 
     64.01454 |     109.18223 |       0.01562 |       0.00900 |       0.01346 |       1.00000 |       1.00000 |      36.44196 |      35.92843 |    2569.57690 |    2466.88794 |      98.88099 |    2569.26636 |      36.50000 |      36.00000 | 
     58.85007 |     101.61569 |       0.01699 |       0.00900 |       0.01346 |       1.00000 |       1.00000 |      36.44196 |      35.92836 |    2568.07983 |    2464.73022 |      99.54164 |    2567.76904 |      36.50000 |      36.00000 | 
     55.72276 |      39.29427 |       0.01795 |       0.00900 |       0.01346 |       1.00000 |       1.00000 |      36.44196 |      35.92830 |    2566.95850 |    2463.11011 |     100.04045 |    2566.64771 |      36.50000 |      36.00000 | 
     62.61166 |     113.83039 |       0.01597 |       0.00900 |       0.01346 |       1.00000 |       1.00000 |      36.44197 |      35.92825 |    2565.93823 |    2461.63257 |     100.49745 |    2565.62744 |      36.50000 |      36.00000 | 
     58.09074 |     100.31097 |       0.01721 |       0.00900 |       0.01346 |       1.00000 |       1.00000 |      36.44197 |      35.92817 |    2564.44849 |    2459.46997 |     101.17063 |    2564.13770 |      36.50000 |      36.00000 | 
     54.65321 |      38.84551 |       0.01830 |       0.00900 |       0.01346 |       1.00000 |       1.00000 |      36.44197 |      35.92811 |    2563.29736 |    2457.79395 |     101.69513 |    2562.98657 |      36.50000 |      36.00000 | 
     54.87946 |      39.04725 |       0.01822 |       0.00900 |       0.01346 |       1.00000 |       1.00000 |      36.44198 |      35.92807 |    2562.64478 |    2456.84253 |     101.99413 |    2562.33398 |      36.50000 |      36.00000 | 
     52.76254 |      19.90000 |       0.01895 |       0.00900 |       0.01346 |       1.00000 |       1.00000 |      36.44198 |      35.92801 |    2561.33105 |    2454.92285 |     102.60021 |    2561.02051 |      36.50000 |      36.00000 | 
     52.90290 |      36.80394 |       0.01890 |       0.00900 |       0.01346 |       1.00000 |       1.00000 |      36.44199 |      35.92794 |    2560.12817 |    2453.16064 |     103.15942 |    2559.81763 |      36.50000 |      36.00000 | 
     53.63850 |      39.70302 |       0.01864 |       0.00952 |       0.01335 |       1.00000 |       1.00000 |      36.44199 |      35.92789 |    2559.13184 |    2451.69800 |     103.62588 |    2558.82104 |      36.50000 |      36.00000 | 
     53.71334 |      37.17472 |       0.01862 |       0.00952 |       0.01335 |       1.00000 |       1.00000 |      36.44199 |      35.92784 |    2558.11646 |    2450.20410 |     104.10426 |    2557.80566 |      36.50000 |      36.00000 | 
     54.31304 |      40.79801 |       0.01841 |       0.00952 |       0.01335 |       1.00000 |       1.00000 |      36.44200 |      35.92778 |    2557.12744 |    2448.74609 |     104.57313 |    2556.81665 |      36.50000 |      36.00000 | 
     58.53429 |     105.10826 |       0.01708 |       0.00952 |       0.01335 |       1.00000 |       1.00000 |      36.44200 |      35.92774 |    2556.32544 |    2447.56201 |     104.95542 |    2556.01465 |      36.50000 |      36.00000 | 
     59.68319 |      84.31703 |       0.01676 |       0.00952 |       0.01335 |       1.00000 |       1.00000 |      36.44201 |      35.92770 |    2555.39990 |    2446.19238 |     105.39928 |    2555.08911 |      36.50000 |      36.00000 | 
     56.40981 |      41.10828 |       0.01773 |       0.00952 |       0.01335 |       1.00000 |       1.00000 |      36.44201 |      35.92763 |    2554.14697 |    2444.33472 |     106.00430 |    2553.83618 |      36.50000 |      36.00000 | 
     56.85318 |      27.56491 |       0.01759 |       0.00952 |       0.01335 |       1.00000 |       1.00000 |      36.44201 |      35.92757 |    2553.04565 |    2442.83691 |     106.40077 |    2552.73511 |      36.50000 |      36.00000 | 
     57.54993 |      23.00278 |       0.01738 |       0.00952 |       0.01335 |       1.00000 |       1.00000 |      36.44202 |      35.92751 |    2551.89429 |    2441.41895 |     106.66738 |    2551.58350 |      36.50000 |      36.00000 | 
     56.04921 |      37.10300 |       0.01784 |       0.00952 |       0.01335 |       1.00000 |       1.00000 |      36.44202 |      35.92746 |    2550.88086 |    2440.16748 |     106.90515 |    2550.57007 |      36.50000 |      36.00000 | 
     56.15838 |      40.17355 |       0.01781 |       0.00952 |       0.01335 |       1.00000 |       1.00000 |      36.44203 |      35.92741 |    2549.92285 |    2438.98193 |     107.13294 |    2549.61206 |      36.50000 |      36.00000 | 
     59.57415 |     120.32246 |       0.01679 |       0.00952 |       0.01335 |       1.00000 |       1.00000 |      36.44203 |      35.92736 |    2549.09131 |    2437.95020 |     107.33297 |    2548.77881 |      36.50000 |      36.00000 | 
     56.82756 |      40.64710 |       0.01760 |       0.00952 |       0.01335 |       1.00000 |       1.00000 |      36.44204 |      35.92731 |    2548.04248 |    2436.64624 |     107.58832 |    2547.72998 |      36.50000 |      36.00000 | 
     56.90884 |      39.29736 |       0.01757 |       0.00952 |       0.01335 |       1.00000 |       1.00000 |      36.44204 |      35.92727 |    2547.42725 |    2435.87915 |     107.73981 |    2547.11475 |      36.50000 |      36.00000 | 
     56.50142 |      39.46330 |       0.01770 |       0.00952 |       0.01335 |       1.00000 |       1.00000 |      36.44205 |      35.92722 |    2546.46606 |    2434.67944 |     107.97875 |    2546.15356 |      36.50000 |      36.00000 | 
     56.44845 |      40.28360 |       0.01772 |       0.00952 |       0.01335 |       1.00000 |       1.00000 |      36.44205 |      35.92717 |    2545.51611 |    2433.49023 |     108.21792 |    2545.20361 |      36.50000 |      36.00000 | 
     55.89684 |      38.33768 |       0.01789 |       0.00952 |       0.01335 |       1.00000 |       1.00000 |      36.44206 |      35.92712 |    2544.54443 |    2432.27075 |     108.46554 |    2544.23193 |      36.50000 |      36.00000 | 
     59.85011 |     126.10340 |       0.01671 |       0.00952 |       0.01335 |       1.00000 |       1.00000 |      36.44206 |      35.92708 |    2543.76538 |    2431.29102 |     108.66627 |    2543.45288 |      36.50000 |      36.00000 | 
     55.64920 |      37.82434 |       0.01797 |       0.00952 |       0.01335 |       1.00000 |       1.00000 |      36.44207 |      35.92702 |    2542.65869 |    2429.89600 |     108.95483 |    2542.34619 |      36.50000 |      36.00000 | 
     59.58028 |     121.50668 |       0.01678 |       0.00952 |       0.01335 |       1.00000 |       1.00000 |      36.44207 |      35.92698 |    2541.88135 |    2428.91333 |     109.15993 |    2541.56885 |      36.50000 |      36.00000 | 
     56.85434 |      41.60599 |       0.01759 |       0.00952 |       0.01335 |       1.00000 |       1.00000 |      36.44208 |      35.92692 |    2540.85034 |    2427.60718 |     109.43502 |    2540.53784 |      36.50000 |      36.00000 | 
     59.93912 |     100.92854 |       0.01668 |       0.00849 |       0.01280 |       1.00000 |       1.00000 |      36.44209 |      35.92688 |    2540.04956 |    2426.59033 |     109.65107 |    2539.73706 |      36.50000 |      36.00000 | 
     56.81009 |      40.12036 |       0.01760 |       0.00849 |       0.01280 |       1.00000 |       1.00000 |      36.44209 |      35.92682 |    2539.01416 |    2425.27271 |     109.93367 |    2538.70166 |      36.50000 |      36.00000 | 
     64.18937 |     117.20581 |       0.01558 |       0.00849 |       0.01280 |       1.00000 |       1.00000 |      36.44210 |      35.92677 |    2538.08789 |    2424.09009 |     110.18951 |    2537.77539 |      36.50000 |      36.00000 | 
     57.17010 |     102.13461 |       0.01749 |       0.00849 |       0.01280 |       1.00000 |       1.00000 |      36.44211 |      35.92669 |    2536.47217 |    2422.02100 |     110.64314 |    2536.15967 |      36.50000 |      36.00000 | 
     54.93351 |      40.55479 |       0.01820 |       0.00849 |       0.01280 |       1.00000 |       1.00000 |      36.44212 |      35.92663 |    2535.43604 |    2420.68945 |     110.93857 |    2535.12354 |      36.50000 |      36.00000 | 
     58.61790 |      97.17229 |       0.01706 |       0.00849 |       0.01280 |       1.00000 |       1.00000 |      36.44213 |      35.92659 |    2534.65747 |    2419.68628 |     111.16288 |    2534.34497 |      36.50000 |      36.00000 | 
     55.79319 |      40.65702 |       0.01792 |       0.00849 |       0.01280 |       1.00000 |       1.00000 |      36.44213 |      35.92653 |    2533.62500 |    2418.35327 |     111.46356 |    2533.31250 |      36.50000 |      36.00000 | 
     59.51844 |     102.21813 |       0.01680 |       0.00849 |       0.01280 |       1.00000 |       1.00000 |      36.44214 |      35.92649 |    2532.86255 |    2417.36670 |     111.68798 |    2532.55005 |      36.50000 |      36.00000 | 
     56.21193 |      38.81084 |       0.01779 |       0.00849 |       0.01280 |       1.00000 |       1.00000 |      36.44215 |      35.92643 |    2531.83350 |    2416.03149 |     111.99412 |    2531.52100 |      36.50000 |      36.00000 | 
     55.41508 |      40.43835 |       0.01805 |       0.00849 |       0.01280 |       1.00000 |       1.00000 |      36.44216 |      35.92638 |    2530.87622 |    2414.78589 |     112.28219 |    2530.56372 |      36.50000 |      36.00000 | 
     58.76207 |      98.70694 |       0.01702 |       0.00849 |       0.01280 |       1.00000 |       1.00000 |      36.44216 |      35.92633 |    2530.09839 |    2413.77173 |     112.51865 |    2529.78589 |      36.50000 |      36.00000 | 
     62.27774 |     118.96265 |       0.01606 |       0.00849 |       0.01280 |       1.00000 |       1.00000 |      36.44217 |      35.92629 |    2529.32764 |    2412.76440 |     112.75503 |    2529.01514 |      36.50000 |      36.00000 | 
     57.95313 |     105.68590 |       0.01726 |       0.00849 |       0.01280 |       1.00000 |       1.00000 |      36.44218 |      35.92622 |    2527.96460 |    2410.97827 |     113.17841 |    2527.65210 |      36.50000 |      36.00000 | 
     61.14809 |     114.61318 |       0.01635 |       0.00849 |       0.01280 |       1.00000 |       1.00000 |      36.44219 |      35.92617 |    2527.17847 |    2410.04297 |     113.32736 |    2526.86597 |      36.50000 |      36.00000 | 
     57.27942 |      99.27529 |       0.01746 |       0.00849 |       0.01280 |       1.00000 |       1.00000 |      36.44220 |      35.92610 |    2525.84839 |    2409.78491 |     112.25540 |    2525.53589 |      36.50000 |      36.00000 | 
     54.74301 |      40.22364 |       0.01827 |       0.00849 |       0.01280 |       1.00000 |       1.00000 |      36.44221 |      35.92604 |    2524.83105 |    2409.58740 |     111.43567 |    2524.51855 |      36.50000 |      36.00000 | 
     58.91299 |     113.64928 |       0.01697 |       0.00849 |       0.01280 |       1.00000 |       1.00000 |      36.44221 |      35.92600 |    2524.09619 |    2409.44458 |     110.84348 |    2523.78369 |      36.50000 |      36.00000 | 
     55.80278 |      39.04725 |       0.01792 |       0.00849 |       0.01280 |       1.00000 |       1.00000 |      36.44223 |      35.92595 |    2523.08862 |    2409.24878 |     110.03160 |    2522.77612 |      36.50000 |      36.00000 | 
     60.04451 |     108.68384 |       0.01665 |       0.00849 |       0.01280 |       1.00000 |       1.00000 |      36.44223 |      35.92590 |    2522.37476 |    2409.11011 |     109.45644 |    2522.06226 |      36.50000 |      36.00000 | 
     63.31984 |     101.03051 |       0.01579 |       0.00920 |       0.01348 |       1.00000 |       1.00000 |      36.44224 |      35.92586 |    2521.63135 |    2408.96582 |     108.85752 |    2521.31885 |      36.50000 |      36.00000 | 
     57.98755 |      41.14041 |       0.01725 |       0.00920 |       0.01348 |       1.00000 |       1.00000 |      36.44225 |      35.92579 |    2520.36230 |    2408.71875 |     107.83536 |    2520.04980 |      36.50000 |      36.00000 | 
     61.81905 |     109.42117 |       0.01618 |       0.00920 |       0.01348 |       1.00000 |       1.00000 |      36.44226 |      35.92575 |    2519.65723 |    2408.58179 |     107.26756 |    2519.34473 |      36.50000 |      36.00000 | 
     63.01048 |      95.70294 |       0.01587 |       0.00920 |       0.01348 |       1.00000 |       1.00000 |      36.44227 |      35.92570 |    2518.85913 |    2408.42627 |     106.62466 |    2518.54663 |      36.50000 |      36.00000 | 
     58.85477 |     105.26316 |       0.01699 |       0.00920 |       0.01348 |       1.00000 |       1.00000 |      36.44228 |      35.92563 |    2517.61743 |    2408.18481 |     105.62476 |    2517.30493 |      36.50000 |      36.00000 | 
     55.68398 |      39.17881 |       0.01796 |       0.00920 |       0.01348 |       1.00000 |       1.00000 |      36.44229 |      35.92558 |    2516.62671 |    2407.99146 |     104.82706 |    2516.31421 |      36.50000 |      36.00000 | 
     58.83895 |      94.11765 |       0.01700 |       0.00920 |       0.01348 |       1.00000 |       1.00000 |      36.44230 |      35.92553 |    2515.87964 |    2407.84570 |     104.22569 |    2515.56714 |      36.50000 |      36.00000 | 
     64.03947 |     117.63322 |       0.01562 |       0.00920 |       0.01348 |       1.00000 |       1.00000 |      36.44231 |      35.92548 |    2514.91748 |    2407.65820 |     103.45126 |    2514.60498 |      36.50000 |      36.00000 | 
     63.16530 |      98.36710 |       0.01583 |       0.00920 |       0.01348 |       1.00000 |       1.00000 |      36.44232 |      35.92542 |    2513.80688 |    2407.44116 |     102.55745 |    2513.49438 |      36.50000 |      36.00000 | 
     60.08912 |     107.38831 |       0.01664 |       0.00920 |       0.01348 |       1.00000 |       1.00000 |      36.44234 |      35.92535 |    2512.65796 |    2407.21680 |     101.63318 |    2512.34546 |      36.50000 |      36.00000 | 
     57.00198 |      43.11088 |       0.01754 |       0.00920 |       0.01348 |       1.00000 |       1.00000 |      36.44235 |      35.92529 |    2511.70435 |    2407.03003 |     100.86613 |    2511.39185 |      36.50000 |      36.00000 | 
     54.82959 |      19.90000 |       0.01824 |       0.00920 |       0.01348 |       1.00000 |       1.00000 |      36.44236 |      35.92523 |    2510.58838 |    2406.81152 |      99.96865 |    2510.27588 |      36.50000 |      36.00000 | 
     55.23684 |      43.18535 |       0.01810 |       0.00920 |       0.01348 |       1.00000 |       1.00000 |      36.44237 |      35.92517 |    2509.55786 |    2406.60962 |      99.14030 |    2509.24536 |      36.50000 |      36.00000 | 
     63.09492 |     111.16051 |       0.01585 |       0.00920 |       0.01348 |       1.00000 |       1.00000 |      36.44238 |      35.92512 |    2508.71655 |    2406.44434 |      98.46422 |    2508.40405 |      36.50000 |      36.00000 | 
     59.93435 |     119.11852 |       0.01668 |       0.00920 |       0.01348 |       1.00000 |       1.00000 |      36.44240 |      35.92505 |    2507.51074 |    2406.20703 |      97.49556 |    2507.19653 |      36.50000 |      36.00000 | 
     59.61207 |     127.61613 |       0.01678 |       0.00920 |       0.01348 |       1.00000 |       1.00000 |      36.44241 |      35.92500 |    2506.65063 |    2406.03760 |      96.80484 |    2506.33643 |      36.50000 |      36.00000 | 
     59.08555 |     126.72665 |       0.01692 |       0.00920 |       0.01348 |       1.00000 |       1.00000 |      36.44242 |      35.92495 |    2505.77734 |    2405.86548 |      96.10382 |    2505.46313 |      36.50000 |      36.00000 | 
     59.09326 |     129.87013 |       0.01692 |       0.00920 |       0.01348 |       1.00000 |       1.00000 |      36.44243 |      35.92490 |    2504.92261 |    2405.69678 |      95.41794 |    2504.60840 |      36.50000 |      36.00000 | 
     54.42859 |      34.21962 |       0.01837 |       0.00920 |       0.01348 |       1.00000 |       1.00000 |      36.44244 |      35.92484 |    2503.90625 |    2405.49536 |      94.60262 |    2503.59204 |      36.50000 |      36.00000 | 
     53.92250 |      41.06270 |       0.01855 |       0.00951 |       0.01433 |       1.00000 |       1.00000 |      36.44246 |      35.92479 |    2503.01050 |    2405.31812 |      93.88431 |    2502.69629 |      36.50000 |      36.00000 | 
     57.87122 |     100.97950 |       0.01728 |       0.00951 |       0.01433 |       1.00000 |       1.00000 |      36.44247 |      35.92475 |    2502.30688 |    2405.17847 |      93.32037 |    2501.99268 |      36.50000 |      36.00000 | 
     55.29105 |      40.13808 |       0.01809 |       0.00951 |       0.01433 |       1.00000 |       1.00000 |      36.44248 |      35.92469 |    2501.36768 |    2404.99170 |      92.56802 |    2501.05347 |      36.50000 |      36.00000 | 
     55.81643 |      28.04813 |       0.01792 |       0.00951 |       0.01433 |       1.00000 |       1.00000 |      36.44249 |      35.92463 |    2500.42212 |    2404.80322 |      91.81084 |    2500.10791 |      36.50000 |      36.00000 | 
     59.39939 |     108.06138 |       0.01684 |       0.00951 |       0.01433 |       1.00000 |       1.00000 |      36.44250 |      35.92459 |    2499.72510 |    2404.66406 |      91.25298 |    2499.41089 |      36.50000 |      36.00000 | 
     55.76011 |      39.89945 |       0.01793 |       0.00951 |       0.01433 |       1.00000 |       1.00000 |      36.44251 |      35.92454 |    2498.77002 |    2403.65137 |      91.31042 |    2498.45581 |      36.50000 |      36.00000 | 
     62.21260 |     108.57764 |       0.01607 |       0.00951 |       0.01433 |       1.00000 |       1.00000 |      36.44252 |      35.92452 |    2498.45288 |    2403.25439 |      91.39014 |    2498.13843 |      36.50000 |      36.00000 | 
     55.74863 |      95.03896 |       0.01794 |       0.00951 |       0.01433 |       1.00000 |       1.00000 |      36.44254 |      35.92443 |    2497.02368 |    2401.46313 |      91.75245 |    2496.70947 |      36.50000 |      36.00000 | 
     53.74198 |      39.73773 |       0.01861 |       0.00951 |       0.01433 |       1.00000 |       1.00000 |      36.44255 |      35.92438 |    2496.08545 |    2400.28491 |      91.99252 |    2495.77124 |      36.50000 |      36.00000 | 
     57.77048 |     104.59157 |       0.01731 |       0.00951 |       0.01433 |       1.00000 |       1.00000 |      36.44256 |      35.92434 |    2495.39453 |    2399.41602 |      92.17049 |    2495.08032 |      36.50000 |      36.00000 | 
     61.06499 |     111.85683 |       0.01638 |       0.00951 |       0.01433 |       1.00000 |       1.00000 |      36.44257 |      35.92429 |    2494.68164 |    2398.51855 |      92.35516 |    2494.36743 |      36.50000 |      36.00000 | 
     57.88148 |     106.26993 |       0.01728 |       0.00951 |       0.01433 |       1.00000 |       1.00000 |      36.44259 |      35.92422 |    2493.50952 |    2397.04028 |      92.66132 |    2493.19531 |      36.50000 |      36.00000 | 
     55.37099 |      42.99966 |       0.01806 |       0.00951 |       0.01433 |       1.00000 |       1.00000 |      36.44260 |      35.92417 |    2492.59229 |    2395.88135 |      92.90282 |    2492.27808 |      36.50000 |      36.00000 | 
     58.73938 |      99.75063 |       0.01702 |       0.00951 |       0.01433 |       1.00000 |       1.00000 |      36.44261 |      35.92413 |    2491.89722 |    2395.00220 |      93.08702 |    2491.58301 |      36.50000 |      36.00000 | 
     56.68657 |      24.16276 |       0.01764 |       0.00951 |       0.01433 |       1.00000 |       1.00000 |      36.44262 |      35.92408 |    2491.09644 |    2393.98779 |      93.30055 |    2490.78223 |      36.50000 |      36.00000 | 
     64.23325 |     115.72735 |       0.01557 |       0.00951 |       0.01433 |       1.00000 |       1.00000 |      36.44264 |      35.92403 |    2490.29419 |    2392.97021 |      93.51570 |    2489.97974 |      36.50000 |      36.00000 | 
     59.02192 |      99.46290 |       0.01694 |       0.00951 |       0.01433 |       1.00000 |       1.00000 |      36.44266 |      35.92395 |    2489.04907 |    2391.38867 |      93.85243 |    2488.73486 |      36.50000 |      36.00000 | 
     56.70266 |      41.59042 |       0.01764 |       0.00951 |       0.01433 |       1.00000 |       1.00000 |      36.44267 |      35.92390 |    2488.17310 |    2390.27393 |      94.09116 |    2487.85889 |      36.50000 |      36.00000 | 
     63.25478 |      94.82269 |       0.01581 |       0.00951 |       0.01433 |       1.00000 |       1.00000 |      36.44268 |      35.92385 |    2487.34814 |    2389.22266 |      94.31741 |    2487.03369 |      36.50000 |      36.00000 | 
     60.24973 |     110.68069 |       0.01660 |       0.00975 |       0.01345 |       1.00000 |       1.00000 |      36.44270 |      35.92379 |    2486.27124 |    2387.84839 |      94.61492 |    2485.95703 |      36.50000 |      36.00000 | 
     57.59154 |      43.28817 |       0.01736 |       0.00975 |       0.01345 |       1.00000 |       1.00000 |      36.44271 |      35.92374 |    2485.40381 |    2386.73950 |      94.85623 |    2485.08960 |      36.50000 |      36.00000 | 
     58.33461 |      23.48190 |       0.01714 |       0.00975 |       0.01345 |       1.00000 |       1.00000 |      36.44273 |      35.92368 |    2484.46411 |    2385.53662 |      95.11942 |    2484.14990 |      36.50000 |      36.00000 | 
     61.59784 |     101.37875 |       0.01623 |       0.00975 |       0.01345 |       1.00000 |       1.00000 |      36.44274 |      35.92364 |    2483.80664 |    2384.69385 |      95.30463 |    2483.49219 |      36.50000 |      36.00000 | 
     57.73387 |      39.29736 |       0.01732 |       0.00975 |       0.01345 |       1.00000 |       1.00000 |      36.44276 |      35.92358 |    2482.91870 |    2383.55469 |      95.55606 |    2482.60449 |      36.50000 |      36.00000 | 
     61.57734 |     116.04967 |       0.01624 |       0.00975 |       0.01345 |       1.00000 |       1.00000 |      36.44276 |      35.92355 |    2482.27905 |    2382.73267 |      95.73820 |    2481.96484 |      36.50000 |      36.00000 | 
     61.67201 |     130.34410 |       0.01621 |       0.00975 |       0.01345 |       1.00000 |       1.00000 |      36.44278 |      35.92348 |    2481.22388 |    2381.37524 |      96.04042 |    2480.90967 |      36.50000 |      36.00000 | 
     58.69633 |     123.41108 |       0.01704 |       0.00975 |       0.01345 |       1.00000 |       1.00000 |      36.44280 |      35.92341 |    2480.07520 |    2379.89502 |      96.37207 |    2479.76099 |      36.50000 |      36.00000 | 
     58.42623 |     113.48161 |       0.01712 |       0.00975 |       0.01345 |       1.00000 |       1.00000 |      36.44282 |      35.92336 |    2479.25928 |    2378.84180 |      96.60918 |    2478.94482 |      36.50000 |      36.00000 | 
     55.29951 |      40.40241 |       0.01808 |       0.00975 |       0.01345 |       1.00000 |       1.00000 |      36.44283 |      35.92331 |    2478.35352 |    2377.67139 |      96.87383 |    2478.03931 |      36.50000 |      36.00000 | 
     58.29370 |      99.26543 |       0.01715 |       0.00975 |       0.01345 |       1.00000 |       1.00000 |      36.44284 |      35.92326 |    2477.65991 |    2376.77417 |      97.07761 |    2477.34570 |      36.50000 |      36.00000 | 
     55.47089 |      39.93770 |       0.01803 |       0.00975 |       0.01345 |       1.00000 |       1.00000 |      36.44286 |      35.92321 |    2476.77173 |    2375.62378 |      97.33997 |    2476.45752 |      36.50000 |      36.00000 | 
     63.25146 |     112.41007 |       0.01581 |       0.00975 |       0.01345 |       1.00000 |       1.00000 |      36.44287 |      35.92318 |    2476.24902 |    2374.94604 |      97.49500 |    2475.93140 |      36.50000 |      36.00000 | 
     57.22779 |      39.85175 |       0.01747 |       0.00975 |       0.01345 |       1.00000 |       1.00000 |      36.44289 |      35.92311 |    2475.07910 |    2373.42700 |      97.84418 |    2474.76147 |      36.50000 |      36.00000 | 
     61.50844 |     129.03226 |       0.01626 |       0.00975 |       0.01345 |       1.00000 |       1.00000 |      36.44290 |      35.92307 |    2474.45825 |    2372.61987 |      98.03053 |    2474.14062 |      36.50000 |      36.00000 | 
     57.20237 |      39.88672 |       0.01748 |       0.00975 |       0.01345 |       1.00000 |       1.00000 |      36.44292 |      35.92301 |    2473.56714 |    2371.45972 |      98.29923 |    2473.24927 |      36.50000 |      36.00000 | 
     60.39754 |     105.90977 |       0.01656 |       0.00975 |       0.01345 |       1.00000 |       1.00000 |      36.44293 |      35.92297 |    2472.90820 |    2370.60132 |      98.49889 |    2472.59058 |      36.50000 |      36.00000 | 
     56.74031 |      39.59925 |       0.01762 |       0.00975 |       0.01345 |       1.00000 |       1.00000 |      36.44294 |      35.92292 |    2472.02856 |    2369.45361 |      98.76676 |    2471.71069 |      36.50000 |      36.00000 | 
     60.42164 |     110.71745 |       0.01655 |       0.00975 |       0.01345 |       1.00000 |       1.00000 |      36.44296 |      35.92288 |    2471.38770 |    2368.61694 |      98.96276 |    2471.07007 |      36.50000 |      36.00000 | 
     56.98048 |      44.78481 |       0.01755 |       0.00928 |       0.01354 |       1.00000 |       1.00000 |      36.44297 |      35.92282 |    2470.51294 |    2367.47314 |      99.23161 |    2470.19531 |      36.50000 |      36.00000 | 
     55.61984 |      35.40324 |       0.01798 |       0.00928 |       0.01354 |       1.00000 |       1.00000 |      36.44298 |      35.92279 |    2469.95850 |    2366.74756 |      99.40282 |    2469.64087 |      36.50000 |      36.00000 | 
     55.16215 |      40.29496 |       0.01813 |       0.00928 |       0.01354 |       1.00000 |       1.00000 |      36.44300 |      35.92274 |    2469.15088 |    2365.68970 |      99.65316 |    2468.83301 |      36.50000 |      36.00000 | 
     57.89964 |      94.09108 |       0.01727 |       0.00928 |       0.01354 |       1.00000 |       1.00000 |      36.44301 |      35.92270 |    2468.46289 |    2364.78735 |      99.86736 |    2468.14502 |      36.50000 |      36.00000 | 
     61.18616 |     104.81081 |       0.01634 |       0.00928 |       0.01354 |       1.00000 |       1.00000 |      36.44302 |      35.92266 |    2467.79443 |    2363.91016 |     100.07631 |    2467.47681 |      36.50000 |      36.00000 | 
     55.25164 |     105.05305 |       0.01810 |       0.00928 |       0.01354 |       1.00000 |       1.00000 |      36.44305 |      35.92257 |    2466.44556 |    2362.13672 |     100.50076 |    2466.12793 |      36.50000 |      36.00000 | 
     58.52951 |      99.81036 |       0.01709 |       0.00928 |       0.01354 |       1.00000 |       1.00000 |      36.44306 |      35.92253 |    2465.75439 |    2361.22705 |     100.71942 |    2465.43652 |      36.50000 |      36.00000 | 
     56.03010 |      99.81036 |       0.01785 |       0.00928 |       0.01354 |       1.00000 |       1.00000 |      36.44308 |      35.92246 |    2464.65063 |    2359.77173 |     101.07056 |    2464.33276 |      36.50000 |      36.00000 | 
     53.40652 |      38.58620 |       0.01872 |       0.00928 |       0.01354 |       1.00000 |       1.00000 |      36.44310 |      35.92241 |    2463.75269 |    2358.58667 |     101.35782 |    2463.43481 |      36.50000 |      36.00000 | 
     60.92830 |     113.54604 |       0.01641 |       0.00928 |       0.01354 |       1.00000 |       1.00000 |      36.44312 |      35.92236 |    2462.96436 |    2357.54517 |     101.61110 |    2462.64673 |      36.50000 |      36.00000 | 
     56.90502 |      97.25734 |       0.01757 |       0.00928 |       0.01354 |       1.00000 |       1.00000 |      36.44314 |      35.92228 |    2461.79199 |    2355.99365 |     101.99015 |    2461.47412 |      36.50000 |      36.00000 | 
     54.39784 |      38.91202 |       0.01838 |       0.00928 |       0.01354 |       1.00000 |       1.00000 |      36.44316 |      35.92223 |    2460.92139 |    2354.84009 |     102.27307 |    2460.60376 |      36.50000 |      36.00000 | 
     61.70653 |     116.80878 |       0.01621 |       0.00928 |       0.01354 |       1.00000 |       1.00000 |      36.44317 |      35.92218 |    2460.13843 |    2353.80151 |     102.52872 |    2459.82056 |      36.50000 |      36.00000 | 
     58.28762 |     119.38873 |       0.01716 |       0.00928 |       0.01354 |       1.00000 |       1.00000 |      36.44320 |      35.92211 |    2459.01025 |    2352.30322 |     102.89905 |    2458.69263 |      36.50000 |      36.00000 | 
     55.17262 |      39.67781 |       0.01812 |       0.00928 |       0.01354 |       1.00000 |       1.00000 |      36.44321 |      35.92205 |    2458.13916 |    2351.14453 |     103.18649 |    2457.82153 |      36.50000 |      36.00000 | 
     54.26278 |      34.31002 |       0.01843 |       0.00928 |       0.01354 |       1.00000 |       1.00000 |      36.44322 |      35.92202 |    2457.59839 |    2350.42456 |     103.36562 |    2457.28052 |      36.50000 |      36.00000 | 
     54.05615 |      37.38597 |       0.01850 |       0.00928 |       0.01354 |       1.00000 |       1.00000 |      36.44324 |      35.92197 |    2456.80640 |    2349.36938 |     103.62885 |    2456.48853 |      36.50000 |      36.00000 | 
     58.13342 |     114.57378 |       0.01720 |       0.00928 |       0.01354 |       1.00000 |       1.00000 |      36.44325 |      35.92193 |    2456.17529 |    2348.55737 |     103.80988 |    2455.85767 |      36.50000 |      36.00000 | 
     54.13697 |      37.88596 |       0.01847 |       0.00928 |       0.01354 |       1.00000 |       1.00000 |      36.44327 |      35.92188 |    2455.26807 |    2347.40967 |     104.05038 |    2454.95044 |      36.50000 |      36.00000 | 
     55.04356 |      20.34050 |       0.01817 |       0.00865 |       0.01239 |       1.00000 |       1.00000 |      36.44329 |      35.92181 |    2454.29883 |    2346.18188 |     104.30884 |    2453.98096 |      36.50000 |      36.00000 | 
     54.47675 |      39.45863 |       0.01836 |       0.00865 |       0.01239 |       1.00000 |       1.00000 |      36.44331 |      35.92176 |    2453.50269 |    2345.17236 |     104.52213 |    2453.18481 |      36.50000 |      36.00000 | 
     58.39014 |     107.70059 |       0.01713 |       0.00865 |       0.01239 |       1.00000 |       1.00000 |      36.44332 |      35.92172 |    2452.87183 |    2344.37207 |     104.69180 |    2452.55420 |      36.50000 |      36.00000 | 
     55.77944 |      39.61337 |       0.01793 |       0.00865 |       0.01239 |       1.00000 |       1.00000 |      36.44334 |      35.92167 |    2452.03516 |    2343.30933 |     104.91780 |    2451.71729 |      36.50000 |      36.00000 | 
     60.19253 |     131.85654 |       0.01661 |       0.00865 |       0.01239 |       1.00000 |       1.00000 |      36.44335 |      35.92163 |    2451.43530 |    2342.54663 |     105.08051 |    2451.11743 |      36.50000 |      36.00000 | 
     54.31263 |      52.21114 |       0.01841 |       0.00865 |       0.01239 |       1.00000 |       1.00000 |      36.44337 |      35.92157 |    2450.47290 |    2341.32227 |     105.34261 |    2450.15527 |      36.50000 |      36.00000 | 
     59.43261 |     131.01009 |       0.01683 |       0.00865 |       0.01239 |       1.00000 |       1.00000 |      36.44339 |      35.92154 |    2449.88892 |    2340.57861 |     105.50240 |    2449.57129 |      36.50000 |      36.00000 | 
     54.85780 |      34.26535 |       0.01823 |       0.00865 |       0.01239 |       1.00000 |       1.00000 |      36.44341 |      35.92148 |    2448.99805 |    2339.96240 |     105.22758 |    2448.68018 |      36.50000 |      36.00000 | 
     58.98637 |     132.48543 |       0.01695 |       0.00865 |       0.01239 |       1.00000 |       1.00000 |      36.44342 |      35.92144 |    2448.36475 |    2339.85352 |     104.70310 |    2448.04688 |      36.50000 |      36.00000 | 
     56.32972 |      40.92323 |       0.01775 |       0.00865 |       0.01239 |       1.00000 |       1.00000 |      36.44344 |      35.92139 |    2447.54175 |    2339.71240 |     104.02107 |    2447.22217 |      36.50000 |      36.00000 | 
     57.21421 |      22.89639 |       0.01748 |       0.00865 |       0.01239 |       1.00000 |       1.00000 |      36.44345 |      35.92133 |    2446.64868 |    2339.56030 |     103.28020 |    2446.32910 |      36.50000 |      36.00000 | 
     61.03904 |     106.63255 |       0.01638 |       0.00865 |       0.01239 |       1.00000 |       1.00000 |      36.44347 |      35.92129 |    2446.04639 |    2339.45801 |     102.78027 |    2445.72705 |      36.50000 |      36.00000 | 
     58.27324 |      43.43671 |       0.01716 |       0.00865 |       0.01239 |       1.00000 |       1.00000 |      36.44349 |      35.92124 |    2445.25171 |    2339.32373 |     102.11996 |    2444.93237 |      36.50000 |      36.00000 | 
     65.98348 |     122.23444 |       0.01516 |       0.00865 |       0.01239 |       1.00000 |       1.00000 |      36.44350 |      35.92120 |    2444.53857 |    2339.20361 |     101.52679 |    2444.21924 |      36.50000 |      36.00000 | 
     61.15891 |     100.07005 |       0.01635 |       0.00865 |       0.01239 |       1.00000 |       1.00000 |      36.44352 |      35.92113 |    2443.48193 |    2339.02661 |     100.64724 |    2443.16260 |      36.50000 |      36.00000 | 
     58.00616 |      40.68514 |       0.01724 |       0.00865 |       0.01239 |       1.00000 |       1.00000 |      36.44354 |      35.92108 |    2442.68286 |    2338.89355 |      99.98112 |    2442.36328 |      36.50000 |      36.00000 | 
     58.56972 |      21.93560 |       0.01707 |       0.00865 |       0.01239 |       1.00000 |       1.00000 |      36.44356 |      35.92102 |    2441.79175 |    2338.74585 |      99.23784 |    2441.47217 |      36.50000 |      36.00000 | 
     57.86655 |      42.71679 |       0.01728 |       0.00865 |       0.01239 |       1.00000 |       1.00000 |      36.44358 |      35.92097 |    2441.05469 |    2338.62402 |      98.62245 |    2440.73511 |      36.50000 |      36.00000 | 
     60.43070 |      99.73073 |       0.01655 |       0.00865 |       0.01239 |       1.00000 |       1.00000 |      36.44359 |      35.92094 |    2440.42090 |    2338.51978 |      98.09293 |    2440.10132 |      36.50000 |      36.00000 | 
     63.26924 |      81.01102 |       0.01581 |       0.00834 |       0.01228 |       1.00000 |       1.00000 |      36.44361 |      35.92088 |    2439.56372 |    2338.37939 |      97.37623 |    2439.24438 |      36.50000 |      36.00000 | 
     57.49650 |      79.05138 |       0.01739 |       0.00834 |       0.01228 |       1.00000 |       1.00000 |      36.44364 |      35.92081 |    2438.49341 |    2338.20532 |      96.48010 |    2438.17407 |      36.50000 |      36.00000 | 
     55.88711 |      26.14242 |       0.01789 |       0.00834 |       0.01228 |       1.00000 |       1.00000 |      36.44365 |      35.92077 |    2437.81421 |    2338.09521 |      95.91079 |    2437.49463 |      36.50000 |      36.00000 | 
     58.62011 |      77.59758 |       0.01706 |       0.00834 |       0.01228 |       1.00000 |       1.00000 |      36.44367 |      35.92073 |    2437.15527 |    2337.98901 |      95.35823 |    2436.83569 |      36.50000 |      36.00000 | 
     60.08786 |      81.61266 |       0.01664 |       0.00834 |       0.01228 |       1.00000 |       1.00000 |      36.44369 |      35.92068 |    2436.37524 |    2337.86353 |      94.70352 |    2436.05591 |      36.50000 |      36.00000 | 
     56.29692 |      41.89183 |       0.01776 |       0.00834 |       0.01228 |       1.00000 |       1.00000 |      36.44371 |      35.92062 |    2435.41919 |    2337.71094 |      93.90029 |    2435.09985 |      36.50000 |      36.00000 | 
     56.81691 |      28.45112 |       0.01760 |       0.00834 |       0.01228 |       1.00000 |       1.00000 |      36.44373 |      35.92056 |    2434.59766 |    2337.58032 |      93.20926 |    2434.27808 |      36.50000 |      36.00000 | 
     57.55803 |      30.70593 |       0.01737 |       0.00834 |       0.01228 |       1.00000 |       1.00000 |      36.44375 |      35.92051 |    2433.80835 |    2337.45532 |      92.54498 |    2433.48901 |      36.50000 |      36.00000 | 
     60.38619 |      82.26390 |       0.01656 |       0.00834 |       0.01228 |       1.00000 |       1.00000 |      36.44376 |      35.92047 |    2433.17383 |    2337.35522 |      92.01045 |    2432.85449 |      36.50000 |      36.00000 | 
     61.98660 |      92.72137 |       0.01613 |       0.00834 |       0.01228 |       1.00000 |       1.00000 |      36.44378 |      35.92042 |    2432.40234 |    2337.23413 |      91.36008 |    2432.08301 |      36.50000 |      36.00000 | 
     56.64230 |      40.71164 |       0.01765 |       0.00834 |       0.01228 |       1.00000 |       1.00000 |      36.44381 |      35.92036 |    2431.38477 |    2337.07544 |      90.50116 |    2431.06519 |      36.50000 |      36.00000 | 
     58.79684 |      88.45644 |       0.01701 |       0.00834 |       0.01228 |       1.00000 |       1.00000 |      36.44382 |      35.92031 |    2430.73608 |    2336.97461 |      89.95340 |    2430.41675 |      36.50000 |      36.00000 | 
     55.97554 |      39.94567 |       0.01786 |       0.00834 |       0.01228 |       1.00000 |       1.00000 |      36.44384 |      35.92027 |    2429.92944 |    2336.85010 |      89.27142 |    2429.61011 |      36.50000 |      36.00000 | 
     59.37800 |      94.10879 |       0.01684 |       0.00834 |       0.01228 |       1.00000 |       1.00000 |      36.44386 |      35.92022 |    2429.32251 |    2336.75635 |      88.75785 |    2429.00293 |      36.50000 |      36.00000 | 
     57.72456 |      26.84564 |       0.01732 |       0.00834 |       0.01228 |       1.00000 |       1.00000 |      36.44387 |      35.92018 |    2428.66357 |    2336.65552 |      88.19993 |    2428.34424 |      36.50000 |      36.00000 | 
     62.58511 |     116.10356 |       0.01598 |       0.00834 |       0.01228 |       1.00000 |       1.00000 |      36.44388 |      35.92015 |    2428.09546 |    2336.56909 |      87.71848 |    2427.77588 |      36.50000 |      36.00000 | 
     57.22322 |      76.98229 |       0.01748 |       0.00834 |       0.01228 |       1.00000 |       1.00000 |      36.44391 |      35.92008 |    2427.04224 |    2336.40894 |      86.82514 |    2426.72266 |      36.50000 |      36.00000 | 
     55.86096 |      28.78858 |       0.01790 |       0.00834 |       0.01228 |       1.00000 |       1.00000 |      36.44392 |      35.92004 |    2426.40649 |    2336.31299 |      86.28532 |    2426.08691 |      36.50000 |      36.00000 | 
     59.15754 |      83.92782 |       0.01690 |       0.00834 |       0.01228 |       1.00000 |       1.00000 |      36.44394 |      35.91999 |    2425.77930 |    2336.21851 |      85.75250 |    2425.45972 |      36.50000 |      36.00000 | 
     56.17571 |      85.07018 |       0.01780 |       0.00834 |       0.01228 |       1.00000 |       1.00000 |      36.44397 |      35.91993 |    2424.80298 |    2336.07275 |      84.92207 |    2424.48340 |      36.50000 |      36.00000 | 
     54.75420 |      26.05320 |       0.01826 |       0.00834 |       0.01228 |       1.00000 |       1.00000 |      36.44398 |      35.91989 |    2424.12500 |    2335.97192 |      84.34489 |    2423.80542 |      36.50000 |      36.00000 | 
     57.53910 |      32.39391 |       0.01738 |       0.00942 |       0.01282 |       1.00000 |       1.00000 |      36.44400 |      35.91984 |    2423.42139 |    2335.86816 |      83.74519 |    2423.10181 |      36.50000 |      36.00000 | 
